Index,User Story ID,User Story,Functional Requirement
1,1,"As a bank customer, I want to be able to view my account balance online, so that I can keep track of my finances.",The system should display the current balance of the customer's account when they log in.
2,1,"As a bank customer, I want to be able to view my account balance online, so that I can keep track of my finances.","The balance displayed should be accurate and up-to-date, reflecting the most recent transactions."
3,1,"As a bank customer, I want to be able to view my account balance online, so that I can keep track of my finances.","The system should only display the balance of the account associated with the customer's login credentials, and not any other accounts."
4,1,"As a bank customer, I want to be able to view my account balance online, so that I can keep track of my finances.",The system should provide a secure login process to ensure the confidentiality and privacy of the customer's account information.
5,2,"As a small business owner with limited resources, I want the banking system to have low fees, be easy to use, provide access to credit, and allow me to manage my business finances efficiently so that I can focus on growing my business.",The banking system should have lower fees compared to other banking systems available in the market.
6,2,"As a small business owner with limited resources, I want the banking system to have low fees, be easy to use, provide access to credit, and allow me to manage my business finances efficiently so that I can focus on growing my business.",The banking system should be easy to use with a user-friendly interface and intuitive navigation.
7,2,"As a small business owner with limited resources, I want the banking system to have low fees, be easy to use, provide access to credit, and allow me to manage my business finances efficiently so that I can focus on growing my business.",The banking system should offer access to credit with flexible repayment terms and interest rates.
8,2,"As a small business owner with limited resources, I want the banking system to have low fees, be easy to use, provide access to credit, and allow me to manage my business finances efficiently so that I can focus on growing my business.","The banking system should allow me to manage my business finances efficiently with features like account balance tracking, transaction history, and budgeting tools."
9,3,"As a new customer, I want the banking system to have a user-friendly interface, offer quick account setup, provide detailed instructions for transactions, and offer customer support so that I can feel confident using the system.",The banking system should have a user-friendly interface that is easy to navigate for new customers with minimal guidance or support required.
10,3,"As a new customer, I want the banking system to have a user-friendly interface, offer quick account setup, provide detailed instructions for transactions, and offer customer support so that I can feel confident using the system.","The account setup process should be quick and straightforward, taking no longer than 15 minutes to complete."
11,3,"As a new customer, I want the banking system to have a user-friendly interface, offer quick account setup, provide detailed instructions for transactions, and offer customer support so that I can feel confident using the system.","The banking system should provide detailed instructions for all types of transactions, including deposits, withdrawals, and transfers, to ensure that new customers feel confident using the system."
12,3,"As a new customer, I want the banking system to have a user-friendly interface, offer quick account setup, provide detailed instructions for transactions, and offer customer support so that I can feel confident using the system.","The banking system should offer customer support through multiple channels, including phone, email, and chat, with fast response times to address any issues or concerns."
13,4,"As a frequent traveler who regularly uses multiple currencies, I want the banking system to offer competitive exchange rates, provide easy-to-use currency conversion tools, allow me to manage multiple accounts in different currencies, and offer international payment options so that I can manage my finances effectively while abroad.",The banking system should offer exchange rates that are competitive and updated in real-time to reflect current market rates.
14,4,"As a frequent traveler who regularly uses multiple currencies, I want the banking system to offer competitive exchange rates, provide easy-to-use currency conversion tools, allow me to manage multiple accounts in different currencies, and offer international payment options so that I can manage my finances effectively while abroad.",The banking system should provide easy-to-use currency conversion tools that allow me to quickly convert between different currencies without having to navigate through multiple screens.
15,4,"As a frequent traveler who regularly uses multiple currencies, I want the banking system to offer competitive exchange rates, provide easy-to-use currency conversion tools, allow me to manage multiple accounts in different currencies, and offer international payment options so that I can manage my finances effectively while abroad.","The banking system should allow me to manage multiple accounts in different currencies, including the ability to view account balances, transaction history, and make transfers between accounts."
16,4,"As a frequent traveler who regularly uses multiple currencies, I want the banking system to offer competitive exchange rates, provide easy-to-use currency conversion tools, allow me to manage multiple accounts in different currencies, and offer international payment options so that I can manage my finances effectively while abroad.","The banking system should offer international payment options, including the ability to make wire transfers and pay bills in foreign currencies, with competitive fees and processing times."
17,5,"As an elderly customer with limited mobility, I want the banking system to have large, easy-to-read fonts and provide clear audio instructions, offer online banking options with large, clear buttons, have wheelchair accessibility in branches, and offer telephone support with customer service representatives who are patient and helpful so that I can manage my finances independently.","The banking system should have large, easy-to-read fonts and provide clear audio instructions for all features and functions, ensuring that elderly customers can easily navigate the system."
18,5,"As an elderly customer with limited mobility, I want the banking system to have large, easy-to-read fonts and provide clear audio instructions, offer online banking options with large, clear buttons, have wheelchair accessibility in branches, and offer telephone support with customer service representatives who are patient and helpful so that I can manage my finances independently.","The online banking options should have large, clear buttons that are easy to find and use, making it simple for elderly customers to manage their finances without assistance."
19,5,"As an elderly customer with limited mobility, I want the banking system to have large, easy-to-read fonts and provide clear audio instructions, offer online banking options with large, clear buttons, have wheelchair accessibility in branches, and offer telephone support with customer service representatives who are patient and helpful so that I can manage my finances independently.","All bank branches should have wheelchair accessibility, including ramps, wide doorways, and elevators, ensuring that elderly customers can easily access all areas of the branch."
20,5,"As an elderly customer with limited mobility, I want the banking system to have large, easy-to-read fonts and provide clear audio instructions, offer online banking options with large, clear buttons, have wheelchair accessibility in branches, and offer telephone support with customer service representatives who are patient and helpful so that I can manage my finances independently.","Telephone support should be available with customer service representatives who are patient, helpful, and trained to assist elderly customers with any questions or issues they may have when using the banking system."
21,6,"As a parent who wants to teach financial literacy to my children, I want the banking system to offer options for children's savings accounts, educational resources about budgeting and saving, parental controls for online banking, and user-friendly tools for monitoring their spending so that my children can learn about money management while using a safe and secure platform.",The banking system should offer savings accounts specifically designed for children with attractive interest rates.
22,6,"As a parent who wants to teach financial literacy to my children, I want the banking system to offer options for children's savings accounts, educational resources about budgeting and saving, parental controls for online banking, and user-friendly tools for monitoring their spending so that my children can learn about money management while using a safe and secure platform.","The educational resources should be easy to access and understand, and cover topics like budgeting, saving, and responsible credit card use."
23,6,"As a parent who wants to teach financial literacy to my children, I want the banking system to offer options for children's savings accounts, educational resources about budgeting and saving, parental controls for online banking, and user-friendly tools for monitoring their spending so that my children can learn about money management while using a safe and secure platform.","Parental controls should allow parents to set spending limits, restrict certain transactions, and receive notifications of account activity."
24,6,"As a parent who wants to teach financial literacy to my children, I want the banking system to offer options for children's savings accounts, educational resources about budgeting and saving, parental controls for online banking, and user-friendly tools for monitoring their spending so that my children can learn about money management while using a safe and secure platform.",The tools for monitoring spending should be user-friendly and include visualizations such as graphs or charts.
25,7,"As a high net worth individual who values privacy, I want the banking system to provide top-level security features like biometric authentication, advanced encryption, strict data protection policies, and a dedicated customer service team that can handle my unique needs so that my financial information is kept safe and secure.","The banking system should have biometric authentication features such as facial recognition or fingerprint scanning, in addition to traditional login methods like passwords."
26,7,"As a high net worth individual who values privacy, I want the banking system to provide top-level security features like biometric authentication, advanced encryption, strict data protection policies, and a dedicated customer service team that can handle my unique needs so that my financial information is kept safe and secure.",The system should use advanced encryption methods to protect customer data from cyber attacks or breaches.
27,7,"As a high net worth individual who values privacy, I want the banking system to provide top-level security features like biometric authentication, advanced encryption, strict data protection policies, and a dedicated customer service team that can handle my unique needs so that my financial information is kept safe and secure.","The banking system should have strict data protection policies in place, such as regular data backups and secure data storage methods."
28,7,"As a high net worth individual who values privacy, I want the banking system to provide top-level security features like biometric authentication, advanced encryption, strict data protection policies, and a dedicated customer service team that can handle my unique needs so that my financial information is kept safe and secure.",The customer service team should have expertise in handling high net worth individuals and be able to provide personalized attention and support as needed.
29,8,"As a freelancer with variable income, I want the banking system to offer flexible account options, customizable notifications about transactions, real-time reporting of my balance, and the ability to categorize my expenses so that I can manage my finances more effectively and have a better understanding of my cash flow.",The banking system should allow the freelancer to choose from a range of account options based on their income fluctuations.
30,8,"As a freelancer with variable income, I want the banking system to offer flexible account options, customizable notifications about transactions, real-time reporting of my balance, and the ability to categorize my expenses so that I can manage my finances more effectively and have a better understanding of my cash flow.","The system should provide customizable notifications that can alert the freelancer about transactions, account balance, and other relevant updates."
31,8,"As a freelancer with variable income, I want the banking system to offer flexible account options, customizable notifications about transactions, real-time reporting of my balance, and the ability to categorize my expenses so that I can manage my finances more effectively and have a better understanding of my cash flow.","The banking system should provide real-time reporting of the freelancer's balance, with the option to view past transactions."
32,8,"As a freelancer with variable income, I want the banking system to offer flexible account options, customizable notifications about transactions, real-time reporting of my balance, and the ability to categorize my expenses so that I can manage my finances more effectively and have a better understanding of my cash flow.","The system should provide the ability to categorize expenses, helping the freelancer to understand where their money is going and making it easier to file taxes."
33,9,"As a young adult who is just starting to build credit, I want the banking system to offer educational resources about credit building, low interest rates on loans, credit cards with easy-to-understand terms, and personalized advice from financial experts so that I can build my credit score and make informed financial decisions.","The banking system provides clear and accessible educational resources on credit building, including information on credit scores, credit reports, and how to improve credit history."
34,9,"As a young adult who is just starting to build credit, I want the banking system to offer educational resources about credit building, low interest rates on loans, credit cards with easy-to-understand terms, and personalized advice from financial experts so that I can build my credit score and make informed financial decisions.","Loan products offered by the banking system have low interest rates and are tailored to the needs of young adults, such as small loan amounts and flexible repayment terms."
35,9,"As a young adult who is just starting to build credit, I want the banking system to offer educational resources about credit building, low interest rates on loans, credit cards with easy-to-understand terms, and personalized advice from financial experts so that I can build my credit score and make informed financial decisions.","Credit cards offered by the banking system have transparent terms and conditions, including information on fees, interest rates, and rewards programs, and are designed to help young adults establish and improve their credit."
36,9,"As a young adult who is just starting to build credit, I want the banking system to offer educational resources about credit building, low interest rates on loans, credit cards with easy-to-understand terms, and personalized advice from financial experts so that I can build my credit score and make informed financial decisions.","The banking system offers personalized advice from financial experts, including guidance on budgeting, debt management, and credit building strategies."
37,10,"As a student with limited income, I want the banking system to have low or no fees, so that I can save money and not be charged unnecessary costs.","The banking system should clearly display all applicable fees and charges, and provide an easy-to-understand breakdown of how they are calculated."
38,10,"As a student with limited income, I want the banking system to have low or no fees, so that I can save money and not be charged unnecessary costs.","The banking system should offer fee waivers or reduced fees for students who meet certain eligibility criteria, such as maintaining a minimum account balance or enrolling in a specific program."
39,10,"As a student with limited income, I want the banking system to have low or no fees, so that I can save money and not be charged unnecessary costs.","The banking system should have no hidden fees, and any changes to fees or charges should be communicated clearly and in advance."
40,10,"As a student with limited income, I want the banking system to have low or no fees, so that I can save money and not be charged unnecessary costs.",The banking system should offer easy-to-use budgeting tools and resources to help students manage their finances effectively and avoid unnecessary fees.
41,11,"As a business owner, I want the banking system to offer efficient and reliable payment processing, so that I can receive and make payments quickly and securely.","The banking system should be able to process payments quickly and efficiently, with minimal downtime or errors."
42,11,"As a business owner, I want the banking system to offer efficient and reliable payment processing, so that I can receive and make payments quickly and securely.","The system should support a variety of payment methods, including credit cards, debit cards, and electronic transfers."
43,11,"As a business owner, I want the banking system to offer efficient and reliable payment processing, so that I can receive and make payments quickly and securely.",The system should provide robust security features to protect against fraud and unauthorized access to sensitive financial data.
44,11,"As a business owner, I want the banking system to offer efficient and reliable payment processing, so that I can receive and make payments quickly and securely.","The system should offer user-friendly tools for managing and tracking payments, including reporting features and alerts for suspicious activity."
45,12,"As a frequent traveller, I want the banking system to have a large network of ATMs and branches in different countries, so that I can easily access my money while abroad.","The banking system should have a large network of ATMs and branches in different countries, easily accessible by the user."
46,12,"As a frequent traveller, I want the banking system to have a large network of ATMs and branches in different countries, so that I can easily access my money while abroad.",The user should be able to check the location of the nearest ATM or branch through the mobile app or website.
47,12,"As a frequent traveller, I want the banking system to have a large network of ATMs and branches in different countries, so that I can easily access my money while abroad.",The system should provide information on any additional fees or charges for using ATMs or branches abroad.
48,12,"As a frequent traveller, I want the banking system to have a large network of ATMs and branches in different countries, so that I can easily access my money while abroad.","The user should be able to make transactions and withdraw cash in the local currency of the country they are visiting, without any inconvenience."
49,13,"As a high net worth individual, I want the banking system to offer exclusive benefits and services, such as personalized investment advice and premium credit cards, so that I can make the most of my financial resources.",The banking system should offer personalized investment advice that is tailored to the customer's financial goals and risk tolerance.
50,13,"As a high net worth individual, I want the banking system to offer exclusive benefits and services, such as personalized investment advice and premium credit cards, so that I can make the most of my financial resources.",The banking system should offer premium credit cards with exclusive benefits and rewards.
51,13,"As a high net worth individual, I want the banking system to offer exclusive benefits and services, such as personalized investment advice and premium credit cards, so that I can make the most of my financial resources.",The banking system should have a dedicated customer service team that is trained to handle the unique needs of high net worth individuals.
52,13,"As a high net worth individual, I want the banking system to offer exclusive benefits and services, such as personalized investment advice and premium credit cards, so that I can make the most of my financial resources.",The banking system should provide regular updates on the performance of the customer's investments and financial portfolio.
53,14,"As a privacy-conscious user, I want the banking system to have strong data protection policies and to not share my personal information with third parties, so that my privacy is respected and my financial data is kept secure.",The banking system should clearly outline its data protection policies and procedures for handling personal and financial information.
54,14,"As a privacy-conscious user, I want the banking system to have strong data protection policies and to not share my personal information with third parties, so that my privacy is respected and my financial data is kept secure.",The system should not share user data with any third-party entities without explicit consent from the user.
55,14,"As a privacy-conscious user, I want the banking system to have strong data protection policies and to not share my personal information with third parties, so that my privacy is respected and my financial data is kept secure.",The system should have strong encryption protocols to protect user data from unauthorized access.
56,14,"As a privacy-conscious user, I want the banking system to have strong data protection policies and to not share my personal information with third parties, so that my privacy is respected and my financial data is kept secure.",The system should regularly update its security measures to protect against emerging threats and vulnerabilities.
57,15,"As a busy professional, I want the banking system to offer convenient online and mobile banking options, so that I can manage my finances on-the-go and save time.",The online and mobile banking interfaces should be easy to navigate and user-friendly.
58,15,"As a busy professional, I want the banking system to offer convenient online and mobile banking options, so that I can manage my finances on-the-go and save time.",Transactions should be processed quickly and accurately through online and mobile banking.
59,15,"As a busy professional, I want the banking system to offer convenient online and mobile banking options, so that I can manage my finances on-the-go and save time.",The mobile app should have push notifications for account activity and updates.
60,15,"As a busy professional, I want the banking system to offer convenient online and mobile banking options, so that I can manage my finances on-the-go and save time.",The online and mobile banking platforms should be available 24/7 for maximum convenience.
61,16,"As a retired person, I want the banking system to offer user-friendly interfaces and clear communication, so that I can easily understand my financial statements and transactions.","The banking system provides clear and concise information about account balances, transactions, and fees in easy-to-understand language."
62,16,"As a retired person, I want the banking system to offer user-friendly interfaces and clear communication, so that I can easily understand my financial statements and transactions.","The system has a user-friendly interface that is easy to navigate and understand, with clearly labeled buttons and icons."
63,16,"As a retired person, I want the banking system to offer user-friendly interfaces and clear communication, so that I can easily understand my financial statements and transactions.","The system offers personalized support from customer service representatives who are patient and helpful, and can assist with any questions or issues."
64,16,"As a retired person, I want the banking system to offer user-friendly interfaces and clear communication, so that I can easily understand my financial statements and transactions.","The system allows for easy access to financial planning and retirement savings tools, including retirement account options and investment advice."
65,17,"As a senior citizen living on a fixed income, I want the banking system to offer low fees, easy-to-understand terms and conditions, user-friendly online banking options, and friendly customer service representatives who can answer my questions and provide assistance when needed so that I can manage my finances confidently.","The banking system must offer low fees for basic transactions such as withdrawals, transfers, and bill payments."
66,17,"As a senior citizen living on a fixed income, I want the banking system to offer low fees, easy-to-understand terms and conditions, user-friendly online banking options, and friendly customer service representatives who can answer my questions and provide assistance when needed so that I can manage my finances confidently.","The terms and conditions of the banking system must be written in clear and concise language, without using complex financial jargon."
67,17,"As a senior citizen living on a fixed income, I want the banking system to offer low fees, easy-to-understand terms and conditions, user-friendly online banking options, and friendly customer service representatives who can answer my questions and provide assistance when needed so that I can manage my finances confidently.","The online banking platform should have a simple and user-friendly interface that is easy to navigate, with large fonts and clear instructions."
68,17,"As a senior citizen living on a fixed income, I want the banking system to offer low fees, easy-to-understand terms and conditions, user-friendly online banking options, and friendly customer service representatives who can answer my questions and provide assistance when needed so that I can manage my finances confidently.","Customer service representatives should be patient and friendly, with the ability to answer questions and provide assistance in a clear and concise manner."
69,18,"As a busy professional who values time and convenience, I want the banking system to offer a mobile app with a user-friendly interface, real-time notifications for transactions and account balances, easy-to-use bill payment options, and the ability to deposit checks using my smartphone so that I can manage my finances on-the-go.",The mobile app should have a simple and intuitive interface with clear navigation and easily accessible features.
70,18,"As a busy professional who values time and convenience, I want the banking system to offer a mobile app with a user-friendly interface, real-time notifications for transactions and account balances, easy-to-use bill payment options, and the ability to deposit checks using my smartphone so that I can manage my finances on-the-go.",Real-time notifications for transactions and account balances should be provided to keep the user informed.
71,18,"As a busy professional who values time and convenience, I want the banking system to offer a mobile app with a user-friendly interface, real-time notifications for transactions and account balances, easy-to-use bill payment options, and the ability to deposit checks using my smartphone so that I can manage my finances on-the-go.",Bill payment options should be easy to use with the ability to set up recurring payments if needed.
72,18,"As a busy professional who values time and convenience, I want the banking system to offer a mobile app with a user-friendly interface, real-time notifications for transactions and account balances, easy-to-use bill payment options, and the ability to deposit checks using my smartphone so that I can manage my finances on-the-go.",The mobile app should have a feature that allows users to deposit checks using their smartphones for added convenience.
73,19,"As a small business owner who values transparency, I want the banking system to provide detailed reports on transaction history, offer customizable alerts for transactions, provide secure access to multiple users with different levels of authorization, and offer options for exporting data to accounting software so that I can keep track of my finances easily and accurately.","The banking system should provide detailed transaction history reports with the ability to filter by date, type, and amount."
74,19,"As a small business owner who values transparency, I want the banking system to provide detailed reports on transaction history, offer customizable alerts for transactions, provide secure access to multiple users with different levels of authorization, and offer options for exporting data to accounting software so that I can keep track of my finances easily and accurately.",The banking system should allow customizable alerts for important transactions such as large payments or low balances.
75,19,"As a small business owner who values transparency, I want the banking system to provide detailed reports on transaction history, offer customizable alerts for transactions, provide secure access to multiple users with different levels of authorization, and offer options for exporting data to accounting software so that I can keep track of my finances easily and accurately.",The banking system should offer multiple user access with different levels of authorization for enhanced security.
76,19,"As a small business owner who values transparency, I want the banking system to provide detailed reports on transaction history, offer customizable alerts for transactions, provide secure access to multiple users with different levels of authorization, and offer options for exporting data to accounting software so that I can keep track of my finances easily and accurately.",The banking system should provide the ability to export data to popular accounting software such as Quickbooks or Xero.
77,20,"As a socially conscious individual who wants to support environmentally friendly practices, I want the banking system to offer paperless statements and receipts, partner with eco-friendly organizations, offer credit cards that donate a portion of the profits to environmental causes, and provide educational resources about sustainable finance so that I can align my financial decisions with my values.","The banking system offers a paperless option for statements and receipts, reducing paper waste and supporting environmentally friendly practices."
78,20,"As a socially conscious individual who wants to support environmentally friendly practices, I want the banking system to offer paperless statements and receipts, partner with eco-friendly organizations, offer credit cards that donate a portion of the profits to environmental causes, and provide educational resources about sustainable finance so that I can align my financial decisions with my values.","The banking system partners with eco-friendly organizations, such as those that work on conservation, sustainable energy, or reducing carbon emissions, to support these causes and make a positive impact on the environment."
79,20,"As a socially conscious individual who wants to support environmentally friendly practices, I want the banking system to offer paperless statements and receipts, partner with eco-friendly organizations, offer credit cards that donate a portion of the profits to environmental causes, and provide educational resources about sustainable finance so that I can align my financial decisions with my values.","The banking system offers credit cards that donate a portion of the profits to environmental causes, allowing users to support these causes with their everyday spending."
80,20,"As a socially conscious individual who wants to support environmentally friendly practices, I want the banking system to offer paperless statements and receipts, partner with eco-friendly organizations, offer credit cards that donate a portion of the profits to environmental causes, and provide educational resources about sustainable finance so that I can align my financial decisions with my values.","The banking system provides educational resources about sustainable finance, such as tips for reducing energy usage or investing in environmentally responsible companies, to help users align their financial decisions with their values and make a positive impact on the environment."
81,21,"As a teacher, I want to be able to create and share lesson plans with my colleagues, so that we can collaborate and improve our teaching practices.","The platform should allow for easy creation of lesson plans, with templates available to streamline the process."
82,21,"As a teacher, I want to be able to create and share lesson plans with my colleagues, so that we can collaborate and improve our teaching practices.","The platform should have a feature to easily share lesson plans with colleagues, with the ability to restrict access to certain users or groups."
83,21,"As a teacher, I want to be able to create and share lesson plans with my colleagues, so that we can collaborate and improve our teaching practices.","The platform should allow for collaboration on lesson plans, with features such as commenting and editing permissions."
84,21,"As a teacher, I want to be able to create and share lesson plans with my colleagues, so that we can collaborate and improve our teaching practices.","The platform should provide resources and tools for teachers to improve their lesson plans, such as sample lesson plans, instructional videos, and best practices guides."
85,22,"As a student, I want to be able to submit assignments online, so that I can easily track my progress and receive feedback from my teachers.","The platform should support various file formats, such as PDFs, Word documents, and images, for assignment submission."
86,22,"As a student, I want to be able to submit assignments online, so that I can easily track my progress and receive feedback from my teachers.",The platform should have a clear and user-friendly interface for assignment submission and tracking.
87,22,"As a student, I want to be able to submit assignments online, so that I can easily track my progress and receive feedback from my teachers.","Teachers should receive notifications when students submit assignments, and they should be able to provide feedback and grades online."
88,22,"As a student, I want to be able to submit assignments online, so that I can easily track my progress and receive feedback from my teachers.",The platform should have a secure system to prevent plagiarism and protect student information.
89,23,"As a parent, I want to be able to view my child's academic progress in real-time, so that I can stay informed and support their learning at home.","The online platform should provide real-time updates on the student's academic progress, including grades, attendance, and any teacher comments."
90,23,"As a parent, I want to be able to view my child's academic progress in real-time, so that I can stay informed and support their learning at home.",The platform should be user-friendly and accessible to parents with varying levels of technical proficiency.
91,23,"As a parent, I want to be able to view my child's academic progress in real-time, so that I can stay informed and support their learning at home.",The platform should offer the ability to communicate with teachers and school administrators through messaging or email.
92,23,"As a parent, I want to be able to view my child's academic progress in real-time, so that I can stay informed and support their learning at home.","The platform should maintain the privacy and security of student information, such as grades and attendance records."
93,24,"As an administrator, I want to be able to generate reports on student performance and attendance, so that I can identify areas for improvement and make data-driven decisions.",The system must allow administrators to generate reports on student performance and attendance.
94,24,"As an administrator, I want to be able to generate reports on student performance and attendance, so that I can identify areas for improvement and make data-driven decisions.",The reports must be accurate and up-to-date.
95,24,"As an administrator, I want to be able to generate reports on student performance and attendance, so that I can identify areas for improvement and make data-driven decisions.",The reports must be easy to understand and present data in a clear manner.
96,24,"As an administrator, I want to be able to generate reports on student performance and attendance, so that I can identify areas for improvement and make data-driven decisions.","The system must allow administrators to filter and customize reports based on specific criteria, such as grade level, subject, or time period."
97,25,"As a teacher, I want to be able to easily communicate with parents and guardians, so that we can work together to support student success.",The platform must provide a secure and reliable messaging system for teachers to communicate with parents.
98,25,"As a teacher, I want to be able to easily communicate with parents and guardians, so that we can work together to support student success.",The platform should offer the option to share student progress reports and other relevant information with parents.
99,25,"As a teacher, I want to be able to easily communicate with parents and guardians, so that we can work together to support student success.",The platform should have user-friendly interfaces for both teachers and parents to easily navigate and access information.
100,25,"As a teacher, I want to be able to easily communicate with parents and guardians, so that we can work together to support student success.",The platform should offer the option to schedule parent-teacher conferences and other meetings through the platform for convenience.
101,26,"As a student athlete, I want to be able to view my game schedule and practice times online, so that I can plan my schedule and balance my athletic and academic responsibilities.",The game schedule and practice times should be accessible and easily visible on the student-athlete's online portal.
102,26,"As a student athlete, I want to be able to view my game schedule and practice times online, so that I can plan my schedule and balance my athletic and academic responsibilities.",The portal should be updated in real-time with any changes to the schedule or practice times.
103,26,"As a student athlete, I want to be able to view my game schedule and practice times online, so that I can plan my schedule and balance my athletic and academic responsibilities.",The portal should be user-friendly and accessible on both desktop and mobile devices.
104,26,"As a student athlete, I want to be able to view my game schedule and practice times online, so that I can plan my schedule and balance my athletic and academic responsibilities.",The portal should also allow for the student-athlete to communicate with coaches and teammates about scheduling conflicts or changes.
105,27,"As a parent, I want to be able to receive automatic notifications when my child's grades or attendance change, so that I can stay informed and take action if necessary.",The system should allow parents to sign up for automatic notifications regarding their child's grades and attendance.
106,27,"As a parent, I want to be able to receive automatic notifications when my child's grades or attendance change, so that I can stay informed and take action if necessary.",The notifications should be sent in real-time when there is a change in the child's grades or attendance.
107,27,"As a parent, I want to be able to receive automatic notifications when my child's grades or attendance change, so that I can stay informed and take action if necessary.","The notifications should include specific details about the change, such as the new grade or the reason for the absence."
108,27,"As a parent, I want to be able to receive automatic notifications when my child's grades or attendance change, so that I can stay informed and take action if necessary.",The system should provide a clear and easy-to-use interface for parents to view their child's grades and attendance history.
109,28,"As a student, I want to be able to access resources for mental health and well-being, such as counselling services or mindfulness activities, so that I can manage stress and feel supported in my academic journey.",The platform should have a dedicated section for mental health and well-being resources.
110,28,"As a student, I want to be able to access resources for mental health and well-being, such as counselling services or mindfulness activities, so that I can manage stress and feel supported in my academic journey.","The mental health resources provided should be varied and cater to different needs, such as counselling services, support groups, and mindfulness activities."
111,28,"As a student, I want to be able to access resources for mental health and well-being, such as counselling services or mindfulness activities, so that I can manage stress and feel supported in my academic journey.",The platform should provide clear instructions on how to access these resources and how to seek help if needed.
112,28,"As a student, I want to be able to access resources for mental health and well-being, such as counselling services or mindfulness activities, so that I can manage stress and feel supported in my academic journey.",The platform should respect the privacy and confidentiality of students seeking mental health support and provide options for anonymous or confidential communication with mental health professionals.
113,29,"As a teacher, I want to be able to easily track and report on student participation in class discussions and group activities, so that I can assess their engagement and understanding.",The system should allow teachers to create discussion forums and group activities easily.
114,29,"As a teacher, I want to be able to easily track and report on student participation in class discussions and group activities, so that I can assess their engagement and understanding.",The system should track the number of times each student participates in discussions and group activities.
115,29,"As a teacher, I want to be able to easily track and report on student participation in class discussions and group activities, so that I can assess their engagement and understanding.","The system should generate reports on student participation in discussions and group activities, including the number of times they participated and the quality of their contributions."
116,29,"As a teacher, I want to be able to easily track and report on student participation in class discussions and group activities, so that I can assess their engagement and understanding.","The system should allow teachers to provide feedback on student participation in discussions and group activities, including areas for improvement and strengths."
117,30,"As a student, I want to be able to access a virtual reality lab that allows me to explore scientific concepts and phenomena in a more immersive and interactive way.","The virtual reality lab should be easily accessible and compatible with commonly used VR devices, such as Oculus Rift, HTC Vive, or Google Cardboard."
118,30,"As a student, I want to be able to access a virtual reality lab that allows me to explore scientific concepts and phenomena in a more immersive and interactive way.","The lab should provide a variety of simulations and experiments that cover a range of scientific disciplines, such as physics, chemistry, and biology."
119,30,"As a student, I want to be able to access a virtual reality lab that allows me to explore scientific concepts and phenomena in a more immersive and interactive way.","The lab should offer interactive and hands-on activities that allow students to manipulate objects, conduct experiments, and observe phenomena in a realistic 3D environment."
120,30,"As a student, I want to be able to access a virtual reality lab that allows me to explore scientific concepts and phenomena in a more immersive and interactive way.","The lab should be supported by instructional materials, such as lesson plans, guides, and assessments, that are aligned with educational standards and provide clear learning objectives."
121,31,"As a parent, I want to be able to easily view and track my child's nutrition and meal choices in the school cafeteria, so that I can ensure they are making healthy choices.",The virtual reality lab should provide a diverse range of interactive and immersive experiences related to scientific concepts and phenomena.
122,31,"As a parent, I want to be able to easily view and track my child's nutrition and meal choices in the school cafeteria, so that I can ensure they are making healthy choices.","The virtual reality lab should be accessible to all students, regardless of physical ability or location."
123,31,"As a parent, I want to be able to easily view and track my child's nutrition and meal choices in the school cafeteria, so that I can ensure they are making healthy choices.",The virtual reality lab should have a user-friendly interface that is easy for students to navigate and interact with.
124,31,"As a parent, I want to be able to easily view and track my child's nutrition and meal choices in the school cafeteria, so that I can ensure they are making healthy choices.",The virtual reality lab should provide accurate and reliable information that is consistent with established scientific principles and theories.
125,32,"As an administrator, I want to be able to implement an AI-powered Chabot that can answer common student questions and provide support, so that we can improve access to information and reduce administrative workload.",The AI-powered chatbot should be able to handle a wide range of common student queries and provide accurate and helpful responses.
126,32,"As an administrator, I want to be able to implement an AI-powered Chabot that can answer common student questions and provide support, so that we can improve access to information and reduce administrative workload.",The chatbot should be available 24/7 to ensure that students have access to information and support outside of regular office hours.
127,32,"As an administrator, I want to be able to implement an AI-powered Chabot that can answer common student questions and provide support, so that we can improve access to information and reduce administrative workload.",The chatbot should be easy to use and integrate seamlessly with the school's website or communication platform.
128,32,"As an administrator, I want to be able to implement an AI-powered Chabot that can answer common student questions and provide support, so that we can improve access to information and reduce administrative workload.","The chatbot's performance should be regularly monitored and evaluated for effectiveness and accuracy, with necessary updates or impro"
129,33,"As a teacher, I want to be able to create and share interactive simulations that allow students to experiment with real-world scenarios and develop problem-solving skills.",The platform should allow teachers to easily create and customize simulations.
130,33,"As a teacher, I want to be able to create and share interactive simulations that allow students to experiment with real-world scenarios and develop problem-solving skills.",The simulations should accurately reflect real-world scenarios and allow for multiple possible outcomes based on student actions.
131,33,"As a teacher, I want to be able to create and share interactive simulations that allow students to experiment with real-world scenarios and develop problem-solving skills.",Students should be able to interact with the simulations in a user-friendly and intuitive way.
132,33,"As a teacher, I want to be able to create and share interactive simulations that allow students to experiment with real-world scenarios and develop problem-solving skills.",The simulations should provide opportunities for students to apply and develop problem-solving skills.
133,34,"As a parent, I want to be able to view real-time updates on my child's school bus location and estimated arrival time, so that I can plan for pick-up and drop-off.",The real-time location of the school bus should be accurate and updated frequently.
134,34,"As a parent, I want to be able to view real-time updates on my child's school bus location and estimated arrival time, so that I can plan for pick-up and drop-off.",The estimated arrival time should be provided based on the real-time location of the school bus and traffic conditions.
135,34,"As a parent, I want to be able to view real-time updates on my child's school bus location and estimated arrival time, so that I can plan for pick-up and drop-off.",The system should send notifications to parents when the school bus is delayed or changes its route.
136,34,"As a parent, I want to be able to view real-time updates on my child's school bus location and estimated arrival time, so that I can plan for pick-up and drop-off.",The system should be easily accessible on mobile devices and have user-friendly interface for parents to use.
137,35,"As an administrator, I want to be able to analyse data on student engagement and satisfaction, so that we can identify areas for improvement and make data-driven decisions.",The system should be able to collect data on student engagement and satisfaction in real-time.
138,35,"As an administrator, I want to be able to analyse data on student engagement and satisfaction, so that we can identify areas for improvement and make data-driven decisions.",The data collected should be organised in a meaningful way that enables administrators to easily analyse it.
139,35,"As an administrator, I want to be able to analyse data on student engagement and satisfaction, so that we can identify areas for improvement and make data-driven decisions.",The system should be able to generate reports that provide insights into student engagement and satisfaction.
140,35,"As an administrator, I want to be able to analyse data on student engagement and satisfaction, so that we can identify areas for improvement and make data-driven decisions.","The system should allow for comparisons across different groups of students, such as by grade level or program of study"
141,36,"As a student, I want to be able to participate in a student-led media production program that allows me to create and share videos, podcasts, and other media content.",The media production program should be easily accessible to all students.
142,36,"As a student, I want to be able to participate in a student-led media production program that allows me to create and share videos, podcasts, and other media content.",The program should provide resources and training to students to help them create quality media content.
143,36,"As a student, I want to be able to participate in a student-led media production program that allows me to create and share videos, podcasts, and other media content.",The program should have a platform or channel for sharing the content with the wider school community.
144,36,"As a student, I want to be able to participate in a student-led media production program that allows me to create and share videos, podcasts, and other media content.",The program should provide opportunities for students to collaborate and work together on media projects.
145,37,"As a teacher, I want to be able to easily track and report on student attendance and punctuality, so that we can ensure students are meeting their academic requirements and identify potential attendance issues.",The system should allow the teacher to mark attendance for each student in real-time.
146,37,"As a teacher, I want to be able to easily track and report on student attendance and punctuality, so that we can ensure students are meeting their academic requirements and identify potential attendance issues.",The system should provide a way for the teacher to view attendance reports for individual students as well as the entire class.
147,37,"As a teacher, I want to be able to easily track and report on student attendance and punctuality, so that we can ensure students are meeting their academic requirements and identify potential attendance issues.",The system should generate automatic alerts to the teacher and relevant administrators when a student has excessive absences or tardiness.
148,37,"As a teacher, I want to be able to easily track and report on student attendance and punctuality, so that we can ensure students are meeting their academic requirements and identify potential attendance issues.","The system should provide an easy way for students to submit explanations for absences or tardiness, which can be reviewed and approved by the teacher."
149,38,"As a librarian, I want to be able to easily catalogue and classify new books and materials as they are added to the library's collection, so that I can ensure accurate and efficient organization.","The system should allow the librarian to input all relevant information about new books and materials, including author, title, publisher, publication date, ISBN, and any other necessary details."
150,38,"As a librarian, I want to be able to easily catalogue and classify new books and materials as they are added to the library's collection, so that I can ensure accurate and efficient organization.",The system should provide the librarian with the ability to classify and categorize books and materials according to the library's established organizational system.
151,38,"As a librarian, I want to be able to easily catalogue and classify new books and materials as they are added to the library's collection, so that I can ensure accurate and efficient organization.","The system should be able to generate reports on the library's collection, including the number of items in each category and their circulation history."
152,38,"As a librarian, I want to be able to easily catalogue and classify new books and materials as they are added to the library's collection, so that I can ensure accurate and efficient organization.","The system should be user-friendly and intuitive, allowing the librarian to quickly and easily add new items to the collection and update existing records."
153,39,"As a library member, I want to be able to browse and access digital resources, such as e-books, audiobooks, and online databases, so that I can have access to a wide variety of resources.",The library's digital resources are easily accessible through the library's website or mobile app.
154,39,"As a library member, I want to be able to browse and access digital resources, such as e-books, audiobooks, and online databases, so that I can have access to a wide variety of resources.","Users can search and browse the digital resources by category, keyword, author, or title."
155,39,"As a library member, I want to be able to browse and access digital resources, such as e-books, audiobooks, and online databases, so that I can have access to a wide variety of resources.",Users can borrow digital resources online and download them to their preferred device for offline access.
156,39,"As a library member, I want to be able to browse and access digital resources, such as e-books, audiobooks, and online databases, so that I can have access to a wide variety of resources.","The library's digital resources are compatible with a variety of devices and platforms, including e-readers, tablets, smartphones, and desktop computers."
157,40,"As a librarian, I want to be able to view and analyse data on library usage and circulation, so that I can identify areas for improvement and make data-driven decisions.",The system should be able to track the number of times a book or material is borrowed by a user and display the data in a report.
158,40,"As a librarian, I want to be able to view and analyse data on library usage and circulation, so that I can identify areas for improvement and make data-driven decisions.","The system should allow librarians to filter the data by date range, material type, and user demographics."
159,40,"As a librarian, I want to be able to view and analyse data on library usage and circulation, so that I can identify areas for improvement and make data-driven decisions.",The system should provide insights on which materials are popular and which ones need to be promoted more.
160,40,"As a librarian, I want to be able to view and analyse data on library usage and circulation, so that I can identify areas for improvement and make data-driven decisions.",The system should be user-friendly and accessible to non-technical staff.
161,41,"As a library member, I want to be able to reserve study rooms and group study areas online, so that I can easily schedule time and space to work with others.","The library's online reservation system should clearly display the availability of study rooms and group study areas, including the date, time, and location of each reservation option."
162,41,"As a library member, I want to be able to reserve study rooms and group study areas online, so that I can easily schedule time and space to work with others.","The reservation system should allow library members to select their preferred study room or group study area, as well as the desired date and time of their reservation."
163,41,"As a library member, I want to be able to reserve study rooms and group study areas online, so that I can easily schedule time and space to work with others.","Users should receive a confirmation email or other notification upon successfully reserving a study room or group study area, including the relevant details of the reservation."
164,41,"As a library member, I want to be able to reserve study rooms and group study areas online, so that I can easily schedule time and space to work with others.","The reservation system should allow users to easily modify or cancel their reservations, with appropriate notifications sent to affected parties (such as other users who may have booked the same space)."
165,42,"As a library member, I want to be able to access online tutorials and resources that can help me develop my research and information literacy skills.","The online tutorials and resources should cover a wide range of research and information literacy skills, including but not limited to information searching, citation, and evaluation of sources."
166,42,"As a library member, I want to be able to access online tutorials and resources that can help me develop my research and information literacy skills.","The online tutorials and resources should be easy to navigate and access, with clear instructions and guidance provided."
167,42,"As a library member, I want to be able to access online tutorials and resources that can help me develop my research and information literacy skills.","The online tutorials and resources should be up-to-date and relevant, reflecting the latest trends and best practices in research and information literacy."
168,42,"As a library member, I want to be able to access online tutorials and resources that can help me develop my research and information literacy skills.",The online tutorials and resources should be available to library members for free and accessible remotely from any device with internet access.
169,43,"As a librarian, I want to be able to easily update and share information about library hours, events, and resources, so that we can effectively communicate with our members.","The librarian should be able to update library hours, events, and resources easily from a centralized location."
170,43,"As a librarian, I want to be able to easily update and share information about library hours, events, and resources, so that we can effectively communicate with our members.",The updated information should be visible to all library members through the library website or any other communication channel.
171,43,"As a librarian, I want to be able to easily update and share information about library hours, events, and resources, so that we can effectively communicate with our members.","The updated information should be clear and concise, with all relevant details included, such as date, time, and location."
172,43,"As a librarian, I want to be able to easily update and share information about library hours, events, and resources, so that we can effectively communicate with our members.","The library members should be able to access the updated information quickly and easily, without encountering any technical issues or difficulties."
173,44,"As a librarian, I want to be able to easily manage and track library equipment, such as laptops, projectors, and other technology, so that we can ensure efficient and effective use of resources.","The library equipment inventory system should allow librarians to easily input information on new equipment, including make, model, and purchase date."
174,44,"As a librarian, I want to be able to easily manage and track library equipment, such as laptops, projectors, and other technology, so that we can ensure efficient and effective use of resources.","The system should provide an up-to-date record of all checked-out equipment, including the name of the borrower, the date checked out, and the due date."
175,44,"As a librarian, I want to be able to easily manage and track library equipment, such as laptops, projectors, and other technology, so that we can ensure efficient and effective use of resources.","The system should generate automatic reminders to borrowers when equipment is due for return, and send notifications to librarians when equipment is overdue or damaged."
176,44,"As a librarian, I want to be able to easily manage and track library equipment, such as laptops, projectors, and other technology, so that we can ensure efficient and effective use of resources.","The system should be accessible to librarians from any location, with the ability to update and track equipment information remotely."
177,45,"As a librarian, I want to be able to offer and manage online tutoring and homework help services, so that we can support student learning and academic achievement.",The online tutoring and homework help services should be easily accessible from the library's website or online portal.
178,45,"As a librarian, I want to be able to offer and manage online tutoring and homework help services, so that we can support student learning and academic achievement.",The service should be available to all library members free of charge.
179,45,"As a librarian, I want to be able to offer and manage online tutoring and homework help services, so that we can support student learning and academic achievement.",The service should offer support for a variety of subjects and grade levels.
180,45,"As a librarian, I want to be able to offer and manage online tutoring and homework help services, so that we can support student learning and academic achievement.",The service should have qualified tutors who are trained to provide effective online tutoring and homework help services.
181,46,"As a library member, I want to be able to easily request and access materials in alternative formats, such as large print or braille, so that I can access library resources regardless of my abilities.",Library members can make requests for materials in alternative formats through an online form or in person at the library.
182,46,"As a library member, I want to be able to easily request and access materials in alternative formats, such as large print or braille, so that I can access library resources regardless of my abilities.",Library staff will notify the member when the requested material is available in the requested format.
183,46,"As a library member, I want to be able to easily request and access materials in alternative formats, such as large print or braille, so that I can access library resources regardless of my abilities.",The library will ensure that materials in alternative formats are accessible and meet the needs of the member requesting them.
184,46,"As a library member, I want to be able to easily request and access materials in alternative formats, such as large print or braille, so that I can access library resources regardless of my abilities.",The library will make efforts to acquire materials in alternative formats when requested and available.
185,47,"As a librarian, I want to be able to offer and manage technology training and support services, so that we can promote digital literacy and support technology access.",The library should have a schedule of technology training sessions and workshops available on the library's website or accessible through library staff.
186,47,"As a librarian, I want to be able to offer and manage technology training and support services, so that we can promote digital literacy and support technology access.",The library staff should be able to provide one-on-one technology support and training for library members upon request.
187,47,"As a librarian, I want to be able to offer and manage technology training and support services, so that we can promote digital literacy and support technology access.","The library should have resources, such as online tutorials or handouts, available for library members to use on their own."
188,47,"As a librarian, I want to be able to offer and manage technology training and support services, so that we can promote digital literacy and support technology access.",The library should regularly assess the technology training and support services offered to ensure they are meeting the needs of library members and making a positive impact on digital literacy.
189,48,"As a supermarket manager, I want to be able to easily manage inventory levels and receive alerts when stock runs low, so that I can ensure that we always have the products our customers need.",The system must be able to track inventory levels for all products in the supermarket.
190,48,"As a supermarket manager, I want to be able to easily manage inventory levels and receive alerts when stock runs low, so that I can ensure that we always have the products our customers need.","When inventory levels for a product reach a predefined threshold, the system must send an alert to the supermarket manager."
191,48,"As a supermarket manager, I want to be able to easily manage inventory levels and receive alerts when stock runs low, so that I can ensure that we always have the products our customers need.",The system must allow the supermarket manager to view inventory levels and generate reports on stock levels and trends.
192,48,"As a supermarket manager, I want to be able to easily manage inventory levels and receive alerts when stock runs low, so that I can ensure that we always have the products our customers need.",The system must allow the supermarket manager to place orders for products to replenish stock levels when necessary.
193,49,"As a cashier, I want to be able to quickly scan and process purchases, so that I can provide fast and efficient service to customers.",The point-of-sale system should be able to quickly scan items and accurately read barcodes without any errors or delays.
194,49,"As a cashier, I want to be able to quickly scan and process purchases, so that I can provide fast and efficient service to customers.","The system should be able to process a variety of payment methods, such as credit cards, debit cards, and cash."
195,49,"As a cashier, I want to be able to quickly scan and process purchases, so that I can provide fast and efficient service to customers.",The system should display the correct prices for items and automatically calculate taxes and discounts.
196,49,"As a cashier, I want to be able to quickly scan and process purchases, so that I can provide fast and efficient service to customers.",The cashier should be able to easily void or adjust transactions in case of mistakes or customer requests.
197,50,"As a supermarket manager, I want to be able to view and analyze data on sales and customer trends, so that I can make data-driven decisions about promotions, discounts, and product offerings.",The system must be able to generate detailed reports on sales and customer trends.
198,50,"As a supermarket manager, I want to be able to view and analyze data on sales and customer trends, so that I can make data-driven decisions about promotions, discounts, and product offerings.",The system must provide real-time sales data to managers.
199,50,"As a supermarket manager, I want to be able to view and analyze data on sales and customer trends, so that I can make data-driven decisions about promotions, discounts, and product offerings.",The system must be able to segment sales data by product category and customer demographics.
200,50,"As a supermarket manager, I want to be able to view and analyze data on sales and customer trends, so that I can make data-driven decisions about promotions, discounts, and product offerings.",The system must have user-friendly data visualization tools to help managers interpret and analyze sales data.
201,51,"As a supermarket manager, I want to be able to easily manage supplier relationships and order products from vendors, so that I can maintain product availability and manage costs.","The system allows supermarket managers to view and manage supplier information, including contact information, delivery schedules, and product availability."
202,51,"As a supermarket manager, I want to be able to easily manage supplier relationships and order products from vendors, so that I can maintain product availability and manage costs.","The system enables supermarket managers to place orders directly with suppliers, with options to specify delivery dates and quantities."
203,51,"As a supermarket manager, I want to be able to easily manage supplier relationships and order products from vendors, so that I can maintain product availability and manage costs.","The system provides real-time updates on the status of orders, including expected delivery dates and any delays or issues."
204,51,"As a supermarket manager, I want to be able to easily manage supplier relationships and order products from vendors, so that I can maintain product availability and manage costs.","The system generates reports on supplier performance, including delivery times, order accuracy, and product quality, to help managers make informed decisions about which suppliers to use."
205,52,"As a customer, I want to be able to easily view and compare prices of products, so that I can make informed decisions about where to buy.",Prices of products are clearly displayed on shelves or on digital signage throughout the store.
206,52,"As a customer, I want to be able to easily view and compare prices of products, so that I can make informed decisions about where to buy.",The supermarket's website or mobile app allows customers to search for and compare prices of products.
207,52,"As a customer, I want to be able to easily view and compare prices of products, so that I can make informed decisions about where to buy.",Price tags are accurate and up-to-date.
208,52,"As a customer, I want to be able to easily view and compare prices of products, so that I can make informed decisions about where to buy.",Price matching policies are clearly communicated to customers.
209,53,"As a supermarket manager, I want to be able to manage and track the store's revenue and expenses, so that I can ensure financial stability and growth.",The system should be able to accurately record all revenue generated from sales at the supermarket.
210,53,"As a supermarket manager, I want to be able to manage and track the store's revenue and expenses, so that I can ensure financial stability and growth.","The system should provide real-time tracking of expenses incurred by the supermarket, including inventory, labor, and other costs."
211,53,"As a supermarket manager, I want to be able to manage and track the store's revenue and expenses, so that I can ensure financial stability and growth.","The system should be able to generate financial reports, including income statements and balance sheets, to provide an overview of the supermarket's financial performance."
212,53,"As a supermarket manager, I want to be able to manage and track the store's revenue and expenses, so that I can ensure financial stability and growth.",The system should be secure and only accessible by authorized personnel to ensure the integrity of financial data.
213,54,"As a customer, I want to be able to easily locate and access customer service representatives, so that I can have my questions and concerns addressed.",The customer service representatives are clearly visible and identifiable within the store.
214,54,"As a customer, I want to be able to easily locate and access customer service representatives, so that I can have my questions and concerns addressed.",There is a designated customer service desk or area where customers can go to speak with a representative.
215,54,"As a customer, I want to be able to easily locate and access customer service representatives, so that I can have my questions and concerns addressed.","The customer service representatives are knowledgeable about store policies, products, and services."
216,54,"As a customer, I want to be able to easily locate and access customer service representatives, so that I can have my questions and concerns addressed.","The customer service representatives are friendly, approachable, and responsive to customer inquiries and concerns."
217,55,"As a customer, I want to be able to access a variety of payment options, such as cash, credit, debit, and mobile payments, so that I can choose the most convenient method for me.",The supermarket should have clear signage and information regarding accepted payment methods.
218,55,"As a customer, I want to be able to access a variety of payment options, such as cash, credit, debit, and mobile payments, so that I can choose the most convenient method for me.","All payment options should be easy to access and use, with clear instructions provided."
219,55,"As a customer, I want to be able to access a variety of payment options, such as cash, credit, debit, and mobile payments, so that I can choose the most convenient method for me.","Mobile payment options should be secure and reliable, with no issues or errors during the transaction process."
220,55,"As a customer, I want to be able to access a variety of payment options, such as cash, credit, debit, and mobile payments, so that I can choose the most convenient method for me.","If there are any issues with a customer's preferred payment method, the supermarket should provide alternative solutions or assistance to resolve the problem."
221,56,"As a recruiter, I want to be able to post job listings and descriptions online, so that potential candidates can easily find and apply for open positions.",The platform should allow for easy creation and posting of job listings.
222,56,"As a recruiter, I want to be able to post job listings and descriptions online, so that potential candidates can easily find and apply for open positions.","The job descriptions should be clear, concise, and informative."
223,56,"As a recruiter, I want to be able to post job listings and descriptions online, so that potential candidates can easily find and apply for open positions.","Candidates should be able to easily find and search for job listings based on relevant criteria, such as job title, location, and experience level."
224,56,"As a recruiter, I want to be able to post job listings and descriptions online, so that potential candidates can easily find and apply for open positions.","The application process should be streamlined and user-friendly, with the ability to upload resumes and cover letters, and contact information for reference."
225,57,"As a job seeker, I want to be able to search and filter job listings based on location, salary, and other criteria, so that I can find positions that match my qualifications and interests.","The search functionality should allow job seekers to search for job listings based on multiple criteria, such as job title, location, salary range, and company name."
226,57,"As a job seeker, I want to be able to search and filter job listings based on location, salary, and other criteria, so that I can find positions that match my qualifications and interests.","The search results should be displayed in an organized and easy-to-read format, with relevant information such as job title, location, and company name clearly visible."
227,57,"As a job seeker, I want to be able to search and filter job listings based on location, salary, and other criteria, so that I can find positions that match my qualifications and interests.","The search results should allow job seekers to filter the results by various criteria, such as job type, experience level, and education level."
228,57,"As a job seeker, I want to be able to search and filter job listings based on location, salary, and other criteria, so that I can find positions that match my qualifications and interests.",The search results should provide relevant and up-to-date job listings based on the search criteria entered by the job seeker.
229,58,"As a recruiter, I want to be able to easily review and manage resumes and job applications, so that I can efficiently screen candidates and identify qualified candidates.",The system should allow recruiters to easily upload and store resumes and job applications.
230,58,"As a recruiter, I want to be able to easily review and manage resumes and job applications, so that I can efficiently screen candidates and identify qualified candidates.",The system should provide tools for recruiters to easily review and screen resumes and job applications.
231,58,"As a recruiter, I want to be able to easily review and manage resumes and job applications, so that I can efficiently screen candidates and identify qualified candidates.",The system should allow recruiters to add notes and comments to resumes and job applications for internal use.
232,58,"As a recruiter, I want to be able to easily review and manage resumes and job applications, so that I can efficiently screen candidates and identify qualified candidates.","The system should provide a way for recruiters to communicate with candidates, such as sending emails or scheduling interviews."
233,59,"As a job seeker, I want to be able to receive updates and notifications on the status of my application, so that I can stay informed and engaged throughout the recruitment process.","The job seeker receives an email confirmation upon submitting their application, indicating that their application has been received."
234,59,"As a job seeker, I want to be able to receive updates and notifications on the status of my application, so that I can stay informed and engaged throughout the recruitment process.","The job seeker receives a notification when their application is being reviewed by the recruiter, indicating that the next step of the process is being initiated."
235,59,"As a job seeker, I want to be able to receive updates and notifications on the status of my application, so that I can stay informed and engaged throughout the recruitment process.","The job seeker receives a notification if their application has been declined, indicating that they have not been selected to proceed to the next stage of the recruitment process."
236,59,"As a job seeker, I want to be able to receive updates and notifications on the status of my application, so that I can stay informed and engaged throughout the recruitment process.","The job seeker receives a notification if they have been selected for an interview, indicating the date, time, and location of the interview."
237,60,"As a recruiter, I want to be able to collaborate with other team members and hiring managers, so that we can make informed and collaborative decisions about job candidates.",The platform should allow multiple users to access and collaborate on the same job listing and candidate information.
238,60,"As a recruiter, I want to be able to collaborate with other team members and hiring managers, so that we can make informed and collaborative decisions about job candidates.",Users should be able to leave comments and feedback on job candidates to facilitate communication and decision-making.
239,60,"As a recruiter, I want to be able to collaborate with other team members and hiring managers, so that we can make informed and collaborative decisions about job candidates.","The platform should provide tools for tracking the status of candidates, such as their stage in the hiring process and any feedback received."
240,60,"As a recruiter, I want to be able to collaborate with other team members and hiring managers, so that we can make informed and collaborative decisions about job candidates.",The platform should have appropriate security measures in place to ensure that sensitive candidate information is only accessible to authorized users.
241,61,"As a job seeker, I want to be able to provide feedback on the recruitment process, so that potential employers can improve their hiring process and candidate experience.",There should be a clear and accessible method for providing feedback.
242,61,"As a job seeker, I want to be able to provide feedback on the recruitment process, so that potential employers can improve their hiring process and candidate experience.",Feedback should be collected anonymously to ensure honesty and transparency.
243,61,"As a job seeker, I want to be able to provide feedback on the recruitment process, so that potential employers can improve their hiring process and candidate experience.","The feedback form should cover various aspects of the recruitment process, such as communication, timeliness, and overall experience."
244,61,"As a job seeker, I want to be able to provide feedback on the recruitment process, so that potential employers can improve their hiring process and candidate experience.",Employers should take action based on the feedback received and make improvements to the recruitment process.
245,62,"As a recruiter, I want to be able to easily communicate with candidates and provide timely updates on the recruitment process, so that we can build positive relationships with potential hires.",The communication platform should be easily accessible and user-friendly for both the recruiter and the candidate.
246,62,"As a recruiter, I want to be able to easily communicate with candidates and provide timely updates on the recruitment process, so that we can build positive relationships with potential hires.",The recruiter should be able to send messages and updates to candidates regarding the status of their application and next steps in the recruitment process.
247,62,"As a recruiter, I want to be able to easily communicate with candidates and provide timely updates on the recruitment process, so that we can build positive relationships with potential hires.",The candidate should be able to easily reply and respond to messages from the recruiter.
248,62,"As a recruiter, I want to be able to easily communicate with candidates and provide timely updates on the recruitment process, so that we can build positive relationships with potential hires.",The platform should have a record of all communication between the recruiter and candidate for reference and documentation purposes.
249,63,"As a job seeker, I want to be able to receive feedback and constructive criticism on my job application and interview performance, so that I can improve my skills and increase my chances of success in future applications.","The feedback provided should be clear and specific, highlighting both strengths and areas of improvement."
250,63,"As a job seeker, I want to be able to receive feedback and constructive criticism on my job application and interview performance, so that I can improve my skills and increase my chances of success in future applications.",The feedback should be provided in a timely manner after the interview or application process has concluded.
251,63,"As a job seeker, I want to be able to receive feedback and constructive criticism on my job application and interview performance, so that I can improve my skills and increase my chances of success in future applications.",The feedback should be given in a professional and respectful manner.
252,63,"As a job seeker, I want to be able to receive feedback and constructive criticism on my job application and interview performance, so that I can improve my skills and increase my chances of success in future applications.","The feedback should be constructive and actionable, providing practical suggestions for improvement."
253,64,"As a recruiter, I want to be able to access and manage a pool of candidates for future job openings, so that we can build a strong talent pipeline.",The system should allow recruiters to create a database of candidate profiles.
254,64,"As a recruiter, I want to be able to access and manage a pool of candidates for future job openings, so that we can build a strong talent pipeline.","Recruiters should be able to search for candidates based on various criteria, such as skills, experience, and education."
255,64,"As a recruiter, I want to be able to access and manage a pool of candidates for future job openings, so that we can build a strong talent pipeline.",The system should allow recruiters to communicate with candidates and keep them informed about future job opportunities.
256,64,"As a recruiter, I want to be able to access and manage a pool of candidates for future job openings, so that we can build a strong talent pipeline.",Recruiters should be able to update candidate information and add new candidates to the database.
257,65,"As a job seeker, I want to be able to receive guidance and support on job search strategies and techniques, so that I can improve my chances of finding a suitable position.",The platform should provide clear and concise guidance on job search strategies and techniques.
258,65,"As a job seeker, I want to be able to receive guidance and support on job search strategies and techniques, so that I can improve my chances of finding a suitable position.",The guidance provided should be up-to-date and relevant to the current job market.
259,65,"As a job seeker, I want to be able to receive guidance and support on job search strategies and techniques, so that I can improve my chances of finding a suitable position.",The platform should offer personalized recommendations based on the job seeker's qualifications and experience.
260,65,"As a job seeker, I want to be able to receive guidance and support on job search strategies and techniques, so that I can improve my chances of finding a suitable position.","The platform should provide resources and tools to help job seekers develop and refine their job search skills, such as resume writing, interview preparation, and networking."
261,66,"As a customer, I want to be able to leave feedback and reviews on products and the overall shopping experience, so that other customers can benefit from my experience.",Customer is able to rate a product on a scale of 1 to 5 stars.
262,66,"As a customer, I want to be able to leave feedback and reviews on products and the overall shopping experience, so that other customers can benefit from my experience.",Customer can write a review of up to 500 characters.
263,66,"As a customer, I want to be able to leave feedback and reviews on products and the overall shopping experience, so that other customers can benefit from my experience.",Review is displayed on the product page.
264,66,"As a customer, I want to be able to leave feedback and reviews on products and the overall shopping experience, so that other customers can benefit from my experience.",Customer can edit or delete their review at any time.
265,67,"As a customer, I want to be able to save my payment and shipping information for future purchases, so that I can checkout more quickly and easily.",Customer can securely store multiple payment methods.
266,67,"As a customer, I want to be able to save my payment and shipping information for future purchases, so that I can checkout more quickly and easily.",Customer can easily select a saved payment method during checkout.
267,67,"As a customer, I want to be able to save my payment and shipping information for future purchases, so that I can checkout more quickly and easily.",Customer can add or remove payment methods at any time.
268,67,"As a customer, I want to be able to save my payment and shipping information for future purchases, so that I can checkout more quickly and easily.",Customer can securely store multiple shipping addresses.
269,67,"As a customer, I want to be able to save my payment and shipping information for future purchases, so that I can checkout more quickly and easily.",Customer can easily select a saved shipping address during checkout.
270,68,"As a customer, I want to be able to access my order history and track my purchase history, so that I can keep track of my past orders and reorder items if necessary.","Customer can view a list of their past orders, including order dates, order numbers, and total amounts."
271,68,"As a customer, I want to be able to access my order history and track my purchase history, so that I can keep track of my past orders and reorder items if necessary.","Customer can click on an order to view its details, including products, prices, and shipping information."
272,68,"As a customer, I want to be able to access my order history and track my purchase history, so that I can keep track of my past orders and reorder items if necessary.",Customer can reorder items from a past order with a single click.
273,68,"As a customer, I want to be able to access my order history and track my purchase history, so that I can keep track of my past orders and reorder items if necessary.","Customer can filter their order history by date range, product, or order status."
274,69,"As a customer, I want to be able to receive recommendations for products based on my past purchases and browsing history, so that I can discover new items that I may be interested in.",Recommendations are based on the customer's past purchases and browsing history.
275,69,"As a customer, I want to be able to receive recommendations for products based on my past purchases and browsing history, so that I can discover new items that I may be interested in.",Recommendations are displayed prominently on the home page and product pages.
276,69,"As a customer, I want to be able to receive recommendations for products based on my past purchases and browsing history, so that I can discover new items that I may be interested in.",Customer can view a list of recommended products and click to view their details.
277,69,"As a customer, I want to be able to receive recommendations for products based on my past purchases and browsing history, so that I can discover new items that I may be interested in.",Customer can dismiss individual recommendations or opt out of receiving recommendations altogether.
278,70,"As a customer, I want to be able to easily return or exchange products, so that I can be satisfied with my purchases.",Customer can initiate a return or exchange through their account or by contacting customer service.
279,70,"As a customer, I want to be able to easily return or exchange products, so that I can be satisfied with my purchases.",Customer can select the reason for the return or exchange and provide additional details if necessary.
280,70,"As a customer, I want to be able to easily return or exchange products, so that I can be satisfied with my purchases.","Customer can track the status of their return or exchange, including when the item is received and when the refund or replacement is processed."
281,70,"As a customer, I want to be able to easily return or exchange products, so that I can be satisfied with my purchases.",Customer receives clear instructions on how to package and ship the item back.
282,71,"As a customer, I want to be able to receive discounts and promotions, such as free shipping or percentage off, so that I can save money on my purchases.",Discounts and promotions are clearly displayed and accurately reflected in the final purchase price.
283,71,"As a customer, I want to be able to receive discounts and promotions, such as free shipping or percentage off, so that I can save money on my purchases.","Promotions are applied automatically at checkout, or the customer is provided with a discount code to apply at checkout."
284,71,"As a customer, I want to be able to receive discounts and promotions, such as free shipping or percentage off, so that I can save money on my purchases.",The terms and conditions of the discount or promotion are clearly stated and easy to understand.
285,72,"As a customer, I want to be able to contact customer support easily and receive timely responses to my inquiries and issues.",Contact information for customer support is easily accessible and prominently displayed on the website or app.
286,72,"As a customer, I want to be able to contact customer support easily and receive timely responses to my inquiries and issues.","Customer inquiries and issues are responded to within a reasonable timeframe, such as 24-48 hours."
287,72,"As a customer, I want to be able to contact customer support easily and receive timely responses to my inquiries and issues.",Customer support is knowledgeable and helpful in resolving issues and answering questions.
288,73,"As a customer, I want to be able to filter products by price range, color, size, and other attributes, so that I can find the products that meet my specific needs.",The filtering system is easy to use and understand.
289,73,"As a customer, I want to be able to filter products by price range, color, size, and other attributes, so that I can find the products that meet my specific needs.",All applicable filters accurately display products that meet the selected criteria.
290,73,"As a customer, I want to be able to filter products by price range, color, size, and other attributes, so that I can find the products that meet my specific needs.",The filtering system is reliable and does not return irrelevant or incorrect results.
291,74,"As a customer, I want to be able to receive alerts and notifications on sales, new arrivals, and other updates, so that I can stay up to date on the latest offerings.","Notifications are delivered in a timely manner, such as within a few hours of the update."
292,74,"As a customer, I want to be able to receive alerts and notifications on sales, new arrivals, and other updates, so that I can stay up to date on the latest offerings.",Customers are able to choose the types of notifications they receive and how often they receive them.
293,74,"As a customer, I want to be able to receive alerts and notifications on sales, new arrivals, and other updates, so that I can stay up to date on the latest offerings.","Notifications are clear and easy to understand, with links or buttons that allow the customer to take action."
294,75,"As a customer, I want to be able to create and manage a wishlist of items that I'm interested in purchasing, so that I can easily find and purchase them later.",Customers can easily add and remove items from their wishlist.
295,75,"As a customer, I want to be able to create and manage a wishlist of items that I'm interested in purchasing, so that I can easily find and purchase them later.",Wishlist items are saved and can be accessed across different devices.
296,75,"As a customer, I want to be able to create and manage a wishlist of items that I'm interested in purchasing, so that I can easily find and purchase them later.",Customers can easily move items from their wishlist to their shopping cart for purchase.
297,76,"As a customer, I want to be able to share products and my shopping experience with my friends and followers on social media, so that I can recommend products and the store to others.",The website has social media sharing buttons for products and the shopping experience.
298,76,"As a customer, I want to be able to share products and my shopping experience with my friends and followers on social media, so that I can recommend products and the store to others.",Customers can easily share products and shopping experience on their social media accounts.
299,76,"As a customer, I want to be able to share products and my shopping experience with my friends and followers on social media, so that I can recommend products and the store to others.","The social media shares include product images, descriptions, and links to the store's website."
300,77,"As an administrator, I want to be able to manage product listings, including adding, editing, and deleting products, so that the store is up to date and relevant.",The administrator can log in to a secure backend system to manage product listings.
301,77,"As an administrator, I want to be able to manage product listings, including adding, editing, and deleting products, so that the store is up to date and relevant.","The administrator can add new products to the website by providing product information, images, and pricing."
302,77,"As an administrator, I want to be able to manage product listings, including adding, editing, and deleting products, so that the store is up to date and relevant.","The administrator can edit existing product information, such as price, description, and images."
303,77,"As an administrator, I want to be able to manage product listings, including adding, editing, and deleting products, so that the store is up to date and relevant.",The administrator can delete products that are no longer available or relevant.
304,78,"As an administrator, I want to be able to manage customer orders, including tracking and fulfilling orders, so that customers receive their purchases on time.",The administrator can view and manage customer orders in a secure backend system.
305,78,"As an administrator, I want to be able to manage customer orders, including tracking and fulfilling orders, so that customers receive their purchases on time.","The administrator can update the status of orders, such as shipped or delivered."
306,78,"As an administrator, I want to be able to manage customer orders, including tracking and fulfilling orders, so that customers receive their purchases on time.",The administrator can track the progress of orders and provide customers with shipping and delivery updates.
307,78,"As an administrator, I want to be able to manage customer orders, including tracking and fulfilling orders, so that customers receive their purchases on time.",The administrator can ensure that orders are fulfilled accurately and on time.
308,79,"As an administrator, I want to be able to manage customer reviews and feedback, including responding to comments and addressing concerns, so that the store has a positive reputation.",The website has a system for collecting and displaying customer reviews and feedback.
309,79,"As an administrator, I want to be able to manage customer reviews and feedback, including responding to comments and addressing concerns, so that the store has a positive reputation.",The administrator can monitor and respond to customer comments and concerns in a timely manner.
310,79,"As an administrator, I want to be able to manage customer reviews and feedback, including responding to comments and addressing concerns, so that the store has a positive reputation.",The administrator can address negative feedback and take steps to improve the customer experience.
311,79,"As an administrator, I want to be able to manage customer reviews and feedback, including responding to comments and addressing concerns, so that the store has a positive reputation.",The website displays overall ratings and reviews for products and the shopping experience.
312,80,"As an administrator, I want to be able to monitor website traffic and sales data, so that I can make informed decisions about the store's operations and marketing strategies.",The website has a system for tracking website traffic and sales data.
313,80,"As an administrator, I want to be able to monitor website traffic and sales data, so that I can make informed decisions about the store's operations and marketing strategies.","The administrator can access reports on website traffic, including page views, unique visitors, and referral sources."
314,80,"As an administrator, I want to be able to monitor website traffic and sales data, so that I can make informed decisions about the store's operations and marketing strategies.","The administrator can track sales data, including revenue, order volume, and product performance."
315,80,"As an administrator, I want to be able to monitor website traffic and sales data, so that I can make informed decisions about the store's operations and marketing strategies.","The administrator can use this data to make informed decisions about the store's operations, marketing strategies, and product offerings."
316,81,"As a patient, I want to be able to search for doctors by their specialty and availability, so that I can easily find and schedule an appointment with the right healthcare professional.","Patients can search for doctors by their specialty, location, and availability."
317,81,"As a patient, I want to be able to search for doctors by their specialty and availability, so that I can easily find and schedule an appointment with the right healthcare professional.","Search results include the doctor's name, specialty, location, and availability."
318,81,"As a patient, I want to be able to search for doctors by their specialty and availability, so that I can easily find and schedule an appointment with the right healthcare professional.","Patients can view a doctor's profile, including their qualifications, experience, and patient reviews."
319,81,"As a patient, I want to be able to search for doctors by their specialty and availability, so that I can easily find and schedule an appointment with the right healthcare professional.",Patients can schedule appointments with the selected doctor.
320,82,"As a patient, I want to be able to view my upcoming appointments, so that I can plan my schedule accordingly.",Patients can view their upcoming appointments in a list or calendar view.
321,82,"As a patient, I want to be able to view my upcoming appointments, so that I can plan my schedule accordingly.","The appointment details should include the doctor's name, date, time, location, and reason for the visit."
322,82,"As a patient, I want to be able to view my upcoming appointments, so that I can plan my schedule accordingly.","Patients should be able to see the appointment status (e.g., confirmed, pending, canceled)."
323,83,"As a patient, I want to be able to cancel or reschedule appointments online, so that I can adjust my schedule as needed.",Patients can cancel or reschedule appointments up to a certain amount of time before the scheduled appointment time.
324,83,"As a patient, I want to be able to cancel or reschedule appointments online, so that I can adjust my schedule as needed.",Patients are asked to confirm the cancellation or rescheduling to prevent accidental changes.
325,83,"As a patient, I want to be able to cancel or reschedule appointments online, so that I can adjust my schedule as needed.","If a patient cancels an appointment, the slot becomes available for other patients to book."
326,84,"As a patient, I want to be able to receive reminders and notifications about my upcoming appointments, so that I don't forget or miss them.","Patients receive timely reminders and notifications about their upcoming appointments via email, SMS, or mobile app notifications."
327,84,"As a patient, I want to be able to receive reminders and notifications about my upcoming appointments, so that I don't forget or miss them.","The reminders include the appointment details, date, time, location, and reason for the visit."
328,84,"As a patient, I want to be able to receive reminders and notifications about my upcoming appointments, so that I don't forget or miss them.",Patients can customize the frequency and type of reminders they receive.
329,85,"As a patient, I want to be able to provide feedback on my experience with the healthcare professional, so that the hospital can improve their services.",Patients can provide feedback on their experience with the healthcare professional and hospital through a survey or rating system.
330,85,"As a patient, I want to be able to provide feedback on my experience with the healthcare professional, so that the hospital can improve their services.",The feedback system is easy to use and accessible from the patient's account.
331,85,"As a patient, I want to be able to provide feedback on my experience with the healthcare professional, so that the hospital can improve their services.",The hospital regularly reviews and acts on the feedback to improve their services.
332,86,"As a software developer, I want to be able to access and use development tools and utilities, so that I can improve my productivity and efficiency.",Development tools and utilities are easily accessible through the company's development environment or platform.
333,86,"As a software developer, I want to be able to access and use development tools and utilities, so that I can improve my productivity and efficiency.",The development tools and utilities are well-documented and easy to use.
334,86,"As a software developer, I want to be able to access and use development tools and utilities, so that I can improve my productivity and efficiency.",The development tools and utilities help improve the productivity and efficiency of the software developer.
335,87,"As a project manager, I want to be able to generate reports on project progress and status, so that I can communicate effectively with stakeholders.",The report generation feature is easily accessible through the project management tool or platform.
336,87,"As a project manager, I want to be able to generate reports on project progress and status, so that I can communicate effectively with stakeholders.",The report generation feature allows the project manager to select and customize the information to be included in the report.
337,87,"As a project manager, I want to be able to generate reports on project progress and status, so that I can communicate effectively with stakeholders.",The report is generated accurately and provides relevant information on project progress and status.
338,88,"As a software engineer, I want to be able to access and use analytics and monitoring tools, so that I can identify and resolve performance or reliability issues.",Analytics and monitoring tools are easily accessible through the company's development environment or platform.
339,88,"As a software engineer, I want to be able to access and use analytics and monitoring tools, so that I can identify and resolve performance or reliability issues.",The analytics and monitoring tools are well-documented and easy to use.
340,88,"As a software engineer, I want to be able to access and use analytics and monitoring tools, so that I can identify and resolve performance or reliability issues.",The analytics and monitoring tools help identify and resolve performance or reliability issues in the software.
341,89,"As a team lead, I want to be able to identify and address team member performance issues, so that we can maintain a high level of productivity and quality.",The team lead is able to easily access team member performance data through the team management tool or platform.
342,89,"As a team lead, I want to be able to identify and address team member performance issues, so that we can maintain a high level of productivity and quality.",The team lead is able to identify performance issues and assign appropriate action plans or support to address them.
343,89,"As a team lead, I want to be able to identify and address team member performance issues, so that we can maintain a high level of productivity and quality.",The team member performance issues are resolved in a timely and effective manner.
344,90,"As a software developer, I want to be able to easily collaborate with remote team members, so that we can work together effectively and efficiently regardless of location.",Collaboration tools are easily accessible through the company's communication or project management platform.
345,90,"As a software developer, I want to be able to easily collaborate with remote team members, so that we can work together effectively and efficiently regardless of location.",The collaboration tools allow for real-time communication and file sharing between remote team members.
346,90,"As a software developer, I want to be able to easily collaborate with remote team members, so that we can work together effectively and efficiently regardless of location.",The collaboration tools help facilitate effective and efficient remote teamwork.
347,91,"As a software developer, I want to be able to specify the input domain and constraints for automatic testcase generation, so that I can ensure that the generated testcases are relevant and effective.","The system should allow specifying the input domain in a user-friendly way, such as using ranges, sets, and regular expressions."
348,91,"As a software developer, I want to be able to specify the input domain and constraints for automatic testcase generation, so that I can ensure that the generated testcases are relevant and effective.","The system should allow specifying constraints on the input values, such as minimum and maximum lengths, allowed characters, and dependencies between inputs."
349,91,"As a software developer, I want to be able to specify the input domain and constraints for automatic testcase generation, so that I can ensure that the generated testcases are relevant and effective.",The system should generate testcases that cover all the specified input domain and constraints.
350,91,"As a software developer, I want to be able to specify the input domain and constraints for automatic testcase generation, so that I can ensure that the generated testcases are relevant and effective.",The system should provide feedback on the validity and completeness of the specified input domain and constraints.
351,92,"As a tester, I want to be able to specify the expected output or behavior for each test case, so that I can ensure that the generated testcases are covering the intended functionality.","The system should allow specifying the expected output or behavior for each test case, such as expected return values, exception messages, and side effects."
352,92,"As a tester, I want to be able to specify the expected output or behavior for each test case, so that I can ensure that the generated testcases are covering the intended functionality.","The system should allow specifying the preconditions and postconditions for each test case, such as required setup, cleanup, and state changes."
353,92,"As a tester, I want to be able to specify the expected output or behavior for each test case, so that I can ensure that the generated testcases are covering the intended functionality.","The system should compare the actual output or behavior of each test case with the expected output or behavior, and report any differences."
354,92,"As a tester, I want to be able to specify the expected output or behavior for each test case, so that I can ensure that the generated testcases are covering the intended functionality.","The system should allow modifying and reusing existing test cases, and grouping them into test suites."
355,93,"As a developer, I want to be able to specify the coverage criteria (e.g., statement coverage, branch coverage, path coverage) for automatic testcase generation, so that the generated test cases can achieve the desired level of coverage.","The system should allow selecting the coverage criteria for automatic testcase generation, such as statement coverage, branch coverage, and path coverage."
356,93,"As a developer, I want to be able to specify the coverage criteria (e.g., statement coverage, branch coverage, path coverage) for automatic testcase generation, so that the generated test cases can achieve the desired level of coverage.","The system should provide feedback on the achieved coverage level for each criterion, and highlight any uncovered or unreachable code."
357,93,"As a developer, I want to be able to specify the coverage criteria (e.g., statement coverage, branch coverage, path coverage) for automatic testcase generation, so that the generated test cases can achieve the desired level of coverage.","The system should prioritize the generated test cases based on the coverage criteria, and present them in a meaningful order."
358,93,"As a developer, I want to be able to specify the coverage criteria (e.g., statement coverage, branch coverage, path coverage) for automatic testcase generation, so that the generated test cases can achieve the desired level of coverage.","The system should allow adjusting the coverage criteria and goals, and re-generating test cases accordingly."
359,94,"As a tester, I want to be able to configure the level of randomization and diversity in the generated testcases, so that I can ensure that they are not biased towards any particular input or behavior.","The system should allow configuring the level of randomization and diversity in the generated test cases, such as seed values, distribution functions, and mutation operators."
360,94,"As a tester, I want to be able to configure the level of randomization and diversity in the generated testcases, so that I can ensure that they are not biased towards any particular input or behavior.","The system should provide feedback on the statistical properties of the generated test cases, such as uniformity, independence, and variability."
361,94,"As a tester, I want to be able to configure the level of randomization and diversity in the generated testcases, so that I can ensure that they are not biased towards any particular input or behavior.","The system should allow comparing the performance and effectiveness of different randomization and diversity settings, and choosing the most appropriate one."
362,94,"As a tester, I want to be able to configure the level of randomization and diversity in the generated testcases, so that I can ensure that they are not biased towards any particular input or behavior.","The system should prevent biased or redundant test cases from being generated, and ensure sufficient coverage of the input domain and constraints."
363,95,"As a tester, I want to be able to prioritize and filter the generated testcases based on their relevance and potential impact, so that I can focus on the most important tests first.","The system should allow prioritizing and filtering the generated test cases based on various criteria, such as importance, risk, complexity, and resource usage."
364,95,"As a tester, I want to be able to prioritize and filter the generated testcases based on their relevance and potential impact, so that I can focus on the most important tests first.","The system should provide feedback on the relevance and impact of each test case, and highlight the ones that are most critical or beneficial."
365,95,"As a tester, I want to be able to prioritize and filter the generated testcases based on their relevance and potential impact, so that I can focus on the most important tests first.","The system should allow modifying the test cases and criteria, and re-prioritizing and re-filtering them accordingly."
366,95,"As a tester, I want to be able to prioritize and filter the generated testcases based on their relevance and potential impact, so that I can focus on the most important tests first.","The system should support various visualization and reporting features, such as graphs, charts, and tables, that facilitate decision-making and communication."
367,96,"As a tester, I want to be able to generate testcases for error handling and exception scenarios, so that I can ensure that the software handles errors and exceptions correctly.",The automatic testcase generation tool should be able to generate testcases for different types of errors and exceptions based on the specified input domain and constraints.
368,96,"As a tester, I want to be able to generate testcases for error handling and exception scenarios, so that I can ensure that the software handles errors and exceptions correctly.","The generated testcases should cover different error and exception scenarios, such as input validation errors, database connection errors, and network communication errors."
369,96,"As a tester, I want to be able to generate testcases for error handling and exception scenarios, so that I can ensure that the software handles errors and exceptions correctly.",The expected behavior for each error and exception scenario should be specified and tested against the actual behavior of the software.
370,96,"As a tester, I want to be able to generate testcases for error handling and exception scenarios, so that I can ensure that the software handles errors and exceptions correctly.",The generated testcases should help identify and fix any errors and exceptions in the software.
371,97,"As a developer, I want to be able to generate testcases for complex scenarios involving multiple inputs and dependencies, so that I can ensure that the software works correctly in complex situations.",The automatic testcase generation tool should be able to generate testcases for complex scenarios involving multiple inputs and dependencies.
372,97,"As a developer, I want to be able to generate testcases for complex scenarios involving multiple inputs and dependencies, so that I can ensure that the software works correctly in complex situations.","The generated testcases should cover different combinations of inputs and dependencies, including edge cases and invalid inputs."
373,97,"As a developer, I want to be able to generate testcases for complex scenarios involving multiple inputs and dependencies, so that I can ensure that the software works correctly in complex situations.",The expected behavior for each complex scenario should be specified and tested against the actual behavior of the software.
374,97,"As a developer, I want to be able to generate testcases for complex scenarios involving multiple inputs and dependencies, so that I can ensure that the software works correctly in complex situations.",The generated testcases should help identify and fix any issues related to the complexity and dependencies of the software.
375,98,"As a tester, I want to be able to generate testcases for performance and scalability testing, so that I can ensure that the software can handle the expected load and usage patterns.",The automatic testcase generation tool should be able to generate testcases for performance and scalability testing.
376,98,"As a tester, I want to be able to generate testcases for performance and scalability testing, so that I can ensure that the software can handle the expected load and usage patterns.","The generated testcases should cover different usage patterns and load scenarios, including high-traffic and peak usage scenarios."
377,98,"As a tester, I want to be able to generate testcases for performance and scalability testing, so that I can ensure that the software can handle the expected load and usage patterns.",The expected performance and scalability metrics should be specified and tested against the actual performance and scalability of the software.
378,98,"As a tester, I want to be able to generate testcases for performance and scalability testing, so that I can ensure that the software can handle the expected load and usage patterns.",The generated testcases should help identify and fix any issues related to the performance and scalability of the software.
379,99,"As a developer, I want to be able to generate testcases for security testing, so that I can ensure that the software is secure and protects user data.",The automatic testcase generation tool should be able to generate testcases for security testing.
380,99,"As a developer, I want to be able to generate testcases for security testing, so that I can ensure that the software is secure and protects user data.","The generated testcases should cover different security vulnerabilities and attack scenarios, including SQL injection, cross-site scripting, and buffer overflow attacks."
381,99,"As a developer, I want to be able to generate testcases for security testing, so that I can ensure that the software is secure and protects user data.",The expected security measures and behavior should be specified and tested against the actual security measures and behavior of the software.
382,99,"As a developer, I want to be able to generate testcases for security testing, so that I can ensure that the software is secure and protects user data.",The generated testcases should help identify and fix any security vulnerabilities in the software.
383,100,"As a tester, I want to be able to generate test cases that are flexible and customizable, so that I can adjust them to meet specific testing needs.",The generated test cases should allow testers to easily modify the input data to cover different scenarios.
384,100,"As a tester, I want to be able to generate test cases that are flexible and customizable, so that I can adjust them to meet specific testing needs.","The test cases should have options for different levels of detail, so that testers can customize the level of testing based on their needs."
385,100,"As a tester, I want to be able to generate test cases that are flexible and customizable, so that I can adjust them to meet specific testing needs.",The generated test cases should be easily editable so that testers can add or remove steps as needed.
386,100,"As a tester, I want to be able to generate test cases that are flexible and customizable, so that I can adjust them to meet specific testing needs.","The test case generator should support a variety of file formats, so that testers can import/export test cases to/from different testing tools and frameworks."
387,101,"As a user, I want to be able to view the train seating layout, so that I can choose the seat that suits my preferences.",The train seating layout is clearly displayed with information on seat availability and class type.
388,101,"As a user, I want to be able to view the train seating layout, so that I can choose the seat that suits my preferences.",Users are able to select their preferred seat from the available options.
389,101,"As a user, I want to be able to view the train seating layout, so that I can choose the seat that suits my preferences.",The seat selection process is easy to understand and navigate.
390,101,"As a user, I want to be able to view the train seating layout, so that I can choose the seat that suits my preferences.",The selected seat is clearly displayed on the booking confirmation page.
391,102,"As a user, I want to be able to view the train coach layout, so that I can choose the coach that suits my preferences.",The train coach layout is clearly displayed with information on coach type and amenities.
392,102,"As a user, I want to be able to view the train coach layout, so that I can choose the coach that suits my preferences.",Users are able to select their preferred coach from the available options.
393,102,"As a user, I want to be able to view the train coach layout, so that I can choose the coach that suits my preferences.",The coach selection process is easy to understand and navigate.
394,102,"As a user, I want to be able to view the train coach layout, so that I can choose the coach that suits my preferences.",The selected coach is clearly displayed on the booking confirmation page.
395,103,"As a user, I want to be able to view the train's on-board facilities, such as food, Wi-Fi, and entertainment, so that I can plan my trip accordingly.","The on-board facilities of the train are clearly displayed with information on food, Wi-Fi, and entertainment options."
396,103,"As a user, I want to be able to view the train's on-board facilities, such as food, Wi-Fi, and entertainment, so that I can plan my trip accordingly.",Users are able to view the available facilities for each train and coach.
397,103,"As a user, I want to be able to view the train's on-board facilities, such as food, Wi-Fi, and entertainment, so that I can plan my trip accordingly.",The information on the on-board facilities is accurate and up-to-date.
398,103,"As a user, I want to be able to view the train's on-board facilities, such as food, Wi-Fi, and entertainment, so that I can plan my trip accordingly.",Users are able to plan their trip accordingly based on the available on-board facilities.
399,104,"As a user, I want to be able to view the train's departure and arrival times, so that I can plan my travel itinerary accordingly.",The train's departure and arrival times are clearly displayed for each trip.
400,104,"As a user, I want to be able to view the train's departure and arrival times, so that I can plan my travel itinerary accordingly.",Users are able to view the departure and arrival times for all stops along the route.
401,104,"As a user, I want to be able to view the train's departure and arrival times, so that I can plan my travel itinerary accordingly.",The displayed times are accurate and up-to-date.
402,104,"As a user, I want to be able to view the train's departure and arrival times, so that I can plan my travel itinerary accordingly.",Users are able to plan their travel itinerary based on the available departure and arrival times.
403,105,"As a user, I want to be able to view the train's speed and duration of the journey, so that I can plan my travel itinerary accordingly.",The train's speed and duration of the journey are clearly displayed for each trip.
404,105,"As a user, I want to be able to view the train's speed and duration of the journey, so that I can plan my travel itinerary accordingly.",Users are able to view the estimated duration of the journey for each stop along the route.
405,105,"As a user, I want to be able to view the train's speed and duration of the journey, so that I can plan my travel itinerary accordingly.",The displayed information is accurate and up-to-date.
406,105,"As a user, I want to be able to view the train's speed and duration of the journey, so that I can plan my travel itinerary accordingly.",Users are able to plan their travel itinerary based on the estimated duration of the journey.
407,106,"As a new user, I want to create a social media account so that I can connect with friends and family online.",User should be able to sign up for an account using their email address or mobile number.
408,106,"As a new user, I want to create a social media account so that I can connect with friends and family online.",User should be prompted to create a unique username and password for their account.
409,106,"As a new user, I want to create a social media account so that I can connect with friends and family online.",User should receive a confirmation email or SMS message to verify their account.
410,107,"As a user, I want to be able to add my personal information to my social media account, such as my name and profile picture.",User should be able to access their account settings to add or edit their personal information.
411,107,"As a user, I want to be able to add my personal information to my social media account, such as my name and profile picture.",User should be able to upload a profile picture or choose one from their device.
412,107,"As a user, I want to be able to add my personal information to my social media account, such as my name and profile picture.","User should be able to enter their name and other relevant information, such as their date of birth or location."
413,108,"As a user, I want to be able to connect with other users on the social media platform, such as by following them or sending them friend requests.",User should be able to search for other users by their username or name.
414,108,"As a user, I want to be able to connect with other users on the social media platform, such as by following them or sending them friend requests.",User should be able to follow or unfollow other users.
415,108,"As a user, I want to be able to connect with other users on the social media platform, such as by following them or sending them friend requests.",User should be able to send friend requests to other users.
416,109,"As a user, I want to be able to create posts on my social media account, such as status updates or photos.",User should be able to access the post creation interface from their profile page.
417,109,"As a user, I want to be able to create posts on my social media account, such as status updates or photos.","User should be able to add text and/or media to their post, such as a photo or video."
418,109,"As a user, I want to be able to create posts on my social media account, such as status updates or photos.","User should be able to set the privacy settings for their post, such as making it visible to everyone or only to their friends."
419,110,"As a user, I want to be able to view posts from other users on the social media platform.",User should be able to view posts from users they follow on their home feed.
420,110,"As a user, I want to be able to view posts from other users on the social media platform.",User should be able to search for specific posts or users.
421,110,"As a user, I want to be able to view posts from other users on the social media platform.","User should be able to filter posts by certain criteria, such as by date or by user."
422,111,"As a user, I want to be able to react to posts on the social media platform, such as by liking or commenting on them.",User should be able to see the reactions of other users on posts.
423,111,"As a user, I want to be able to react to posts on the social media platform, such as by liking or commenting on them.",User should be able to like a post by clicking a button or tapping on the post.
424,111,"As a user, I want to be able to react to posts on the social media platform, such as by liking or commenting on them.",User should be able to leave a comment on a post by typing a message and submitting it.
425,112,"As a user, I want to be able to receive notifications when other users interact with my posts or account.",User should be able to customize their notification settings to choose what types of notifications they receive.
426,112,"As a user, I want to be able to receive notifications when other users interact with my posts or account.",User should receive a notification when someone likes or comments on one of their posts.
427,112,"As a user, I want to be able to receive notifications when other users interact with my posts or account.",User should receive a notification when someone sends them a friend request or follows them.
428,112,"As a user, I want to be able to receive notifications when other users interact with my posts or account.",User stories for Project management
429,113,"As a project manager, I want to be able to create a project plan online so that I can set goals and track progress.",User should be able to create a new project plan.
430,113,"As a project manager, I want to be able to create a project plan online so that I can set goals and track progress.",User should be able to set project goals and objectives.
431,113,"As a project manager, I want to be able to create a project plan online so that I can set goals and track progress.",User should be able to assign tasks to team members and set deadlines.
432,114,"As a team member, I want to be able to view my assigned tasks online so that I can stay organized and on track.",User should be able to log in to the project management tool with their username and password.
433,114,"As a team member, I want to be able to view my assigned tasks online so that I can stay organized and on track.",User should be able to view a list of their assigned tasks and their due dates.
434,114,"As a team member, I want to be able to view my assigned tasks online so that I can stay organized and on track.",User should be able to mark tasks as completed or in progress.
435,115,"As a project manager, I want to be able to track project progress online so that I can ensure that the project is on track.",User should be able to view a progress dashboard that shows the overall status of the project.
436,115,"As a project manager, I want to be able to track project progress online so that I can ensure that the project is on track.",User should be able to see the completion status of tasks and milestones.
437,115,"As a project manager, I want to be able to track project progress online so that I can ensure that the project is on track.",User should be able to receive notifications when a task or milestone is completed.
438,116,"As a team member, I want to be able to communicate with other team members online so that we can collaborate effectively.",User should be able to send messages to other team members through the project management tool.
439,116,"As a team member, I want to be able to communicate with other team members online so that we can collaborate effectively.",User should be able to receive notifications when they receive a new message.
440,116,"As a team member, I want to be able to communicate with other team members online so that we can collaborate effectively.",User should be able to see a log of all messages sent and received.
441,117,"As a project manager, I want to be able to assign resources to tasks so that I can manage the project budget effectively.",User should be able to view a list of available resources.
442,117,"As a project manager, I want to be able to assign resources to tasks so that I can manage the project budget effectively.",User should be able to assign resources to specific tasks.
443,117,"As a project manager, I want to be able to assign resources to tasks so that I can manage the project budget effectively.",User should be able to track resource usage and budget expenditures.
444,118,"As a team member, I want to be able to view project documents online so that I can access important project information.",User should be able to access project documents through the project management tool.
445,118,"As a team member, I want to be able to view project documents online so that I can access important project information.","User should be able to view, download, and edit documents as needed."
446,118,"As a team member, I want to be able to view project documents online so that I can access important project information.",User should be able to see a log of document revisions.
447,119,"As a project manager, I want to be able to set up project workflows so that tasks can be completed efficiently.",User should be able to create workflows that map out the steps required to complete a task.
448,119,"As a project manager, I want to be able to set up project workflows so that tasks can be completed efficiently.",User should be able to assign workflows to specific tasks.
449,119,"As a project manager, I want to be able to set up project workflows so that tasks can be completed efficiently.",User should be able to track progress through each step of the workflow.
450,120,"As a team member, I want to be able to log time spent on tasks so that I can track my productivity and contribute to accurate billing.",User should be able to log time spent on a specific task.
451,120,"As a team member, I want to be able to log time spent on tasks so that I can track my productivity and contribute to accurate billing.",User should be able to see a log of time spent on each task.
452,120,"As a team member, I want to be able to log time spent on tasks so that I can track my productivity and contribute to accurate billing.",User should be able to export time logs for billing purposes.
453,121,"As a project manager, I want to be able to set up alerts for upcoming deadlines so that I can ensure that the project stays on track.",User should be able to set up alerts for upcoming task or milestone deadlines.
454,121,"As a project manager, I want to be able to set up alerts for upcoming deadlines so that I can ensure that the project stays on track.",User should receive notifications when a deadline is approaching or has passed.
455,121,"As a project manager, I want to be able to set up alerts for upcoming deadlines so that I can ensure that the project stays on track.",User should be able to customize the timing and frequency of the alerts.
456,121,"As a project manager, I want to be able to set up alerts for upcoming deadlines so that I can ensure that the project stays on track.",User stories for fitness tracker
457,122,"As a user, I want to be able to set up a profile so that the app can track my progress.","The app should prompt the user to enter basic information like height, weight, age, and gender."
458,122,"As a user, I want to be able to set up a profile so that the app can track my progress.",The user should be able to edit their profile information at any time.
459,123,"As a user, I want to track my daily steps so that I can monitor my physical activity.","The app should be able to track the user's steps automatically, or allow the user to manually input their step count."
460,123,"As a user, I want to track my daily steps so that I can monitor my physical activity.",The user should be able to view their daily step count and track their progress over time.
461,124,"As a user, I want to set goals for my physical activity so that I can work towards achieving them.","The app should allow the user to set daily, weekly, or monthly goals for steps, distance, or time spent exercising."
462,124,"As a user, I want to set goals for my physical activity so that I can work towards achieving them.",The app should display progress towards the user's goals and provide alerts when goals are achieved.
463,125,"As a user, I want to track my workouts so that I can monitor my progress and improve my fitness.","The app should allow the user to log different types of workouts (e.g. running, weight lifting, yoga) and record details such as duration, distance, calories burned, and heart rate."
464,125,"As a user, I want to track my workouts so that I can monitor my progress and improve my fitness.",The user should be able to view their workout history and track their progress over time.
465,126,"As a user, I want to track my nutrition so that I can monitor my calorie intake and make healthy choices.","The app should allow the user to log their meals and snacks and record details such as calories, macronutrients, and micronutrients."
466,126,"As a user, I want to track my nutrition so that I can monitor my calorie intake and make healthy choices.",The app should provide recommendations for healthy eating based on the user's goals and preferences.
467,127,"As a user, I want to connect with friends and other users so that I can stay motivated and share my progress.",The app should allow the user to connect with friends and other users through social media or in-app messaging.
468,127,"As a user, I want to connect with friends and other users so that I can stay motivated and share my progress.",The app should provide a leaderboard or other gamification features to encourage friendly competition and motivate users to achieve their goals.
469,128,"As a user, I want to receive personalized recommendations for workouts and nutrition so that I can achieve my goals more effectively.","The app should provide personalized recommendations based on the user's profile, goals, and progress."
470,128,"As a user, I want to receive personalized recommendations for workouts and nutrition so that I can achieve my goals more effectively.",The app should suggest workouts and meal plans that are tailored to the user's preferences and fitness level.
471,129,"As a user, I want to be able to sync my fitness data with other apps and devices so that I can have a comprehensive view of my health.","The app should be able to sync with other fitness apps and devices (e.g. Fitbit, Apple Health) to collect data on the user's physical activity, heart rate, and sleep."
472,129,"As a user, I want to be able to sync my fitness data with other apps and devices so that I can have a comprehensive view of my health.",The user should be able to view their data from multiple sources in one place.
473,130,"As a user, I want to be able to set reminders for my workouts and meals so that I can stay on track with my fitness goals.",The app should allow the user to set reminders for their workouts and meals.
474,130,"As a user, I want to be able to set reminders for my workouts and meals so that I can stay on track with my fitness goals.",The app should send push notifications or emails to remind the user to exercise or eat at specific times.
475,130,"As a user, I want to be able to set reminders for my workouts and meals so that I can stay on track with my fitness goals.",User stories for Learning management system
476,131,"As a student, I want to be able to view my course schedule and deadlines so that I can stay organized.",The system should display the student's course schedule and deadlines in a user-friendly format that is easy to understand and navigate.
477,132,"As an instructor, I want to be able to create and manage course content so that I can deliver engaging and informative lessons.","The system should allow instructors to create and manage course content such as lectures, readings, and assignments."
478,132,"As an instructor, I want to be able to create and manage course content so that I can deliver engaging and informative lessons.",The system should provide a way for instructors to organize content by module or week.
479,133,"As a student, I want to be able to participate in online discussions with my classmates so that I can collaborate and learn from others.",The system should allow students to participate in online discussions with their classmates.
480,133,"As a student, I want to be able to participate in online discussions with my classmates so that I can collaborate and learn from others.",The system should provide a way for students to reply to posts and interact with others.
481,134,"As an administrator, I want to be able to manage user accounts and access so that I can ensure security and privacy.","The system should provide an administrator interface that allows for user account management, including adding, modifying, and removing user accounts."
482,134,"As an administrator, I want to be able to manage user accounts and access so that I can ensure security and privacy.",The system should have security measures in place to protect user data and ensure privacy.
483,135,"As a student, I want to be able to track my progress and grades so that I can monitor my performance.","The system should provide students with access to their grades, including assignment grades, quiz grades, and overall course grades."
484,135,"As a student, I want to be able to track my progress and grades so that I can monitor my performance.",The system should provide a way for students to track their progress and monitor their performance.
485,136,"As an instructor, I want to be able to create quizzes and assessments so that I can evaluate student learning.","The system should allow instructors to create quizzes and assessments, including multiple-choice questions, short answer questions, and essay questions."
486,136,"As an instructor, I want to be able to create quizzes and assessments so that I can evaluate student learning.",The system should provide a way for instructors to grade and provide feedback on student responses.
487,137,"As a student, I want to be able to access course materials from my mobile device so that I can study on the go.",The system should provide a mobile app or responsive design that allows students to access course materials and participate in discussions from their mobile devices.
488,138,"As an instructor, I want to be able to provide video lectures so that I can engage students and deliver content in a dynamic way.","The system should allow instructors to create and upload video lectures, including the ability to edit and add captions."
489,138,"As an instructor, I want to be able to provide video lectures so that I can engage students and deliver content in a dynamic way.",The system should provide a way for students to view video lectures and interact with instructors.
490,139,"As a student, I want to be able to receive personalized recommendations and resources based on my learning preferences so that I can improve my knowledge and skills.","The system should provide personalized recommendations and resources based on the student's learning preferences, including topics of interest and learning style."
491,140,"As an administrator, I want to be able to generate reports on student and course performance so that I can evaluate the effectiveness of the system and make data-driven decisions.","The system should provide a reporting feature that allows administrators to generate reports on student and course performance, including grades, participation, and completion rates."
492,140,"As an administrator, I want to be able to generate reports on student and course performance so that I can evaluate the effectiveness of the system and make data-driven decisions.",The system should provide a way for administrators to export and analyze data.
493,140,"As an administrator, I want to be able to generate reports on student and course performance so that I can evaluate the effectiveness of the system and make data-driven decisions.",User stories for Music Streaming
494,141,"As a customer, I want to be able to view my account balance online so that I can keep track of my finances.",The customer should be able to view their account balance on the online banking portal.
495,141,"As a customer, I want to be able to view my account balance online so that I can keep track of my finances.",The balance should be updated in real-time.
496,141,"As a customer, I want to be able to view my account balance online so that I can keep track of my finances.",The balance should be displayed in the customer’s preferred currency.
497,142,"As a customer, I want to be able to transfer money to other accounts online so that I can make payments and transfers easily.",The customer should be able to transfer money to other accounts using the online banking portal.
498,142,"As a customer, I want to be able to transfer money to other accounts online so that I can make payments and transfers easily.",The transfer should be completed in real-time.
499,142,"As a customer, I want to be able to transfer money to other accounts online so that I can make payments and transfers easily.",The customer should receive a confirmation once the transfer is complete.
500,143,"As a customer, I want to be able to view my transaction history online so that I can keep track of my spending.",The customer should be able to view their transaction history on the online banking portal.
501,143,"As a customer, I want to be able to view my transaction history online so that I can keep track of my spending.",The transaction history should include all transactions made from the account.
502,143,"As a customer, I want to be able to view my transaction history online so that I can keep track of my spending.",The transaction history should be displayed in the customer’s preferred currency.
503,144,"As a customer, I want to be able to deposit checks online so that I don’t have to go to a physical branch.",The customer should be able to deposit checks using the online banking portal.
504,144,"As a customer, I want to be able to deposit checks online so that I don’t have to go to a physical branch.",The check should be processed within a reasonable timeframe.
505,144,"As a customer, I want to be able to deposit checks online so that I don’t have to go to a physical branch.",The customer should receive a confirmation once the check has been processed.
506,145,"As a customer, I want to be able to pay my bills online so that I don’t have to go to a physical branch or send a check.",The customer should be able to pay their bills using the online banking portal.
507,145,"As a customer, I want to be able to pay my bills online so that I don’t have to go to a physical branch or send a check.",The payment should be completed in real-time.
508,145,"As a customer, I want to be able to pay my bills online so that I don’t have to go to a physical branch or send a check.",The customer should receive a confirmation once the payment is complete.
509,146,"As a customer, I want to be able to set up recurring payments online so that I don’t have to manually make payments every month.",The customer should be able to set up recurring payments using the online banking portal.
510,146,"As a customer, I want to be able to set up recurring payments online so that I don’t have to manually make payments every month.",The recurring payment should be processed automatically on the scheduled date.
511,146,"As a customer, I want to be able to set up recurring payments online so that I don’t have to manually make payments every month.",The customer should be able to modify or cancel the recurring payment at any time.
512,147,"As a customer, I want to be able to view my account statements online so that I can keep track of my finances.",The customer should be able to view their account statements on the online banking portal.
513,147,"As a customer, I want to be able to view my account statements online so that I can keep track of my finances.",The account statement should include all transactions made during the statement period.
514,147,"As a customer, I want to be able to view my account statements online so that I can keep track of my finances.",The account statement should be displayed in the customer’s preferred currency.
515,148,"As a customer, I want to be able to apply for loans online so that I don’t have to go to a physical branch.",The customer should be able to apply for loans using the online banking portal.
516,148,"As a customer, I want to be able to apply for loans online so that I don’t have to go to a physical branch.",The loan application should be processed within a reasonable timeframe.
517,148,"As a customer, I want to be able to apply for loans online so that I don’t have to go to a physical branch.",The customer should receive a confirmation once the loan application has been processed.
518,149,"As a customer, I want to be able to set up account alerts online so that I can receive notifications about my account activity.",The customer should be able to set up account alerts using the online banking portal.
519,149,"As a customer, I want to be able to set up account alerts online so that I can receive notifications about my account activity.",The account alert should be triggered based on the customer’s preferences.
520,149,"As a customer, I want to be able to set up account alerts online so that I can receive notifications about my account activity.",The customer should be able to modify or cancel the account alert at any time.
521,149,"As a customer, I want to be able to set up account alerts online so that I can receive notifications about my account activity.",User stories for New Bank Account
522,150,"As a new customer, I want to open a bank account online, so that I can easily transfer money to my friends and family.",The bank website has a clear and user-friendly interface for account opening.
523,150,"As a new customer, I want to open a bank account online, so that I can easily transfer money to my friends and family.",The customer must provide all necessary personal and contact information.
524,150,"As a new customer, I want to open a bank account online, so that I can easily transfer money to my friends and family.",The customer must provide a valid government-issued ID for identity verification.
525,150,"As a new customer, I want to open a bank account online, so that I can easily transfer money to my friends and family.",The customer must choose a type of account that allows money transfer.
526,151,"As a customer, I want to deposit money into my new bank account, so that I can start using it for transactions.","The bank accepts various forms of deposit, such as cash, check, or online transfer."
527,151,"As a customer, I want to deposit money into my new bank account, so that I can start using it for transactions.","The deposit process is easy and straightforward, with clear instructions and guidance."
528,151,"As a customer, I want to deposit money into my new bank account, so that I can start using it for transactions.",The customer receives a confirmation message or receipt after the deposit is completed.
529,151,"As a customer, I want to deposit money into my new bank account, so that I can start using it for transactions.",The deposited amount is reflected accurately in the customer's account balance.
530,152,"As a customer, I want to withdraw money from my bank account, so that I can access my funds anytime and anywhere.","The bank allows withdrawals through various channels, such as ATM, online, or in-person."
531,152,"As a customer, I want to withdraw money from my bank account, so that I can access my funds anytime and anywhere.","The withdrawal process is secure and requires proper authentication, such as PIN or password."
532,152,"As a customer, I want to withdraw money from my bank account, so that I can access my funds anytime and anywhere.",The bank has sufficient cash or fund availability for the requested amount.
533,152,"As a customer, I want to withdraw money from my bank account, so that I can access my funds anytime and anywhere.",The customer receives a confirmation message or receipt after the withdrawal is completed.
534,153,"As a customer, I want to view my account balance, so that I can keep track of my transactions and expenses.","The bank provides a user-friendly interface for account balance inquiry, such as through online or mobile banking."
535,153,"As a customer, I want to view my account balance, so that I can keep track of my transactions and expenses.",The account balance is updated in real-time or with minimal delay.
536,153,"As a customer, I want to view my account balance, so that I can keep track of my transactions and expenses.",The account balance is accurate and reflects all recent transactions and fees.
537,153,"As a customer, I want to view my account balance, so that I can keep track of my transactions and expenses.",The customer can view the account balance in various currencies or formats.
538,154,"As a customer, I want to check my recent transactions, so that I can verify my account activity and detect any errors or fraud.","The bank provides a mini statement or transaction history, showing the latest transactions and their details."
539,154,"As a customer, I want to check my recent transactions, so that I can verify my account activity and detect any errors or fraud.","The mini statement is easily accessible and available in various formats, such as online, mobile, or paper."
540,154,"As a customer, I want to check my recent transactions, so that I can verify my account activity and detect any errors or fraud.","The mini statement shows the transaction type, date, time, amount, and other relevant information."
541,154,"As a customer, I want to check my recent transactions, so that I can verify my account activity and detect any errors or fraud.","The customer can filter or search the mini statement by various criteria, such as date range, transaction type, or amount."
542,155,"As a customer, I want to transfer money to another account within the same bank, so that I can pay bills or send money to my contacts.","The bank allows money transfer through various channels, such as online, mobile, or in-person."
543,155,"As a customer, I want to transfer money to another account within the same bank, so that I can pay bills or send money to my contacts.","The money transfer process is secure and requires proper authentication, such as PIN or password."
544,155,"As a customer, I want to transfer money to another account within the same bank, so that I can pay bills or send money to my contacts.","The bank verifies the recipient's account details, such as account number, name, or branch."
545,155,"As a customer, I want to transfer money to another account within the same bank, so that I can pay bills or send money to my contacts.",The customer receives a confirmation message or receipt after the money transfer is completed.
546,156,"As a customer, I want to transfer money to another account in a different bank, so that I can send money to people who don't have accounts in my bank.","The bank allows interbank transfer through various channels, such as online, mobile, or in-person."
547,156,"As a customer, I want to transfer money to another account in a different bank, so that I can send money to people who don't have accounts in my bank.","The interbank transfer process is secure and requires proper authentication, such as PIN or password."
548,156,"As a customer, I want to transfer money to another account in a different bank, so that I can send money to people who don't have accounts in my bank.","The bank verifies the recipient's bank and account details, such as bank name, routing number, or account number."
549,156,"As a customer, I want to transfer money to another account in a different bank, so that I can send money to people who don't have accounts in my bank.","The customer pays a reasonable fee for the interbank transfer, based on the amount and speed of transfer."
550,156,"As a customer, I want to transfer money to another account in a different bank, so that I can send money to people who don't have accounts in my bank.",User stories for Weather Alert
554,158,"As a user, I want to be able to filter my search results based on specific criteria so that I can narrow down my options.",The filter options should be clearly visible and accessible on the website.
555,158,"As a user, I want to be able to filter my search results based on specific criteria so that I can narrow down my options.","The filter options should allow me to select specific criteria such as size, color, brand, and price range."
556,158,"As a user, I want to be able to filter my search results based on specific criteria so that I can narrow down my options.",The filter options should be able to update the search results in real-time as I make my selections.
557,159,"As a user, I want to be able to see high-quality images of the products I am interested in so that I can make an informed decision.",The product images should be of high quality and clearly show the product from different angles.
558,159,"As a user, I want to be able to see high-quality images of the products I am interested in so that I can make an informed decision.",The product images should be able to be zoomed in on for a closer look.
559,159,"As a user, I want to be able to see high-quality images of the products I am interested in so that I can make an informed decision.",The product images should accurately reflect the product's color and texture.
560,160,"As a user, I want to be able to read detailed product descriptions so that I can understand the product's features and benefits.",The product descriptions should be informative and easy to understand.
561,160,"As a user, I want to be able to read detailed product descriptions so that I can understand the product's features and benefits.","The product descriptions should include information about the product's material, sizing, care instructions, and other relevant details."
562,160,"As a user, I want to be able to read detailed product descriptions so that I can understand the product's features and benefits.",The product descriptions should be accompanied by clear and accurate product images.
563,161,"As a user, I want to be able to add items to my cart and easily check out so that I can complete my purchase.",The Add to Cart button should be clearly visible and accessible on the product page.
564,161,"As a user, I want to be able to add items to my cart and easily check out so that I can complete my purchase.",The cart should display the items I have added and the total cost of my purchase.
565,161,"As a user, I want to be able to add items to my cart and easily check out so that I can complete my purchase.",The checkout process should be easy to follow and include clear instructions for payment and shipping options.
566,162,"As a user, I want to be able to track the status of my order so that I know when to expect my items to arrive.",The website should provide me with a tracking number for my order.
567,162,"As a user, I want to be able to track the status of my order so that I know when to expect my items to arrive.","The tracking number should allow me to see the status of my order, including when it has shipped and when it is expected to arrive."
568,162,"As a user, I want to be able to track the status of my order so that I know when to expect my items to arrive.",The website should provide clear instructions for contacting customer support if there are any issues with my order.
569,163,"As a user, I want to be able to easily return or exchange items that do not fit or meet my expectations.",The website should clearly state the return and exchange policy.
570,163,"As a user, I want to be able to easily return or exchange items that do not fit or meet my expectations.",The website should provide me with clear instructions for initiating a return or exchange.
571,163,"As a user, I want to be able to easily return or exchange items that do not fit or meet my expectations.",The website should provide me with a prepaid shipping label if I need to return or exchange an item.
572,164,"As a user, I want to be able to save items to a wish list so that I can easily find them later.",The website should provide me with a Add to Wishlist button on each product page.
573,164,"As a user, I want to be able to save items to a wish list so that I can easily find them later.",The website should allow me to view and manage my wishlist from my account dashboard.
574,164,"As a user, I want to be able to save items to a wish list so that I can easily find them later.",The website should provide me with the option to share my wishlist with others if I choose to.
575,164,"As a user, I want to be able to save items to a wish list so that I can easily find them later.",User stories for Car Rental
576,165,"As a user, I want to be able to easily search for available rental cars in my desired location and time period.",The search function should allow me to input my desired pickup and drop-off location and date/time.
577,165,"As a user, I want to be able to easily search for available rental cars in my desired location and time period.","The search function should display a list of available rental cars with relevant details such as make, model, price, and availability."
578,166,"As a user, I want to be able to filter my search results based on specific criteria such as car type, transmission, and fuel type.",The filter options should be prominently displayed and easy to use.
579,166,"As a user, I want to be able to filter my search results based on specific criteria such as car type, transmission, and fuel type.","The filter options should allow me to select specific criteria such as car type, transmission, fuel type, and other relevant features."
580,166,"As a user, I want to be able to filter my search results based on specific criteria such as car type, transmission, and fuel type.",The filter options should update the search results in real-time as I make my selections.
581,167,"As a user, I want to be able to view detailed information about the rental car, including its features, mileage, and any additional fees.",The rental car information should be clearly displayed and easy to understand.
582,167,"As a user, I want to be able to view detailed information about the rental car, including its features, mileage, and any additional fees.","The rental car information should include relevant details such as features, mileage, and any additional fees."
583,167,"As a user, I want to be able to view detailed information about the rental car, including its features, mileage, and any additional fees.",The rental car information should be accompanied by high-quality images of the car.
584,168,"As a user, I want to be able to easily book a rental car and receive confirmation of my reservation.",The booking process should be easy to follow and include clear instructions for entering my personal and payment information.
585,168,"As a user, I want to be able to easily book a rental car and receive confirmation of my reservation.","The booking process should display the total cost of my rental, including any additional fees."
586,168,"As a user, I want to be able to easily book a rental car and receive confirmation of my reservation.",I should receive a confirmation email with the details of my rental reservation.
587,169,"As a user, I want to be able to modify or cancel my rental reservation if needed.",The website should allow me to modify or cancel my reservation easily from my account dashboard.
588,169,"As a user, I want to be able to modify or cancel my rental reservation if needed.",The website should clearly state the cancellation and modification policy.
589,169,"As a user, I want to be able to modify or cancel my rental reservation if needed.",I should receive a confirmation email if I modify or cancel my reservation.
590,170,"As a user, I want to be able to view and print my rental agreement and receipt.",The website should allow me to access my rental agreement and receipt from my account dashboard.
591,170,"As a user, I want to be able to view and print my rental agreement and receipt.",The rental agreement and receipt should be easy to understand and clearly display all relevant information.
592,170,"As a user, I want to be able to view and print my rental agreement and receipt.",The rental agreement and receipt should be available to print or download as needed.
593,171,"As a user, I want to be able to add additional drivers to my rental agreement.",The website should allow me to add additional drivers to my rental agreement easily.
594,171,"As a user, I want to be able to add additional drivers to my rental agreement.",The website should clearly state any additional fees associated with adding drivers.
595,171,"As a user, I want to be able to add additional drivers to my rental agreement.",The additional drivers should meet the rental company's driver requirements.
596,172,"As a user, I want to be able to pick up and drop off my rental car easily and quickly.",The rental car pickup and drop-off location should be clearly stated in the rental agreement and confirmation email.
597,172,"As a user, I want to be able to pick up and drop off my rental car easily and quickly.",The rental car pickup and drop-off process should be clearly explained and easy to follow.
598,172,"As a user, I want to be able to pick up and drop off my rental car easily and quickly.","The rental car should be clean, well-maintained, and ready for pickup at the designated time."
599,173,"As a user, I want to be able to report any issues with the rental car during my rental period.",The website should provide clear instructions for reporting any issues with the rental car.
600,173,"As a user, I want to be able to report any issues with the rental car during my rental period.",The rental company should have a 24/7 customer support line for reporting any issues.
601,173,"As a user, I want to be able to report any issues with the rental car during my rental period.",The rental company should provide a replacement rental car if the reported issue cannot be resolved in a timely manner.
602,173,"As a user, I want to be able to report any issues with the rental car during my rental period.",User stories for Parking Finder
603,174,"As a user, I want to be able to easily search for available parking spots in my desired location and time period.",The search function should allow me to input my desired location and date/time.
604,174,"As a user, I want to be able to easily search for available parking spots in my desired location and time period.","The search function should display a list of available parking spots with relevant details such as location, price, and availability."
605,175,"As a user, I want to be able to filter my search results based on specific criteria such as parking type and price.",The filter options should be prominently displayed and easy to use.
606,175,"As a user, I want to be able to filter my search results based on specific criteria such as parking type and price.",The filter options should allow me to select specific criteria such as parking type and price range.
607,175,"As a user, I want to be able to filter my search results based on specific criteria such as parking type and price.",The filter options should update the search results in real-time as I make my selections.
608,176,"As a user, I want to be able to view detailed information about the parking spot, including its location, price, and any additional fees.",The parking spot information should be clearly displayed and easy to understand.
609,176,"As a user, I want to be able to view detailed information about the parking spot, including its location, price, and any additional fees.","The parking spot information should include relevant details such as location, price, and any additional fees."
610,176,"As a user, I want to be able to view detailed information about the parking spot, including its location, price, and any additional fees.",The parking spot information should be accompanied by high-quality images of the parking spot.
611,177,"As a user, I want to be able to easily book a parking spot and receive confirmation of my reservation.",The booking process should be easy to follow and include clear instructions for entering my personal and payment information.
612,177,"As a user, I want to be able to easily book a parking spot and receive confirmation of my reservation.","The booking process should display the total cost of my parking spot, including any additional fees."
613,177,"As a user, I want to be able to easily book a parking spot and receive confirmation of my reservation.",I should receive a confirmation email with the details of my parking spot reservation.
614,178,"As a user, I want to be able to modify or cancel my parking spot reservation if needed.",The website should allow me to modify or cancel my reservation easily from my account dashboard.
615,178,"As a user, I want to be able to modify or cancel my parking spot reservation if needed.",The website should clearly state the cancellation and modification policy.
616,178,"As a user, I want to be able to modify or cancel my parking spot reservation if needed.",I should receive a confirmation email if I modify or cancel my reservation.
617,179,"As a user, I want to be able to view and print my parking spot reservation confirmation and receipt.",The website should allow me to access my parking spot reservation confirmation and receipt from my account dashboard.
618,179,"As a user, I want to be able to view and print my parking spot reservation confirmation and receipt.",The reservation confirmation and receipt should be easy to understand and clearly display all relevant information.
619,179,"As a user, I want to be able to view and print my parking spot reservation confirmation and receipt.",The reservation confirmation and receipt should be available to print or download as needed.
620,180,"As a user, I want to be able to view the availability of parking spots in real-time.",The website should display the real-time availability of parking spots.
621,180,"As a user, I want to be able to view the availability of parking spots in real-time.",The website should clearly indicate the number of available parking spots in each location.
622,180,"As a user, I want to be able to view the availability of parking spots in real-time.",The website should update the availability in real-time as parking spots are booked or become available.
623,181,"As a user, I want to be able to view parking spot reviews and ratings from other users.",The website should display parking spot reviews and ratings from other users.
624,181,"As a user, I want to be able to view parking spot reviews and ratings from other users.",The reviews and ratings should be easy to understand and provide relevant information.
625,181,"As a user, I want to be able to view parking spot reviews and ratings from other users.","Users should be able to sort reviews and ratings by criteria such as date, rating, and relevance."
626,182,"As a user, I want to be able to report any issues with the parking spot or payment process.",The website should provide clear instructions for reporting any issues with the parking spot or payment process.
627,182,"As a user, I want to be able to report any issues with the parking spot or payment process.",The website should have a customer support line for reporting any issues.
628,182,"As a user, I want to be able to report any issues with the parking spot or payment process.",The website should provide a solution to reported issues in a timely manner.
629,183,"As a user, I want to be able to save my favorite parking spots and receive notifications when they become available.",The website should allow users to save their favorite parking spots.
630,183,"As a user, I want to be able to save my favorite parking spots and receive notifications when they become available.",The website should allow users to set up notifications when
631,183,"As a user, I want to be able to save my favorite parking spots and receive notifications when they become available.",User stories for personal assistant
632,184,"As a user, I want to be able to schedule appointments and receive reminders.","The personal assistant service should allow me to input appointment details such as date, time, location, and purpose."
633,184,"As a user, I want to be able to schedule appointments and receive reminders.","The personal assistant service should send me reminders about upcoming appointments via email, text message, or push notification."
634,185,"As a user, I want to be able to manage my to-do list and receive reminders.",The personal assistant service should allow me to input and prioritize tasks.
635,185,"As a user, I want to be able to manage my to-do list and receive reminders.","The personal assistant service should send me reminders about upcoming tasks via email, text message, or push notification."
636,186,"As a user, I want to be able to book travel arrangements and receive confirmation.","The personal assistant service should allow me to input travel details such as date, time, location, and preferred airline or hotel."
637,186,"As a user, I want to be able to book travel arrangements and receive confirmation.",The personal assistant service should confirm my travel arrangements and send me a confirmation email.
638,187,"As a user, I want to be able to make restaurant reservations and receive confirmation.","The personal assistant service should allow me to input restaurant details such as date, time, location, and party size."
639,187,"As a user, I want to be able to make restaurant reservations and receive confirmation.",The personal assistant service should confirm my restaurant reservation and send me a confirmation email.
640,188,"As a user, I want to be able to order groceries and receive delivery.","The personal assistant service should allow me to input grocery details such as items, quantity, and delivery address."
641,188,"As a user, I want to be able to order groceries and receive delivery.",The personal assistant service should confirm my grocery order and provide a delivery window.
642,189,"As a user, I want to be able to send gifts and receive confirmation.","The personal assistant service should allow me to input gift details such as recipient name and address, gift type, and delivery date."
643,189,"As a user, I want to be able to send gifts and receive confirmation.",The personal assistant service should confirm my gift order and send me a confirmation email.
644,190,"As a user, I want to be able to research and book entertainment activities.","The personal assistant service should allow me to search for entertainment activities such as concerts, theater shows, and sporting events."
645,190,"As a user, I want to be able to research and book entertainment activities.","The personal assistant service should provide me with relevant details such as dates, times, locations, and ticket prices."
646,190,"As a user, I want to be able to research and book entertainment activities.",The personal assistant service should allow me to book and purchase tickets directly through the service.
647,191,"As a user, I want to be able to book and manage personal services such as house cleaning or pet grooming.","The personal assistant service should allow me to input personal service details such as date, time, and preferred provider."
648,191,"As a user, I want to be able to book and manage personal services such as house cleaning or pet grooming.",The personal assistant service should confirm my personal service booking and send me a confirmation email.
649,192,"As a user, I want to be able to receive personalized recommendations for products and services.",The personal assistant service should use my preferences and past behavior to provide personalized recommendations for products and services.
650,192,"As a user, I want to be able to receive personalized recommendations for products and services.",The personal assistant service should allow me to provide feedback on recommendations to improve future recommendations.
651,193,"As a user, I want to be able to communicate with my personal assistant through various channels such as email, text message, or phone.",The personal assistant service should provide me with multiple channels for communication.
652,193,"As a user, I want to be able to communicate with my personal assistant through various channels such as email, text message, or phone.",The personal assistant service should provide me with a timely response to my inquiries and requests.
653,193,"As a user, I want to be able to communicate with my personal assistant through various channels such as email, text message, or phone.",The personal assistant service should ensure the privacy and security of my communication channels.
654,193,"As a user, I want to be able to communicate with my personal assistant through various channels such as email, text message, or phone.",User stories for E-book Reading
655,194,"As a user, I want to be able to search for stocks by name, ticker symbol, or industry so that I can easily find and purchase stocks that match my interests.",The search feature is easily accessible from the homepage.
656,194,"As a user, I want to be able to search for stocks by name, ticker symbol, or industry so that I can easily find and purchase stocks that match my interests.","The search function allows users to search by name, ticker symbol, or industry."
657,194,"As a user, I want to be able to search for stocks by name, ticker symbol, or industry so that I can easily find and purchase stocks that match my interests.",The search results are relevant and accurate.
658,194,"As a user, I want to be able to search for stocks by name, ticker symbol, or industry so that I can easily find and purchase stocks that match my interests.",The user is able to view detailed information about each stock in the search results.
659,194,"As a user, I want to be able to search for stocks by name, ticker symbol, or industry so that I can easily find and purchase stocks that match my interests.",The user is able to add stocks to their watch list or purchase them directly from the search results page.
660,195,"As a user, I want to be able to see real-time stock prices and updates so that I can make informed investment decisions.",The stock prices and updates are displayed prominently on the homepage.
661,195,"As a user, I want to be able to see real-time stock prices and updates so that I can make informed investment decisions.",The stock prices and updates are accurate and updated in real-time.
662,195,"As a user, I want to be able to see real-time stock prices and updates so that I can make informed investment decisions.",The user is able to view historical price charts and data for each stock.
663,195,"As a user, I want to be able to see real-time stock prices and updates so that I can make informed investment decisions.",The user is able to set up alerts for price changes and other market events.
664,195,"As a user, I want to be able to see real-time stock prices and updates so that I can make informed investment decisions.",The user is able to customize their dashboard to display the stocks and data that are most relevant to them.
665,196,"As a user, I want to be able to easily buy and sell stocks online so that I can make trades quickly and efficiently.",The online trading platform is easy to navigate and use.
666,196,"As a user, I want to be able to easily buy and sell stocks online so that I can make trades quickly and efficiently.",The user is able to view their portfolio and open orders at any time.
667,196,"As a user, I want to be able to easily buy and sell stocks online so that I can make trades quickly and efficiently.",The user is able to place market or limit orders for buying and selling stocks.
668,196,"As a user, I want to be able to easily buy and sell stocks online so that I can make trades quickly and efficiently.",The user is able to view real-time price quotes and data before placing an order.
669,196,"As a user, I want to be able to easily buy and sell stocks online so that I can make trades quickly and efficiently.",The user is able to confirm and execute trades with a single click.
670,197,"As a user, I want to be able to view and track my investment performance over time so that I can evaluate my strategies and make informed decisions.",The user is able to view their portfolio performance over different time periods.
671,197,"As a user, I want to be able to view and track my investment performance over time so that I can evaluate my strategies and make informed decisions.",The user is able to view their investment returns and gains/losses.
672,197,"As a user, I want to be able to view and track my investment performance over time so that I can evaluate my strategies and make informed decisions.",The user is able to view detailed information about each individual investment.
673,197,"As a user, I want to be able to view and track my investment performance over time so that I can evaluate my strategies and make informed decisions.",The user is able to export their portfolio data for further analysis.
674,197,"As a user, I want to be able to view and track my investment performance over time so that I can evaluate my strategies and make informed decisions.",The user is able to compare their performance to market benchmarks and other metrics.
675,198,"As a user, I want to be able to access educational resources and tools so that I can improve my investment knowledge and skills.",The educational resources and tools are easily accessible from the homepage.
676,198,"As a user, I want to be able to access educational resources and tools so that I can improve my investment knowledge and skills.","The resources include articles, videos, and tutorials on a wide range of investment topics."
677,198,"As a user, I want to be able to access educational resources and tools so that I can improve my investment knowledge and skills.","The tools include calculators, risk assessments, and other interactive features."
678,198,"As a user, I want to be able to access educational resources and tools so that I can improve my investment knowledge and skills.",The resources and tools are regularly updated and relevant to current market conditions.
679,198,"As a user, I want to be able to access educational resources and tools so that I can improve my investment knowledge and skills.",The user is able to save and bookmark their favorite resources for future reference.
680,199,"As a user, I want to be able to set up automatic investments and recurring trades so that I can save time and stay on track with my investment goals.",The user is able to set up automatic investments on a regular schedule.
681,199,"As a user, I want to be able to set up automatic investments and recurring trades so that I can save time and stay on track with my investment goals.",The user is able to select specific stocks or funds for automatic investments.
682,199,"As a user, I want to be able to set up automatic investments and recurring trades so that I can save time and stay on track with my investment goals.",The user is able to set up recurring trades for buying or selling stocks.
683,199,"As a user, I want to be able to set up automatic investments and recurring trades so that I can save time and stay on track with my investment goals.",The user is able to customize the frequency and amount of automatic investments and recurring trades.
684,199,"As a user, I want to be able to set up automatic investments and recurring trades so that I can save time and stay on track with my investment goals.",The user is able to cancel or modify automatic investments and recurring trades at any time.
685,200,"As a user, I want to be able to view and analyze financial statements and other corporate data for individual companies so that I can make informed investment decisions.",The financial statements and corporate data are easily accessible from the stock information page.
686,200,"As a user, I want to be able to view and analyze financial statements and other corporate data for individual companies so that I can make informed investment decisions.","The financial statements include balance sheets, income statements, and cash flow statements."
687,200,"As a user, I want to be able to view and analyze financial statements and other corporate data for individual companies so that I can make informed investment decisions.","The corporate data includes key metrics such as revenue, earnings per share, and price-to-earnings ratio."
688,200,"As a user, I want to be able to view and analyze financial statements and other corporate data for individual companies so that I can make informed investment decisions.",The user is able to view historical financial data and compare it to current data.
689,200,"As a user, I want to be able to view and analyze financial statements and other corporate data for individual companies so that I can make informed investment decisions.",The user is able to analyze the financial data and corporate metrics to make informed investment decisions.
690,201,"As a user, I want to be able to set up alerts for specific stocks or market events so that I can stay informed and take action as needed.","The user is able to set up alerts for price changes, news events, and other market events."
691,201,"As a user, I want to be able to set up alerts for specific stocks or market events so that I can stay informed and take action as needed.","The user is able to customize the alerts based on specific criteria, such as price thresholds or percentage changes."
692,201,"As a user, I want to be able to set up alerts for specific stocks or market events so that I can stay informed and take action as needed.",The alerts are delivered via email or push notification to the user's preferred device.
693,201,"As a user, I want to be able to set up alerts for specific stocks or market events so that I can stay informed and take action as needed.",The user is able to easily view and manage their alerts from their dashboard.
694,201,"As a user, I want to be able to set up alerts for specific stocks or market events so that I can stay informed and take action as needed.",The alerts are reliable and delivered in a timely manner.
695,202,"As a user, I want to be able to access customer support and assistance when needed so that I can resolve any issues or concerns.","The customer support team is easily accessible via phone, email, or live chat."
696,202,"As a user, I want to be able to access customer support and assistance when needed so that I can resolve any issues or concerns.",The customer support team is knowledgeable and able to assist with a wide range of issues and concerns.
697,202,"As a user, I want to be able to access customer support and assistance when needed so that I can resolve any issues or concerns.",The user is able to view a detailed FAQ or help section to answer common questions.
698,202,"As a user, I want to be able to access customer support and assistance when needed so that I can resolve any issues or concerns.",The user is able to submit a support ticket or request assistance directly from their dashboard.
699,202,"As a user, I want to be able to access customer support and assistance when needed so that I can resolve any issues or concerns.",The customer support team responds promptly and provides helpful and effective solutions.
700,203,"As a user, I want to be able to set up a customized investment plan based on my goals and risk tolerance so that I can achieve my desired returns.",The user is able to access a tool or questionnaire to determine their investment goals and risk tolerance.
701,203,"As a user, I want to be able to set up a customized investment plan based on my goals and risk tolerance so that I can achieve my desired returns.",The tool or questionnaire provides personalized recommendations for asset allocation and investment strategies.
702,203,"As a user, I want to be able to set up a customized investment plan based on my goals and risk tolerance so that I can achieve my desired returns.",The user is able to customize their investment plan based on their preferences and priorities.
703,203,"As a user, I want to be able to set up a customized investment plan based on my goals and risk tolerance so that I can achieve my desired returns.",The user is able to track their progress towards their investment goals and modify their plan as needed.
704,203,"As a user, I want to be able to set up a customized investment plan based on my goals and risk tolerance so that I can achieve my desired returns.",The investment plan is designed to maximize returns while minimizing risk and volatility.
705,203,"As a user, I want to be able to set up a customized investment plan based on my goals and risk tolerance so that I can achieve my desired returns.",
706,203,"As a user, I want to be able to set up a customized investment plan based on my goals and risk tolerance so that I can achieve my desired returns.",User stories for Education and Learning Management System
707,204,"As a student, I want to be able to view my grades for each assignment and exam, so that I can monitor my progress throughout the course.",The system must display the student's grades for each assignment and exam.
708,204,"As a student, I want to be able to view my grades for each assignment and exam, so that I can monitor my progress throughout the course.",The grades must be presented in a clear and organized manner.
709,204,"As a student, I want to be able to view my grades for each assignment and exam, so that I can monitor my progress throughout the course.","The system must provide a way for the student to view their grades over time, such as a graph or chart."
710,205,"As a teacher, I want to be able to upload course materials and resources, so that my students can easily access them.","The system must allow the teacher to upload course materials in various formats, such as documents, videos, and images."
711,205,"As a teacher, I want to be able to upload course materials and resources, so that my students can easily access them.",The materials must be organized in a logical and intuitive way.
712,205,"As a teacher, I want to be able to upload course materials and resources, so that my students can easily access them.",The system must provide a way for students to search for specific materials.
713,206,"As a student, I want to be able to participate in online discussions with my classmates and teacher, so that I can ask questions and share my thoughts.",The system must allow for threaded discussions with the ability to reply to specific comments.
714,206,"As a student, I want to be able to participate in online discussions with my classmates and teacher, so that I can ask questions and share my thoughts.",The discussions must be organized by topic or assignment.
715,206,"As a student, I want to be able to participate in online discussions with my classmates and teacher, so that I can ask questions and share my thoughts.",The system must provide a way for the teacher to moderate and facilitate the discussions.
716,207,"As an administrator, I want to be able to create and manage user accounts, so that I can control access to the system.",The system must allow the administrator to create new user accounts and set permissions.
717,207,"As an administrator, I want to be able to create and manage user accounts, so that I can control access to the system.",The administrator must be able to deactivate or delete user accounts as needed.
718,207,"As an administrator, I want to be able to create and manage user accounts, so that I can control access to the system.",The system must provide a way for users to reset their passwords if they forget them.
719,208,"As a student, I want to be able to take quizzes and exams online, so that I can test my knowledge and receive feedback.",The system must allow for the creation and delivery of quizzes and exams.
720,208,"As a student, I want to be able to take quizzes and exams online, so that I can test my knowledge and receive feedback.",The quizzes and exams must be automatically graded and provide immediate feedback to the student.
721,208,"As a student, I want to be able to take quizzes and exams online, so that I can test my knowledge and receive feedback.","The system must be able to handle different question types, such as multiple choice, true/false, and short answer."
722,209,"As a teacher, I want to be able to create and assign homework assignments, so that my students can practice and apply what they have learned.",The system must allow for the creation and delivery of homework assignments.
723,209,"As a teacher, I want to be able to create and assign homework assignments, so that my students can practice and apply what they have learned.",The assignments must be automatically graded and provide immediate feedback to the student.
724,209,"As a teacher, I want to be able to create and assign homework assignments, so that my students can practice and apply what they have learned.",The system must provide a way for the teacher to customize the assignment instructions and due dates.
725,210,"As a student, I want to be able to access course materials and resources on my mobile device, so that I can study on the go.",The system must be optimized for mobile devices and responsive to different screen sizes.
726,210,"As a student, I want to be able to access course materials and resources on my mobile device, so that I can study on the go.",The course materials and resources must be accessible on a variety of mobile platforms.
727,210,"As a student, I want to be able to access course materials and resources on my mobile device, so that I can study on the go.",The system must provide a way for students to save materials and resources for offline use.
728,211,"As a teacher, I want to be able to create and manage course schedules, so that my students know what to expect.",The system must allow for the creation and delivery of course schedules.
729,211,"As a teacher, I want to be able to create and manage course schedules, so that my students know what to expect.",The schedule must be presented in a clear and organized manner.
730,211,"As a teacher, I want to be able to create and manage course schedules, so that my students know what to expect.",The system must provide a way for the teacher to update the schedule as needed.
731,212,"As a student, I want to be able to track my attendance and participation in class, so that I can make sure I am meeting the requirements.",The system must allow for the tracking of attendance and participation in class.
732,212,"As a student, I want to be able to track my attendance and participation in class, so that I can make sure I am meeting the requirements.",The tracking system must be accurate and reliable.
733,212,"As a student, I want to be able to track my attendance and participation in class, so that I can make sure I am meeting the requirements.",The system must provide a way for the student to view their attendance and participation record.
734,213,"As an administrator, I want to be able to generate reports on student performance, so that I can monitor the effectiveness of the system.",The system must allow for the creation and delivery of reports on student performance.
735,213,"As an administrator, I want to be able to generate reports on student performance, so that I can monitor the effectiveness of the system.",The reports must provide an overview of student progress and identify areas for improvement.
736,213,"As an administrator, I want to be able to generate reports on student performance, so that I can monitor the effectiveness of the system.","The system must provide a way for the administrator to customize the report parameters, such as date range and student group."
737,213,"As an administrator, I want to be able to generate reports on student performance, so that I can monitor the effectiveness of the system.",User stories for health app
738,214,"As a user, I want to track my daily water intake so that I can ensure I am drinking enough water.",The app should allow the user to input the amount of water they drink each day.
739,214,"As a user, I want to track my daily water intake so that I can ensure I am drinking enough water.",The app should display the user's daily water intake in a clear and easy-to-read format.
740,214,"As a user, I want to track my daily water intake so that I can ensure I am drinking enough water.",The app should provide the user with reminders to drink water throughout the day.
741,214,"As a user, I want to track my daily water intake so that I can ensure I am drinking enough water.",The user should be able to set a daily water intake goal.
742,214,"As a user, I want to track my daily water intake so that I can ensure I am drinking enough water.",The app should provide feedback to the user on their progress towards their goal.
743,215,"As a user, I want to be able to track my meals so that I can monitor my daily calorie intake.",The app should allow the user to input their meals and snacks for each day.
744,215,"As a user, I want to be able to track my meals so that I can monitor my daily calorie intake.",The app should display the user's daily calorie intake in a clear and easy-to-read format.
745,215,"As a user, I want to be able to track my meals so that I can monitor my daily calorie intake.",The user should be able to set a daily calorie intake goal.
746,215,"As a user, I want to be able to track my meals so that I can monitor my daily calorie intake.",The app should provide feedback to the user on their progress towards their goal.
747,215,"As a user, I want to be able to track my meals so that I can monitor my daily calorie intake.","The user should be able to view a breakdown of their macronutrient intake (carbohydrates, protein, fat)."
748,216,"As a user, I want to be able to set exercise goals so that I can track my progress.","The app should allow the user to set exercise goals (e.g. number of steps per day, number of minutes of activity per week)."
749,216,"As a user, I want to be able to set exercise goals so that I can track my progress.",The app should track the user's progress towards their goals.
750,216,"As a user, I want to be able to set exercise goals so that I can track my progress.",The app should provide the user with feedback on their progress.
751,216,"As a user, I want to be able to set exercise goals so that I can track my progress.","The app should allow the user to input different types of exercise (e.g. running, cycling, swimming)."
752,216,"As a user, I want to be able to set exercise goals so that I can track my progress.",The user should be able to view a history of their exercise activities.
753,217,"As a user, I want to be able to track my weight so that I can monitor my progress.",The app should allow the user to input their weight.
754,217,"As a user, I want to be able to track my weight so that I can monitor my progress.",The app should display the user's weight in a clear and easy-to-read format.
755,217,"As a user, I want to be able to track my weight so that I can monitor my progress.",The app should allow the user to set a weight loss or weight gain goal.
756,217,"As a user, I want to be able to track my weight so that I can monitor my progress.",The app should provide the user with feedback on their progress towards their goal.
757,217,"As a user, I want to be able to track my weight so that I can monitor my progress.",The user should be able to view a history of their weight entries.
758,218,"As a user, I want to be able to track my blood pressure readings so that I can monitor my health.",The app should allow the user to input their blood pressure readings.
759,218,"As a user, I want to be able to track my blood pressure readings so that I can monitor my health.",The app should display the user's blood pressure readings in a clear and easy-to-read format.
760,218,"As a user, I want to be able to track my blood pressure readings so that I can monitor my health.",The app should provide the user with feedback on their blood pressure readings.
761,218,"As a user, I want to be able to track my blood pressure readings so that I can monitor my health.",The user should be able to view a history of their blood pressure readings.
762,218,"As a user, I want to be able to track my blood pressure readings so that I can monitor my health.",The app should provide the user with information on healthy blood pressure ranges.
763,219,"As a user, I want to be able to track my menstrual cycle so that I can plan ahead and understand my body better.",The app should allow the user to input the start and end dates of their menstrual cycle.
764,219,"As a user, I want to be able to track my menstrual cycle so that I can plan ahead and understand my body better.",The app should display the user's menstrual cycle in a clear and easy-to-read format.
765,219,"As a user, I want to be able to track my menstrual cycle so that I can plan ahead and understand my body better.",The app should provide the user with predictions for their next menstrual cycle.
766,219,"As a user, I want to be able to track my menstrual cycle so that I can plan ahead and understand my body better.",The app should allow the user to input symptoms and notes related to their menstrual cycle.
767,219,"As a user, I want to be able to track my menstrual cycle so that I can plan ahead and understand my body better.",The app should provide the user with educational information about menstrual health.
768,220,"As a user, I want to be able to find healthy recipes that fit my dietary needs.",The app should provide the user with a database of healthy recipes.
769,220,"As a user, I want to be able to find healthy recipes that fit my dietary needs.","The app should allow the user to filter recipes by dietary needs (e.g. vegetarian, gluten-free, low-carb)."
770,220,"As a user, I want to be able to find healthy recipes that fit my dietary needs.",The app should provide nutritional information for each recipe.
771,220,"As a user, I want to be able to find healthy recipes that fit my dietary needs.",The user should be able to save recipes to a favorites list.
772,220,"As a user, I want to be able to find healthy recipes that fit my dietary needs.",The app should allow the user to create a grocery list based on the recipes they have selected.
773,221,"As a user, I want to be able to connect with friends and family to share our health progress and goals.",The app should allow the user to connect with friends and family through a social network.
774,221,"As a user, I want to be able to connect with friends and family to share our health progress and goals.",The app should allow the user to share their progress and goals with their connections.
775,221,"As a user, I want to be able to connect with friends and family to share our health progress and goals.",The app should allow the user to comment on and like their connections' posts.
776,221,"As a user, I want to be able to connect with friends and family to share our health progress and goals.",The app should provide the user with privacy settings to control who can see their posts.
777,221,"As a user, I want to be able to connect with friends and family to share our health progress and goals.",The app should allow the user to join public groups related to health and wellness.
778,222,"As a user, I want to be able to find nearby gyms and fitness classes.",The app should provide the user with a map of nearby gyms and fitness studios.
779,222,"As a user, I want to be able to find nearby gyms and fitness classes.","The app should allow the user to filter by location and type of workout (e.g. yoga, spin, weightlifting)."
780,222,"As a user, I want to be able to find nearby gyms and fitness classes.",The app should display the gym or studio's ratings and reviews.
781,222,"As a user, I want to be able to find nearby gyms and fitness classes.",The user should be able to save their favorite gyms and studios.
782,222,"As a user, I want to be able to find nearby gyms and fitness classes.",The app should allow the user to book classes and appointments directly through the app.
783,223,"As a user, I want to be able to access educational resources on health and wellness.",The app should provide the user with articles and videos on a variety of health and wellness topics.
784,223,"As a user, I want to be able to access educational resources on health and wellness.","The app should allow the user to filter by topic (e.g. nutrition, mental health, exercise)."
785,223,"As a user, I want to be able to access educational resources on health and wellness.",The app should provide the user with information on trusted sources for health information.
786,223,"As a user, I want to be able to access educational resources on health and wellness.",The user should be able to save articles and videos for later viewing.
787,223,"As a user, I want to be able to access educational resources on health and wellness.",The app should allow the user to share articles and videos on social media or with their connections.
788,223,"As a user, I want to be able to access educational resources on health and wellness.",User stories for Healthcare and wellness app
789,224,"As a user, I want to be able to track my daily water intake so that I can ensure I am staying hydrated.",The app should have a water tracker feature accessible from the home screen.
790,224,"As a user, I want to be able to track my daily water intake so that I can ensure I am staying hydrated.",The user should be able to input the amount of water they drink throughout the day in ounces or milliliters.
791,224,"As a user, I want to be able to track my daily water intake so that I can ensure I am staying hydrated.",The app should calculate the user's total water intake for the day and display it in a clear and easy-to-understand way.
792,224,"As a user, I want to be able to track my daily water intake so that I can ensure I am staying hydrated.",The user should be able to set a daily water intake goal and the app should provide reminders if they haven't met their goal.
793,224,"As a user, I want to be able to track my daily water intake so that I can ensure I am staying hydrated.",The app should allow the user to view their water intake history over time and track their progress.
794,225,"As a user, I want to be able to find healthy recipes that fit my dietary restrictions so that I can maintain a healthy diet.",The app should have a recipe section accessible from the home screen.
795,225,"As a user, I want to be able to find healthy recipes that fit my dietary restrictions so that I can maintain a healthy diet.","The user should be able to filter recipes based on their dietary restrictions (e.g. gluten-free, vegan, low-carb)."
796,225,"As a user, I want to be able to find healthy recipes that fit my dietary restrictions so that I can maintain a healthy diet.",The app should provide detailed instructions and nutritional information for each recipe.
797,225,"As a user, I want to be able to find healthy recipes that fit my dietary restrictions so that I can maintain a healthy diet.",The user should be able to save their favorite recipes to a favorites section for easy access.
798,225,"As a user, I want to be able to find healthy recipes that fit my dietary restrictions so that I can maintain a healthy diet.",The app should have a user rating system so that users can rate recipes and share their experiences with others.
799,226,"As a user, I want to be able to book appointments with healthcare providers through the app so that I can easily schedule and manage my healthcare needs.",The app should have a book appointment feature accessible from the home screen.
800,226,"As a user, I want to be able to book appointments with healthcare providers through the app so that I can easily schedule and manage my healthcare needs.",The user should be able to search for healthcare providers based on their location and specialty.
801,226,"As a user, I want to be able to book appointments with healthcare providers through the app so that I can easily schedule and manage my healthcare needs.",The app should display availability for each provider and allow the user to select a time and date for their appointment.
802,226,"As a user, I want to be able to book appointments with healthcare providers through the app so that I can easily schedule and manage my healthcare needs.",The user should receive a confirmation of their appointment via email or push notification.
803,226,"As a user, I want to be able to book appointments with healthcare providers through the app so that I can easily schedule and manage my healthcare needs.",The app should have a feature for the user to easily cancel or reschedule their appointment if needed.
804,227,"As a user, I want to be able to track my physical activity so that I can monitor my fitness level and progress.",The app should have a physical activity tracker accessible from the home screen.
805,227,"As a user, I want to be able to track my physical activity so that I can monitor my fitness level and progress.","The user should be able to input the type and duration of their physical activity (e.g. running, yoga, weightlifting)."
806,227,"As a user, I want to be able to track my physical activity so that I can monitor my fitness level and progress.",The app should calculate the user's total activity time and calories burned for the day.
807,227,"As a user, I want to be able to track my physical activity so that I can monitor my fitness level and progress.",The user should be able to set a daily activity goal and the app should provide reminders if they haven't met their goal.
808,227,"As a user, I want to be able to track my physical activity so that I can monitor my fitness level and progress.",The app should allow the user to view their activity history over time and track their progress.
809,228,"As a user, I want to be able to access reliable healthcare information through the app so that I can make informed decisions about my health.",The app should have a healthcare information section accessible from the home screen.
810,228,"As a user, I want to be able to access reliable healthcare information through the app so that I can make informed decisions about my health.","The information should be provided by reputable sources (e.g. medical associations, government organizations)."
811,228,"As a user, I want to be able to access reliable healthcare information through the app so that I can make informed decisions about my health.","The information should be organized into easily navigable categories (e.g. conditions and treatments, medications, healthy living)."
812,228,"As a user, I want to be able to access reliable healthcare information through the app so that I can make informed decisions about my health.",The user should be able to search for specific information using keywords.
813,228,"As a user, I want to be able to access reliable healthcare information through the app so that I can make informed decisions about my health.",The app should have a feature for the user to submit questions to healthcare professionals for clarification or additional information if needed.
814,229,"As a user, I want to be able to connect with other users who have similar health goals so that I can receive support and motivation.",The app should have a community section accessible from the home screen.
815,229,"As a user, I want to be able to connect with other users who have similar health goals so that I can receive support and motivation.",The user should be able to create a profile and connect with other users based on shared interests or health goals.
816,229,"As a user, I want to be able to connect with other users who have similar health goals so that I can receive support and motivation.",The app should have a feature for users to post updates and share their progress with the community.
817,229,"As a user, I want to be able to connect with other users who have similar health goals so that I can receive support and motivation.",The user should be able to like and comment on other users' posts.
818,229,"As a user, I want to be able to connect with other users who have similar health goals so that I can receive support and motivation.",The app should have a user rating system so that users can rate the helpfulness and supportiveness of others in the community.
819,230,"As a user, I want to be able to access virtual consultations with healthcare providers through the app so that I can receive medical advice from the comfort of my home.",The app should have a virtual consultation feature accessible from the home screen.
820,230,"As a user, I want to be able to access virtual consultations with healthcare providers through the app so that I can receive medical advice from the comfort of my home.",The user should be able to search for healthcare providers who offer virtual consultations.
821,230,"As a user, I want to be able to access virtual consultations with healthcare providers through the app so that I can receive medical advice from the comfort of my home.",The app should allow the user to schedule a virtual consultation with the provider of their choice.
822,230,"As a user, I want to be able to access virtual consultations with healthcare providers through the app so that I can receive medical advice from the comfort of my home.",The user should be able to join the virtual consultation through the app's video chat feature.
823,230,"As a user, I want to be able to access virtual consultations with healthcare providers through the app so that I can receive medical advice from the comfort of my home.",The app should allow the user to submit payment for the virtual consultation through the app.
824,231,"As a user, I want to be able to track my mental health so that I can monitor my mood and manage my emotional well-being.",The app should have a mental health tracker accessible from the home screen.
825,231,"As a user, I want to be able to track my mental health so that I can monitor my mood and manage my emotional well-being.","The user should be able to log their mood and any symptoms they are experiencing (e.g. anxiety, depression)."
826,231,"As a user, I want to be able to track my mental health so that I can monitor my mood and manage my emotional well-being.",The app should provide resources and coping mechanisms for managing mental health issues.
827,231,"As a user, I want to be able to track my mental health so that I can monitor my mood and manage my emotional well-being.","The user should be able to set reminders for self-care activities (e.g. meditation, exercise)."
828,231,"As a user, I want to be able to track my mental health so that I can monitor my mood and manage my emotional well-being.",The app should allow the user to view their mental health history over time and track their progress.
829,232,"As a user, I want to be able to access my medical records through the app so that I can easily keep track of my health history.",The app should have a medical records section accessible from the home screen.
830,232,"As a user, I want to be able to access my medical records through the app so that I can easily keep track of my health history.",The user should be able to securely upload and store their medical records in the app.
831,232,"As a user, I want to be able to access my medical records through the app so that I can easily keep track of my health history.",The app should allow the user to share their medical records with healthcare providers as needed.
832,232,"As a user, I want to be able to access my medical records through the app so that I can easily keep track of my health history.","The user should be able to view a summary of their medical history, including medications and allergies."
833,232,"As a user, I want to be able to access my medical records through the app so that I can easily keep track of my health history.",The app should have a feature for the user to add notes and update their medical information as needed.
834,233,"As a user, I want to be able to receive personalized health recommendations based on my unique needs and goals.",The app should have a personalized health recommendations section accessible from the home screen.
835,233,"As a user, I want to be able to receive personalized health recommendations based on my unique needs and goals.",The user should be able to input their health goals and any health conditions or concerns they have.
836,233,"As a user, I want to be able to receive personalized health recommendations based on my unique needs and goals.","The app should provide personalized recommendations for diet, exercise, and other healthy habits based on the user's input."
837,233,"As a user, I want to be able to receive personalized health recommendations based on my unique needs and goals.",The user should be able to track their progress toward their health goals using the app.
838,233,"As a user, I want to be able to receive personalized health recommendations based on my unique needs and goals.",The app should have a feature for the user to adjust their health goals and update their recommendations as needed.
839,233,"As a user, I want to be able to receive personalized health recommendations based on my unique needs and goals.",User stories for Real estate listings website
840,234,"As a user, I want to be able to search for properties in a specific location so that I can find homes that fit my needs and preferences.",The website should have a search bar accessible from the homepage.
841,234,"As a user, I want to be able to search for properties in a specific location so that I can find homes that fit my needs and preferences.",The user should be able to input a specific location or select a location from a drop-down menu.
842,234,"As a user, I want to be able to search for properties in a specific location so that I can find homes that fit my needs and preferences.",The website should display a list of available properties in the selected location.
843,234,"As a user, I want to be able to search for properties in a specific location so that I can find homes that fit my needs and preferences.","The user should be able to filter the search results by price, number of bedrooms/bathrooms, square footage, and other relevant criteria."
844,234,"As a user, I want to be able to search for properties in a specific location so that I can find homes that fit my needs and preferences.",The website should display high-quality photos and detailed descriptions of each property.
845,235,"As a user, I want to be able to save my favorite properties so that I can easily access them later and compare them to other listings.",The website should allow the user to create an account and sign in.
846,235,"As a user, I want to be able to save my favorite properties so that I can easily access them later and compare them to other listings.",The user should be able to save properties to their account by clicking a save button on each listing.
847,235,"As a user, I want to be able to save my favorite properties so that I can easily access them later and compare them to other listings.",The website should display a list of the user's saved properties on their account dashboard.
848,235,"As a user, I want to be able to save my favorite properties so that I can easily access them later and compare them to other listings.",The user should be able to compare the details of their saved properties side-by-side.
849,235,"As a user, I want to be able to save my favorite properties so that I can easily access them later and compare them to other listings.",The website should send email alerts to the user when new properties that meet their criteria are listed.
850,236,"As a user, I want to be able to contact real estate agents directly through the website so that I can get more information about a property or schedule a viewing.",The website should display contact information for the listing agent on each property page.
851,236,"As a user, I want to be able to contact real estate agents directly through the website so that I can get more information about a property or schedule a viewing.",The user should be able to send a message to the agent directly through the website or via email.
852,236,"As a user, I want to be able to contact real estate agents directly through the website so that I can get more information about a property or schedule a viewing.",The website should confirm that the message was sent and display a message history between the user and the agent.
853,236,"As a user, I want to be able to contact real estate agents directly through the website so that I can get more information about a property or schedule a viewing.",The user should be able to schedule a viewing of the property directly with the agent through the website.
854,236,"As a user, I want to be able to contact real estate agents directly through the website so that I can get more information about a property or schedule a viewing.",The website should provide the user with the option to rate and provide feedback on their experience with the agent.
855,237,"As a user, I want to be able to view properties on a map so that I can easily see their location and proximity to important landmarks.",The website should have a map view accessible from the homepage.
856,237,"As a user, I want to be able to view properties on a map so that I can easily see their location and proximity to important landmarks.",The user should be able to search for properties in a specific location and see them displayed on the map.
857,237,"As a user, I want to be able to view properties on a map so that I can easily see their location and proximity to important landmarks.",The website should provide a zoom function for the map so that the user can see more detail.
858,237,"As a user, I want to be able to view properties on a map so that I can easily see their location and proximity to important landmarks.","The user should be able to filter the properties displayed on the map by price, number of bedrooms/bathrooms, and other relevant criteria."
859,237,"As a user, I want to be able to view properties on a map so that I can easily see their location and proximity to important landmarks.","The website should provide a list of the properties displayed on the map, including photos and detailed descriptions."
860,238,"As a user, I want to be able to view properties in a virtual tour so that I can get a better sense of their layout and features before visiting in person.",The website should have a virtual tour feature accessible from each property page.
861,238,"As a user, I want to be able to view properties in a virtual tour so that I can get a better sense of their layout and features before visiting in person.",The virtual tour should allow the user to navigate through the property using high-quality photos or videos.
862,238,"As a user, I want to be able to view properties in a virtual tour so that I can get a better sense of their layout and features before visiting in person.",The virtual tour should display information about each room and feature of the property as the user navigates through it.
863,238,"As a user, I want to be able to view properties in a virtual tour so that I can get a better sense of their layout and features before visiting in person.",The user should be able to pause or rewind the virtual tour to focus on specific rooms or features.
864,238,"As a user, I want to be able to view properties in a virtual tour so that I can get a better sense of their layout and features before visiting in person.",The website should provide the option for the user to contact the listing agent or schedule a viewing of the property directly from the virtual tour page.
865,239,"As a user, I want to be able to view historical property data so that I can understand the property's value and potential future trends.","The website should provide historical sales data for each property, including previous sales prices and dates."
866,239,"As a user, I want to be able to view historical property data so that I can understand the property's value and potential future trends.",The website should provide data on the property's market value and appreciation over time.
867,239,"As a user, I want to be able to view historical property data so that I can understand the property's value and potential future trends.","The user should be able to view trends in the local real estate market, such as median home prices and inventory levels."
868,239,"As a user, I want to be able to view historical property data so that I can understand the property's value and potential future trends.","The website should display data in an easy-to-understand format, such as charts or graphs."
869,239,"As a user, I want to be able to view historical property data so that I can understand the property's value and potential future trends.",The user should be able to save historical property data to their account for future reference.
870,240,"As a user, I want to be able to receive alerts when a property that meets my criteria becomes available so that I can stay up-to-date on the market.",The website should allow the user to create an account and sign in.
871,240,"As a user, I want to be able to receive alerts when a property that meets my criteria becomes available so that I can stay up-to-date on the market.","The user should be able to set up alerts for specific criteria, such as location, price range, and number of bedrooms/bathrooms."
872,240,"As a user, I want to be able to receive alerts when a property that meets my criteria becomes available so that I can stay up-to-date on the market.",The website should send email alerts to the user when a property that meets their criteria is listed.
873,240,"As a user, I want to be able to receive alerts when a property that meets my criteria becomes available so that I can stay up-to-date on the market.",The user should be able to manage their alerts and update their criteria at any time.
874,240,"As a user, I want to be able to receive alerts when a property that meets my criteria becomes available so that I can stay up-to-date on the market.",The website should provide the option for the user to receive alerts via SMS or push notification.
875,241,"As a user, I want to be able to view property details and amenities so that I can make an informed decision about whether to schedule a viewing.","The website should provide detailed information about each property, including the number of bedrooms/bathrooms, square footage, and other relevant details."
876,241,"As a user, I want to be able to view property details and amenities so that I can make an informed decision about whether to schedule a viewing.",The website should display high-quality photos of the property's interior and exterior.
877,241,"As a user, I want to be able to view property details and amenities so that I can make an informed decision about whether to schedule a viewing.","The user should be able to view a list of amenities, such as a pool, gym, or parking garage, that are included with the property."
878,241,"As a user, I want to be able to view property details and amenities so that I can make an informed decision about whether to schedule a viewing.","The website should provide information on the property's location and proximity to important landmarks, such as schools and parks."
879,241,"As a user, I want to be able to view property details and amenities so that I can make an informed decision about whether to schedule a viewing.",The user should be able to request more information or schedule a viewing of the property directly from the property page.
880,242,"As a user, I want to be able to save search criteria so that I can easily find new listings that meet my preferences.",The website should allow the user to create an account and sign in.
881,242,"As a user, I want to be able to save search criteria so that I can easily find new listings that meet my preferences.","The user should be able to save search criteria, such as location, price range, and number of bedrooms/bathrooms."
882,242,"As a user, I want to be able to save search criteria so that I can easily find new listings that meet my preferences.",The website should display a list of the user's saved search criteria on their account dashboard.
883,242,"As a user, I want to be able to save search criteria so that I can easily find new listings that meet my preferences.",The user should be able to quickly access their saved search criteria and see new listings that meet their preferences.
884,242,"As a user, I want to be able to save search criteria so that I can easily find new listings that meet my preferences.",The website should provide the option for the user to receive email or push notification alerts when new listings that meet their criteria are listed.
885,243,"As a user, I want to be able to leave reviews of properties I have viewed so that I can share my experience with other potential buyers.",The website should allow the user to create an account and sign in.
886,243,"As a user, I want to be able to leave reviews of properties I have viewed so that I can share my experience with other potential buyers.","The user should be able to leave a review of the property, including a star rating and written feedback."
887,243,"As a user, I want to be able to leave reviews of properties I have viewed so that I can share my experience with other potential buyers.",The review should be displayed on the property page for other users to see.
888,243,"As a user, I want to be able to leave reviews of properties I have viewed so that I can share my experience with other potential buyers.",The user should be able to edit or delete their review at any time.
889,243,"As a user, I want to be able to leave reviews of properties I have viewed so that I can share my experience with other potential buyers.",The website should have a moderation system in place to ensure that reviews are appropriate and do not contain any offensive or misleading content.
890,244,"As a user, I want to be able to compare multiple properties side-by-side so that I can easily compare their features and make an informed decision.",The website should allow the user to select multiple properties from their search results.
891,244,"As a user, I want to be able to compare multiple properties side-by-side so that I can easily compare their features and make an informed decision.",The selected properties should be displayed in a side-by-side comparison table.
892,244,"As a user, I want to be able to compare multiple properties side-by-side so that I can easily compare their features and make an informed decision.","The comparison table should display key features of each property, such as number of bedrooms/bathrooms, square footage, and price."
893,244,"As a user, I want to be able to compare multiple properties side-by-side so that I can easily compare their features and make an informed decision.",The user should be able to easily switch between properties in the comparison table.
894,244,"As a user, I want to be able to compare multiple properties side-by-side so that I can easily compare their features and make an informed decision.",The website should allow the user to save their comparison table for future reference.
895,245,"As a user, I want to be able to view 3D virtual tours of properties so that I can get a more immersive experience of the property.","The website should provide 3D virtual tours for each property, created using technology such as Matterport or iGUIDE."
896,245,"As a user, I want to be able to view 3D virtual tours of properties so that I can get a more immersive experience of the property.","The virtual tour should provide a realistic, immersive experience of the property's interior and exterior."
897,245,"As a user, I want to be able to view 3D virtual tours of properties so that I can get a more immersive experience of the property.",The user should be able to control the virtual tour using their mouse or keyboard.
898,245,"As a user, I want to be able to view 3D virtual tours of properties so that I can get a more immersive experience of the property.","The website should display relevant information about the property during the virtual tour, such as the number of bedrooms/bathrooms and square footage."
899,245,"As a user, I want to be able to view 3D virtual tours of properties so that I can get a more immersive experience of the property.",The user should be able to schedule a viewing of the property directly from the virtual tour page.
900,246,"As a user, I want to be able to filter search results by specific criteria so that I can quickly find properties that meet my preferences.","The website should display a search form that allows the user to enter their search criteria, such as location, price range, and number of bedrooms/bathrooms."
901,246,"As a user, I want to be able to filter search results by specific criteria so that I can quickly find properties that meet my preferences.","The website should allow the user to apply additional filters to their search, such as property type (e.g. house, condo, apartment) or amenities (e.g. pool, gym, parking garage)."
902,246,"As a user, I want to be able to filter search results by specific criteria so that I can quickly find properties that meet my preferences.",The website should display search results that match the user's search criteria and filters.
903,246,"As a user, I want to be able to filter search results by specific criteria so that I can quickly find properties that meet my preferences.","The user should be able to sort their search results by relevant criteria, such as price or square footage."
904,246,"As a user, I want to be able to filter search results by specific criteria so that I can quickly find properties that meet my preferences.",The website should allow the user to save their search criteria and filters for future reference.
905,247,"As a user, I want to be able to view properties on a map so that I can see their location and proximity to other landmarks.",The website should display a map that shows the location of each property in the search results.
906,247,"As a user, I want to be able to view properties on a map so that I can see their location and proximity to other landmarks.",The user should be able to zoom in and out of the map to view properties at different levels of detail.
907,247,"As a user, I want to be able to view properties on a map so that I can see their location and proximity to other landmarks.","The map should display relevant information about each property, such as the number of bedrooms/bathrooms and price."
908,247,"As a user, I want to be able to view properties on a map so that I can see their location and proximity to other landmarks.","The user should be able to filter their search results on the map based on specific criteria, such as price range or property type."
909,247,"As a user, I want to be able to view properties on a map so that I can see their location and proximity to other landmarks.",The website should allow the user to view more detailed information about a property by clicking on its location marker on the map.
