number;ProjectID;RequirementText;class;NFR;F;A;FT;L;LF;MN;O;PE;PO;SC;SE;US
1;nasa x38.doc_1;System Initialization performs those functions necessary to transform the hardware consisting of the FCP processors, network elements, and on-board I/O devices into a real time system executing tasks with fault tolerant message exchanges.;NFR;1;0;0;0;0;0;0;0;0;0;0;0;0
2;nasa x38.doc_2;Whenever a power-on reset occurs, System Initialization shall [SRS194] perform the following functions.;F;0;1;0;0;0;0;0;0;0;0;0;0;0
3;nasa x38.doc_3;As part of System Initialization , the Boot ROM shall [SRS234] be configured to, after completing IBIT, call the manufacturer-supplied VxWorks Board Support Package (BSP) initialization software followed by a call to the FTSS System Initialization software.;F;0;1;0;0;0;0;0;0;0;0;0;0;0
4;nasa x38.doc_4;System Initialization shall [SRS014] initiate the watchdog timer.;F;0;1;0;0;0;0;0;0;0;0;0;0;0
5;nasa x38.doc_5;System Initialization shall [SRS292] enable and reset the processor’s watchdog timer such that, in the absence of a fault, the watchdog timer does not expire and reset the processor..;F;0;1;0;0;0;0;0;0;0;0;0;0;0
6;nasa x38.doc_6;System Initialization shall [SRS008] synchronize the FCP virtual group in the presence of a power on skew of 2.5 seconds.;F;0;1;0;0;0;0;0;0;0;0;0;0;0
7;nasa x38.doc_7;System Initialization shall [SRS010] configure the FCP virtual group to use all available synchronized processors, if at least 3 of the 5 FCRs are active.;F;0;1;0;0;0;0;0;0;0;0;0;0;0
8;nasa x38.doc_8;If any of the FCP processors are not synchronized, System Initialization in the surviving triplex shall [SRS177] attempt to sync with the failed FCP.;F;0;1;0;0;0;0;0;0;0;0;0;0;0
9;nasa x38.doc_9;If the failed FCP processor has not synced in 2.5 seconds after the surviving triplex has detected the loss of the FCP, then the surviving triplex shall [SRS178], within 1 second, send a single voted VMEbus reset through the NE to the failed FCP.;F;0;1;0;0;0;0;0;0;0;0;0;0;0
10;nasa x38.doc_10;System Initialization shall [SRS011] align processor state and congruent aligned memory locations. Processor state includes all registers. It also includes those timers used by FTSS.;F;0;1;0;0;0;0;0;0;0;0;0;0;0
11;nasa x38.doc_11;The FCP shall [SRS296] configure ICP simplex virtual groups for each channel in the FCP virtual group.;F;0;1;0;0;0;0;0;0;0;0;0;0;0
12;nasa x38.doc_12;The FCP shall [SRS297] wait up to 15 seconds, after configuring the ICP virtual groups, for communication to start from the ICP. ;F;0;1;0;0;0;0;0;0;0;0;0;0;0
13;nasa x38.doc_13;The application can use this time on the ICP to initialize I/O boards.;F;0;1;0;0;0;0;0;0;0;0;0;0;0
14;nasa x38.doc_14;System Initialization shall [SRS215] call an application initialization function to allow the application to (at least) create tasks, create communication sockets, initialize the vehicle mode, and initialize memory alignment allowance.;F;0;1;0;0;0;0;0;0;0;0;0;0;0
15;nasa x38.doc_15;The FCP shall [SRS221], after application initialization is complete, send an FCP Ready Sync message to the ICP.;F;0;1;0;0;0;0;0;0;0;0;0;0;0
16;nasa x38.doc_16;The FCP shall [SRS189] wait up to 2.5 seconds (from the sending of the FCP Ready Sync) for the ICP Ready signal. ;F;0;1;0;0;0;0;0;0;0;0;0;0;0
17;nasa x38.doc_17;Note that FTSS will not fail the FCR if this signal is not received within this time.;F;0;1;0;0;0;0;0;0;0;0;0;0;0
18;nasa x38.doc_18;FTSS will wait until the normal ICP presence test fails.;F;0;1;0;0;0;0;0;0;0;0;0;0;0
19;nasa x38.doc_19;The FCP shall [SRS243], if the NEFU ICP fails to send its ICP Ready signal, mask out that ICP, but continue to use the NE.;NFR;1;0;0;0;0;0;0;0;0;0;0;0;0
20;nasa x38.doc_20;System Initialization shall [SRS199], when all other activities are completed, start the 50 Hz timer and enable the timer interrupt. ;F;0;1;0;0;0;0;0;0;0;0;0;0;0
21;nasa x38.doc_21;This will allow the interrupt handler to initiate normal activities.;NFR;1;0;0;0;0;0;0;0;0;0;0;0;0
22;nasa x38.doc_22;System Initialization, from hardware reset to starting of the 50 Hz timer, shall [SRS015] take no longer than 1.5 minutes.;F;0;1;0;0;0;0;0;0;0;0;0;0;0
23;nasa x38.doc_23;"Whenever the 50 Hz timer interrupt occurs, the interrupt handler invokes the scheduler (there are various ways to implement this invocation, such as using a procedure call or by setting an event; no specific implementation is to be inferred). ";F;0;1;0;0;0;0;0;0;0;0;0;0;0
24;nasa x38.doc_24;The scheduler allows the application to create lists of tasks that run during a given segment of time, at various rates.;F;0;1;0;0;0;0;0;0;0;0;0;0;0
25;nasa x38.doc_25;"The application can create ""vehicle modes"" to designate a unique segment.";F;0;1;0;0;0;0;0;0;0;0;0;0;0
26;nasa x38.doc_26;"The application can also set up ""rate groups"".";NFR;1;0;0;0;0;0;0;0;0;0;0;0;0
27;nasa x38.doc_27;Each rate group has some number of tasks associated with it, and it also has a rate for those tasks. ;F;0;1;0;0;0;0;0;0;0;0;0;0;0
28;nasa x38.doc_28;These contain the tasks that will run at that rate in different vehicle modes. Some number of rate groups can be associated with a given vehicle mode.;F;0;1;0;0;0;0;0;0;0;0;0;0;0
29;nasa x38.doc_29;When an API call is made to change the vehicle mode, the scheduler will disable the tasks associated with all the rate groups in the old vehicle mode, and enable the tasks associated with all the rate groups in the new vehicle mode.;NFR;1;0;0;0;0;0;0;0;0;0;0;0;0
30;nasa x38.doc_30;The enabled tasks are then unblocked at the rate given in its associated rate group. An API call is available for the task to call to block itself when it is finished with its cyclic processing.;NFR;1;0;0;0;0;0;0;0;0;0;0;0;0
31;nasa x38.doc_31;The scheduler shall [SRS017] provide an API call to install a task into a rate group. The API call is invoked during system initialization.;F;0;1;0;0;0;0;0;0;0;0;0;0;0
32;nasa x38.doc_32;The scheduler shall [SRS196] support up to 20 tasks per rate group.;F;0;1;0;0;0;0;0;0;0;0;0;0;0
33;nasa x38.doc_33;The scheduler shall [SRS018] provide an API call to install a rate group into a vehicle mode at system initialization.;F;0;1;0;0;0;0;0;0;0;0;0;0;0
34;nasa x38.doc_34;The scheduler shall [SRS197] support up to 3 rate groups per vehicle mode.;F;0;1;0;0;0;0;0;0;0;0;0;0;0
35;nasa x38.doc_35;The scheduler shall [SRS195] support up to 5 vehicle modes.;F;0;1;0;0;0;0;0;0;0;0;0;0;0
36;nasa x38.doc_36;The FTSS software shall [SRS002] provide the identical services in all vehicle modes.;F;0;1;0;0;0;0;0;0;0;0;0;0;0
37;nasa x38.doc_37;The scheduler shall [SRS019] provide an API call for an FCP application task to alert the scheduler of a vehicle mode change.;F;0;1;0;0;0;0;0;0;0;0;0;0;0
38;nasa x38.doc_38;The scheduler shall [SRS020] complete the change from one vehicle mode to the next within 1.02 seconds.;F;0;1;0;0;0;0;0;0;0;0;0;0;0
39;nasa x38.doc_39;There is up to a full major frame from notification of an impending mode change to acting on it in minor frame 0 of the next major frame plus the time it takes during the next minor frame 0 to switch tasking.;F;0;1;0;0;0;0;0;0;0;0;0;0;0
40;nasa x38.doc_40;The scheduler shall [SRS021] process vehicle mode changes during minor frame 49.;F;0;1;0;0;0;0;0;0;0;0;0;0;0
41;nasa x38.doc_41;The scheduler shall [SRS022] execute cyclic tasks, providing an API call to allow the application to block until its next iteration.;F;0;1;0;0;0;0;0;0;0;0;0;0;0
42;nasa x38.doc_42;The scheduler shall [SRS024] execute as the highest priority FTSS or application task in the system.;F;0;1;0;0;0;0;0;0;0;0;0;0;0
43;nasa x38.doc_43;The scheduler shall [SRS025] keep a minor frame count from 0 to 49.;F;0;1;0;0;0;0;0;0;0;0;0;0;0
44;nasa x38.doc_44;The scheduler shall [SRS027] give tasks priority values according to their rate - the higher the rate, the higher the priority.;F;0;1;0;0;0;0;0;0;0;0;0;0;0
45;nasa x38.doc_45;The scheduler shall [SRS028] detect 50 Hz, 10 Hz and 1 Hz rate group over-runs.;F;0;1;0;0;0;0;0;0;0;0;0;0;0
46;nasa x38.doc_46;The scheduler shall [SRS029] report rate group over-runs to the application via an API service for incorporation in the telemetry data stream.;F;0;1;0;0;0;0;0;0;0;0;0;0;0
47;nasa x38.doc_47;The scheduler shall [SRS216] provide an API call to specify which task was running within the rate group which over-ran.;F;0;1;0;0;0;0;0;0;0;0;0;0;0
48;nasa x38.doc_48;The scheduler shall [SRS030] provide a mechanism to inform a task when it did not complete during the previous frame and restart it at the beginning of the task.;F;0;1;0;0;0;0;0;0;0;0;0;0;0
49;nasa x38.doc_49;The scheduler shall [SRS181] set the 50 Hz interval timer to a count down value so as to cause the next minor frame interrupt at 20 msec from the previous interrupt congruently in all operational FCPs.;F;0;1;0;0;0;0;0;0;0;0;0;0;0
50;nasa x38.doc_50;The scheduler shall [SRS032] issue a 50 Hz interrupt to the ICPs by means of a VMEbus IRQ5 interrupt.;F;0;1;0;0;0;0;0;0;0;0;0;0;0
51;nasa x38.doc_51;The scheduler shall [SRS191] issue the 50 Hz interrupt to all the ICPs with a skew no greater than 330 microseconds.;F;0;1;0;0;0;0;0;0;0;0;0;0;0
52;nasa x38.doc_52;The scheduler shall [SRS033] send the minor frame number, vehicle mode, mission elapsed time (MET), and separation elapsed time (SEP) to the ICP prior to the 50 Hz interrupt. Note: The NE unique identifier (NE ID) is available to the ICPs via the ftss_my_icp() API call.;F;0;1;0;0;0;0;0;0;0;0;0;0;0
53;nasa x38.doc_53;The scheduler shall [SRS034] take no longer than 1 millisecond to execute scheduler and Time Services FTSS overhead tasks in each rate group. ;F;0;1;0;0;0;0;0;0;0;0;0;0;0
54;nasa x38.doc_54;This means that the time from the 50 Hz timer interrupt to the start of the first task in the 50 Hz rate group will be less than or equal to 1 millisecond, assuming 27 packets of data need to be delivered.;F;0;1;0;0;0;0;0;0;0;0;0;0;0
55;nasa x38.doc_55;The FTSS software shall [SRS278] provide an API call that provides the application program the minor frame number.;F;0;1;0;0;0;0;0;0;0;0;0;0;0
56;nasa x38.doc_56;The behavior of synchronous tasks executed by the scheduler must be deterministic.;F;0;1;0;0;0;0;0;0;0;0;0;0;0
57;nasa x38.doc_57;The scheduler shall [SRS035] provide rate groups that execute at 50 Hz, 10 Hz and 1 Hz., with a drift rate no greater than 50 microseconds per second, and with a jitter no greater than 330 microseconds.;F;0;1;0;0;0;0;0;0;0;0;0;0;0
58;nasa x38.doc_58;The scheduler shall [SRS037] provide a method to schedule tasks at a set rate and in a set order within the rate group.;F;0;1;0;0;0;0;0;0;0;0;0;0;0
59;nasa x38.doc_59;The scheduler shall [SRS198] execute all the tasks in each of the rate groups that have been installed in the current mode.;F;0;1;0;0;0;0;0;0;0;0;0;0;0
60;nasa x38.doc_60;The scheduler shall [SRS039] rely on the order used in adding tasks to a rate group to determine the task priorities.;F;0;1;0;0;0;0;0;0;0;0;0;0;0
61;nasa x38.doc_61;"The scheduler shall [SRS042] provide a method for a task to be scheduled as a 50 Hz ""helper"" task for source congruency input exchanges and voted output exchanges that starts in a particular minor frame but runs only during every 5th or 50th minor frame, effectively running at a lower, sub-rate, 10 Hz or 1 Hz, respectively.";F;0;1;0;0;0;0;0;0;0;0;0;0;0
62;nasa x38.doc_62;The scheduler shall [SRS270] provide a task deadline capability that allows the application to specify which minor frame a task should start in and finish in.;F;0;1;0;0;0;0;0;0;0;0;0;0;0
63;nasa x38.doc_63;All tasks in rate groups and their corresponding schedules for all vehicle modes will be setup at system initialization.;F;0;1;0;0;0;0;0;0;0;0;0;0;0
64;nasa x38.doc_64;Tasks in a rate group must suspend on a scheduler API call at the top of their execution loop.;F;0;1;0;0;0;0;0;0;0;0;0;0;0
65;nasa x38.doc_65;For purposes of handling exceptions, exceptions are defined as either software or hardware exceptions. ;F;0;1;0;0;0;0;0;0;0;0;0;0;0
66;nasa x38.doc_66;Software exceptions are defined as those mapped into VxWorks signals. All other exceptions are classified as hardware exceptions.;F;0;1;0;0;0;0;0;0;0;0;0;0;0
67;nasa x38.doc_67;Upon the occurrence of an exception of either kind (hardware or software), the FCP shall [SRS172] make the error type available to the application, via an API service, for incorporation in the telemetry stream and include all context data relevant to the exception, namely the contents of the Machine State Register (MSR), and the machine status Save/Restore Registers (SRR0 & SRR1).;NFR;1;0;0;0;0;0;0;0;0;0;0;0;0
68;nasa x38.doc_68;The scheduler shall [SRS031] provide a mechanism for a task optionally to define a user written software-exception-handling routine that runs in the context of the task.;NFR;1;0;0;0;0;0;0;0;0;0;0;0;0
69;nasa x38.doc_69;For hardware exceptions and reserved exceptions, the FTSS shall [SRS276] make the error type and its context data available to the application, then return from the exception handler to the task that was running when the exception occurred.;NFR;1;0;0;0;0;0;0;0;0;0;0;0;0
70;nasa x38.doc_70;For software exceptions occurring within the FTSS, the FTSS shall [SRS277] make the error type and its context data available to the application, then restart the offending task at its beginning.;NFR;1;0;0;0;0;0;0;0;0;0;0;0;0
71;nasa x38.doc_71;For other software exceptions, regardless of whether or not a user written exception handling routine is invoked, if an exception occurs, the scheduler shall [SRS173], after making available the error type and context data to the application, resume processing (after the exception-handling routine runs, if provided) at the initialization point of the offending task.;F;0;1;0;0;0;0;0;0;0;0;0;0;0
72;nasa x38.doc_72;For software exceptions occurring during Startup, FTSS shall [SRS301] issue a VME reset to the FCR in which the exception occurred.;NFR;1;0;0;0;0;0;0;0;0;0;0;0;0
73;nasa x38.doc_73;There are two types of memory violations that might occur: 1) as a result of a hardware fault or SEU and 2) as a result of a common mode (usually, software) error. ;F;0;1;0;0;0;0;0;0;0;0;0;0;0
74;nasa x38.doc_74;Memory violations that result from random hardware faults will be detected in the same way as any other hardware fault is detected in the FTPP and don't require memory protection for them to be detected and dealt with.;NFR;1;0;0;0;0;0;0;0;0;0;0;0;0
75;nasa x38.doc_75;In the second case, NASA has determined that however the memory protection function is implemented, the policy will be to restart the task that is executing when a memory violation (exception) is detected.;NFR;1;0;0;0;0;0;0;0;0;0;0;0;0
76;nasa x38.doc_76;The watchdog timer and ground based testing will uncover some but not all of the possible memory faults.;F;0;1;0;0;0;0;0;0;0;0;0;0;0
77;nasa x38.doc_77;The FTSS communication services provide message-passing capabilities that are layered on top of the packet based network element communication hardware. ;F;0;1;0;0;0;0;0;0;0;0;0;0;0
78;nasa x38.doc_78;Messages are contiguous blocks of variable length data that are transferred from one task to another. Messages are addressed with a global unique communication identifier that routes them to the appropriate virtual group (VG) and socket.;F;0;1;0;0;0;0;0;0;0;0;0;0;0
79;nasa x38.doc_79;Associated with the message are descriptor fields describing the sender, receiver, the type of message, and how the message is to be exchanged.;NFR;1;0;0;0;0;0;0;0;0;0;0;0;0
80;nasa x38.doc_80;The unique identifier for an end point consists of a virtual group identifier and a socket identifier.;F;0;1;0;0;0;0;0;0;0;0;0;0;0
81;nasa x38.doc_81;The sending and receiving end points may live on the same virtual group or on different virtual groups.;F;0;1;0;0;0;0;0;0;0;0;0;0;0
82;nasa x38.doc_82;"Communication Services are divided into two constituent capabilities: ""Synchronous"" message services and ""Immediate"" message services, ""Synchronous"" message services send and receive data on rate group frame boundaries; thus allowing safe inter-rate group communication, ""Synchronous"" message services are provided by message queue sockets, ""Immediate"" message services unlike ""synchronous"" message services initiate a message transfer immediately, when used for inter-VG communication, ""immediate"" message services interface directly with the Byzantine Resilient Virtual Circuit (BRVC) abstraction level communications interface and force an immediate network element access, ""Immediate"" message passing between virtual groups is restricted to the highest priority rate group on the FCP, this restriction does not apply to the ICPs, ""Immediate"" message passing within a virtual group is not restricted to the highest rate group, but must be used carefully by the application to prevent desynchronization, ""Pipe"" sockets provide ""Immediate"" message services.";F;0;1;0;0;0;0;0;0;0;0;0;0;0
83;nasa x38.doc_83;Communication services provide a message passing capability that guarantees congruent use of the network element among the members of a virtual group under fault free conditions.;NFR;1;0;0;0;0;0;0;0;0;0;0;0;0
84;nasa x38.doc_84;"Communication services shall [SRS047] provide ""synchronous"" message passing services in the form of ""message queues"".";F;0;1;0;0;0;0;0;0;0;0;0;0;0
85;nasa x38.doc_85;"Communication services shall [SRS048] provide ""immediate"" message passing services in the form of ""pipes"". ";F;0;1;0;0;0;0;0;0;0;0;0;0;0
86;nasa x38.doc_86;"""Pipes"" provide fast data throughput between virtual groups or within a virtual group when minimal data latency is necessary.";F;0;1;0;0;0;0;0;0;0;0;0;0;0
87;nasa x38.doc_87;"Communication services shall [SRS049] provide the capability to ""broadcast"" messages to all virtual groups.";F;0;1;0;0;0;0;0;0;0;0;0;0;0
88;nasa x38.doc_88;"Communication services shall [SRS050] restrict the use of ""immediate"" message passing services between virtual groups (from FCP to ICP) to tasks running in the highest rate group on the FCP. ";NFR;1;0;0;0;0;0;0;0;0;0;0;0;0
89;nasa x38.doc_89;This restriction does NOT apply to the ICPs since they are running as simplex VGs.;F;0;1;0;0;0;0;0;0;0;0;0;0;0
90;nasa x38.doc_90;Communication services shall [SRS051] detect message passing between application tasks living on the same virtual group and bypass the usage of the network element.;NFR;1;0;0;0;0;0;0;0;0;0;0;0;0
91;nasa x38.doc_91;Communication services shall [SRS052] route messages to the proper virtual group(s) and socket.;F;0;1;0;0;0;0;0;0;0;0;0;0;0
92;nasa x38.doc_92;Communication services shall [SRS053] deliver messages in the same order at each member of a virtual group.;F;0;1;0;0;0;0;0;0;0;0;0;0;0
93;nasa x38.doc_93;Communication services shall [SRS054] perform synchronous message passing at rate group frame boundaries. ;F;0;1;0;0;0;0;0;0;0;0;0;0;0
94;nasa x38.doc_94;This restriction does NOT apply to the ICPs since they are running as simplex VGs.;F;0;1;0;0;0;0;0;0;0;0;0;0;0
95;nasa x38.doc_95;Communication services shall [SRS235] detect a babbling NE or ICP within 20 milliseconds of the receipt of the first erroneous packet.;F;0;1;0;0;0;0;0;0;0;0;0;0;0
96;nasa x38.doc_96;FTSS shall [SRS255] mask out a babbling NE or ICP within 40 milliseconds after it is detected.;F;0;1;0;0;0;0;0;0;0;0;0;0;0
97;nasa x38.doc_97;Sockets are the end points of FTSS communication, which provide a transparent interface to the BRVC communications layer and a useful interface to the application layer. ;F;0;1;0;0;0;0;0;0;0;0;0;0;0
98;nasa x38.doc_98;"Sockets used for ""synchronous"" message passing behave differently than those used for ""immediate"" message.";F;0;1;0;0;0;0;0;0;0;0;0;0;0
99;nasa x38.doc_99;Sockets maintain the buffers between the underlying packet based communication primitives that directly access the network elements and the message based.;F;0;1;0;0;0;0;0;0;0;0;0;0;0
100;nasa x38.doc_100;"Sockets used for ""synchronous"" message passing behave differently than those used for ""immediate"" message passing.";F;0;1;0;0;0;0;0;0;0;0;0;0;0
101;nasa x38.doc_101;"Synchronous message passing sockets shall [SRS055] queue outgoing messages until they are transmitted at frame boundaries. The ""create"" and ""open"" API calls for synchronous sockets allow the application to specify the maximum message size and how many incoming messages the socket may buffer.";F;0;1;0;0;0;0;0;0;0;0;0;0;0
102;nasa x38.doc_102;If there is insufficient space to enqueue a message for transmission, Communication services shall [SRS059] return an error to the corresponding task. ;F;0;1;0;0;0;0;0;0;0;0;0;0;0
103;nasa x38.doc_103;Sockets are non-blocking and place the burden of polling on the application task.;F;0;1;0;0;0;0;0;0;0;0;0;0;0
104;nasa x38.doc_104;Message queue sockets allow a single task to queue a variable number of messages, each of variable length. ;F;0;1;0;0;0;0;0;0;0;0;0;0;0
105;nasa x38.doc_105;One task is allowed to receive messages from this queue. ;NFR;1;0;0;0;0;0;0;0;0;0;0;0;0
106;nasa x38.doc_106;"Message queue sockets define a dedicated communication path between two tasks with guaranteed message delivery. Message queue sockets provide ""synchronous"" communication and perform sending/receiving of messages at frame boundaries.";F;0;1;0;0;0;0;0;0;0;0;0;0;0
107;nasa x38.doc_107;Communication services shall [SRS062] provide a message queue communication mechanism that guarantees message delivery between a sending and receiving task.;F;0;1;0;0;0;0;0;0;0;0;0;0;0
108;nasa x38.doc_108;"The message queue ""create"" API requires the application to specify the sending and receiving virtual group identifiers.";F;0;1;0;0;0;0;0;0;0;0;0;0;0
109;nasa x38.doc_109;"Communication services shall [SRS066] only allow a single task living on each specified virtual group to ""open"" the respective end of the queue.";NFR;1;0;0;0;0;0;0;0;0;0;0;0;0
110;nasa x38.doc_110;"""Pipe"" sockets are used for ""immediate"" communication. They may be created with a broadcast capability. ";F;0;1;0;0;0;0;0;0;0;0;0;0;0
111;nasa x38.doc_111;Pipes may only be opened by one sending task. ;NFR;1;0;0;0;0;0;0;0;0;0;0;0;0
112;nasa x38.doc_112;"Pipes may be opened by multiple receiving tasks if they are created with the ""broadcast"" capability; otherwise they may only be opened by one receiving task. Pipes are the only broadcast mechanism available to the application.";F;0;1;0;0;0;0;0;0;0;0;0;0;0
113;nasa x38.doc_113;"Communication services shall [SRS067] provide a ""pipe"" communication mechanism allowing immediate message passing through the network and allowing a 50hz FCP transfer task to poll until it can read an immediate message from the ICP.";F;0;1;0;0;0;0;0;0;0;0;0;0;0
114;nasa x38.doc_114;"Communication services shall [SRS068] provide an API for ""pipe"" communication.";F;0;1;0;0;0;0;0;0;0;0;0;0;0
115;nasa x38.doc_115;"Communication services shall [SRS069] provide the capability to create ""pipe""s which ""broadcast"" their messages to all virtual groups.";F;0;1;0;0;0;0;0;0;0;0;0;0;0
116;nasa x38.doc_116;If the broadcast option is used, each virtual group should open the pipe and read from it to avoid flow control problems.;F;0;1;0;0;0;0;0;0;0;0;0;0;0
117;nasa x38.doc_117;"The ""pipe"" ""create"" API requires the application to specify the sending and receiving virtual group identifiers. ";F;0;1;0;0;0;0;0;0;0;0;0;0;0
118;nasa x38.doc_118;"Communication services shall [SRS073] only allow a single task living on each specified virtual group to ""open"" the respective end of the pipe. In the case of a broadcast ""pipe"", communication services allows one task in each virtual group of the system to open the receiving end of the ""pipe"".";NFR;1;0;0;0;0;0;0;0;0;0;0;0;0
119;nasa x38.doc_119;Fault Detection and Isolation (FDI) provides the capability to detect and diagnose faults within FCC hardware. ;F;0;1;0;0;0;0;0;0;0;0;0;0;0
120;nasa x38.doc_120;The functionality of FDI is decomposed into 2 capabilities-Initial Built-In Test (IBIT) and Continuous BIT (CBIT). ;F;0;1;0;0;0;0;0;0;0;0;0;0;0
121;nasa x38.doc_121;FDI IBIT provides the facilities for the detection and diagnosis of faults during system initialization (at power on or CPU reset) on FCPs, ICPs, PMC 1553s, and MPCCs.;NFR;1;0;0;0;0;0;0;0;0;0;0;0;0
122;nasa x38.doc_122;FDI CBIT provides the facilities for the detection and diagnosis of faults on FCPs during all operational phases. In general, these tests execute system-wide tests using the fault tolerance characteristics of the FTPP architecture.;NFR;1;0;0;0;0;0;0;0;0;0;0;0;0
123;nasa x38.doc_123;Initial BIT constitutes a series of self-tests provided by the manufacturer of the equipment being tested. Note that by configuring the network elements to automatically enter ISYNC on Power Up, there is no opportunity to perform IBIT on the NEs.;F;0;1;0;0;0;0;0;0;0;0;0;0;0
124;nasa x38.doc_124;Note that by configuring the network elements to automatically enter ISYNC on Power Up, there is no opportunity to perform IBIT on the NEs.;F;0;1;0;0;0;0;0;0;0;0;0;0;0
125;nasa x38.doc_125;The fact that an NE is in sync with the other NEs will have to substitute for a separate NE IBIT function.;F;0;1;0;0;0;0;0;0;0;0;0;0;0
126;nasa x38.doc_126;FTSS IBIT executes on the Flight Control Processors (FCPs) at system initialization. ;F;0;1;0;0;0;0;0;0;0;0;0;0;0
127;nasa x38.doc_127;These tests exercise the functionality of the various system components.;F;0;1;0;0;0;0;0;0;0;0;0;0;0
128;nasa x38.doc_128;The FTSS software shall [SRS237] configure the FCP to act as the Radstone IBIT master, with the exception that the ICP on the NEFU is the master.;F;0;1;0;0;0;0;0;0;0;0;0;0;0
129;nasa x38.doc_129;The FTSS shall [SRS260] configure each FCP to perform IBIT Minimum Processing Environment (MPE) Tests, Power-up Tests, and Initial BIT on each FCP, as shown inTable 3.2-2. .;F;0;1;0;0;0;0;0;0;0;0;0;0;0
130;nasa x38.doc_130;The FTSS shall [SRS261] configure each FCP to halt processing if any of the MPE tests fail.;F;0;1;0;0;0;0;0;0;0;0;0;0;0
131;nasa x38.doc_131;The FTSS shall [SRS262] configure each FCP to continue processing if any of the Power-up or Initial BIT tests fail.;F;0;1;0;0;0;0;0;0;0;0;0;0;0
132;nasa x38.doc_132;When the IBIT is complete, the FTSS in the channels that are part of the fault masking group shall [SRS239] report the results of IBIT for all Radstone boards to the application software for telemetry.;F;0;1;0;0;0;0;0;0;0;0;0;0;0
133;nasa x38.doc_133;In IBIT failure cases that cause processing to halt, the failure shall [SRS269] be handled as described in Section 3.2.6.2, Recovery.;F;0;1;0;0;0;0;0;0;0;0;0;0;0
134;nasa x38.doc_134;FTSS shall [SRS290], in ICP and FCP IBIT failure cases that allow processing to continue, after saving the results of IBIT for reporting to the application, in the first minor frame after Startup or recovery, consider the FCR to be failed, and start performing recovery actions for the FCR.;F;0;1;0;0;0;0;0;0;0;0;0;0;0
135;nasa x38.doc_135;Continuous BIT executes on the FCP at all times after initialization is complete. ;F;0;1;0;0;0;0;0;0;0;0;0;0;0
136;nasa x38.doc_136;In general, these tests execute system-wide tests using the fault tolerance characteristics of the FTPP architecture.;NFR;1;0;0;0;0;0;0;0;0;0;0;0;0
137;nasa x38.doc_137;Continuous BIT, in conjunction with Redundancy Management and Scheduler operations running in the 50 Hz rategroup after the application tasks, shall [SRS091] take less than 2 milliseconds under nominal no-fault conditions.;NFR;1;0;0;0;0;0;0;0;0;0;0;0;0
138;nasa x38.doc_138;Continuous BIT, in conjunction with Redundancy Management and Scheduler operations running in the 50 Hz rategroup after the application tasks, shall [SRS183] take less than 3 milliseconds while processing faults.;F;0;1;0;0;0;0;0;0;0;0;0;0;0
139;nasa x38.doc_139;Continuous BIT shall [SRS093] execute on the FCP virtual group.;F;0;1;0;0;0;0;0;0;0;0;0;0;0
140;nasa x38.doc_140;Continuous BIT shall [SRS094] reset the processor’s built-in watchdog timer at 50 Hz. A failure to reset the watchdog timer within the allotted time (nominally 1.6 seconds) will generate a processor reset.;F;0;1;0;0;0;0;0;0;0;0;0;0;0
141;nasa x38.doc_141;Continuous BIT shall [SRS095] exercise the presence test at 50 Hz to ensure that all processors in the FCP virtual group are synchronized.;F;0;1;0;0;0;0;0;0;0;0;0;0;0
142;nasa x38.doc_142;The presence test shall [SRS184] also ascertain that all processors are executing the same 50 Hz, 10 Hz and 1 Hz frames.;F;0;1;0;0;0;0;0;0;0;0;0;0;0
143;nasa x38.doc_143;Continuous BIT shall [SRS096] diagnose the faulty FCR within 1 second after detecting a failure.;F;0;1;0;0;0;0;0;0;0;0;0;0;0
144;nasa x38.doc_144;Continuous BIT shall [SRS097] detect a failed ICP processor by detecting the absence of a periodic message for 2 consecutive minor cycles.;F;0;1;0;0;0;0;0;0;0;0;0;0;0
145;nasa x38.doc_145;Continuous BIT shall [SRS098] report all diagnosed failures and recovery actions to the application for incorporation in the telemetry stream.;F;0;1;0;0;0;0;0;0;0;0;0;0;0
146;nasa x38.doc_146;RAM scrub shall [SRS043] actively trigger the EDAC function by cyclically reading (and writing back if an error is found) all used RAM.;F;0;1;0;0;0;0;0;0;0;0;0;0;0
147;nasa x38.doc_147;RAM scrub shall [SRS044] report detected errors to the application, congruently on all channels, via an API service for inclusion in the telemetry stream.;F;0;1;0;0;0;0;0;0;0;0;0;0;0
148;nasa x38.doc_148;RAM scrub shall [SRS187] be capable of scrubbing at least 10 megabytes every 8 minutes, given at least 1% of the CPU is available for this processing.;F;0;1;0;0;0;0;0;0;0;0;0;0;0
149;nasa x38.doc_149;RAM scrub shall [SRS275] not scrub the area used for telemetry data.;F;0;1;0;0;0;0;0;0;0;0;0;0;0
150;nasa x38.doc_150;Redundancy Management maintains the mapping of physical hardware to virtual groups. ;NFR;1;0;0;0;0;0;0;0;0;0;0;0;0
151;nasa x38.doc_151;This capability reconfigures the mapping in response to a diagnosis of a failed component, which can be a failed processor, failed network element or a link failure. Redundancy Management also performs transient fault analysis within constraints dictated by the mission management application software.;NFR;1;0;0;0;0;0;0;0;0;0;0;0;0
152;nasa x38.doc_152;Redundancy Management shall [SRS099] provide an API call to enable the application to retrieve the health status of the processors, network elements, network element links, MPCCs, and ICP controlled interfaces.;NFR;1;0;0;0;0;0;0;0;0;0;0;0;0
153;nasa x38.doc_153;Redundancy Management shall [SRS100] provide an API call to enable the application to request that the FTSS RM software initiate a voted reset of a channel.;NFR;1;0;0;0;0;0;0;0;0;0;0;0;0
154;nasa x38.doc_154;Redundancy Management shall [SRS201] be able to accommodate power up of all 5 channels and maintain all 5 NEs active, assuming no failures.;NFR;1;0;0;0;0;0;0;0;0;0;0;0;0
155;nasa x38.doc_155;The virtual group configuration defines the mapping of physical hardware to virtual group(s). ;F;0;1;0;0;0;0;0;0;0;0;0;0;0
156;nasa x38.doc_156;It defines the redundancy of each virtual group and the location of the processors in the VME backplane.;NFR;1;0;0;0;0;0;0;0;0;0;0;0;0
157;nasa x38.doc_157;This mapping of virtual group member(s) is maintained as an ordered pair of network element and port on the associated network element.;F;0;1;0;0;0;0;0;0;0;0;0;0;0
158;nasa x38.doc_158;Redundancy Management shall [SRS101] define an initial mapping of physical hardware to virtual group identifiers consisting of 1 quadruplex FCP virtual group and 5 ICP simplexes.;NFR;1;0;0;0;0;0;0;0;0;0;0;0;0
159;nasa x38.doc_159;If an FCR is diagnosed as faulty during Startup, Redundancy Management shall [SRS102] exclude the FCP in the faulty channel from the initial FCP virtual group configuration.;NFR;1;0;0;0;0;0;0;0;0;0;0;0;0
160;nasa x38.doc_160;Redundancy Management configures the FCP virtual group, the network element, and the interconnection links for recovery of hardware resources in the operational system. ;NFR;1;0;0;0;0;0;0;0;0;0;0;0;0
161;nasa x38.doc_161;Redundancy Management determines the recovery strategy to be executed based upon current configuration and whether alignment is permitted.;NFR;1;0;0;0;0;0;0;0;0;0;0;0;0
162;nasa x38.doc_162;When a fault occurs, the configuration will change. ;F;0;1;0;0;0;0;0;0;0;0;0;0;0
163;nasa x38.doc_163;The new configuration depends on the previous configuration.;F;0;1;0;0;0;0;0;0;0;0;0;0;0
164;nasa x38.doc_164;All the possible configuration changes are shown in REF _Ref504962431 Figure 3‑2.;F;0;1;0;0;0;0;0;0;0;0;0;0;0
165;nasa x38.doc_165;When the FCP virtual group is configured as a triplex, and if the NEFU is still active (4 NEs active total), and a failed FCR other than the NEFU has been diagnosed, Redundancy Management shall [SRS282] degrade the FCP virtual group to degraded triplex, removing the FCR. ;NFR;1;0;0;0;0;0;0;0;0;0;0;0;0
166;nasa x38.doc_166;The NE and the processors on the failed FCR will be removed from the NEs’ Configuration Table (CT) and recovery of that channel will then take place, if alignment is permitted. Note that a failed FCR could be diagnosed using any method, including (but not limited to) Continuous BIT, ICP presence test, or NE syndrome analysis.;F;0;1;0;0;0;0;0;0;0;0;0;0;0
167;nasa x38.doc_167;If the FCP is configured as a triplex, and if the NEFU is not still active (3 NEs active total), and another failure in the FCP FCR is diagnosed, Redundancy Management shall [SRS284] mask out the processors on the failed FCR. ;NFR;1;0;0;0;0;0;0;0;0;0;0;0;0
168;nasa x38.doc_168;The NE will remain in the CT and no recovery will take place. Note that a failed FCR could be diagnosed using any method, including (but not limited to) Continuous BIT, ICP presence test, or NE syndrome analysis.;F;0;1;0;0;0;0;0;0;0;0;0;0;0
169;nasa x38.doc_169;If a failure in an FCR other than the NEFU is diagnosed when the FCP is configured as a degraded triplex, no action shall [SRS254] be taken. Note that a failed FCR could be diagnosed using any method, including (but not limited to) Continuous BIT, ICP presence test, or NE syndrome analysis.;F;0;1;0;0;0;0;0;0;0;0;0;0;0
170;nasa x38.doc_170;For the NEFU, if the first failure is diagnosed, Redundancy Management shall [SRS245] issue a configuration update to mask out the failed processor. ;NFR;1;0;0;0;0;0;0;0;0;0;0;0;0
171;nasa x38.doc_171;Note that the NE is allowed to remain in the configuration and no recovery will take place. Note also that the failed NEFU could be diagnosed using any method, including (but not limited to) ICP presence test, or NE syndrome analysis.;F;0;1;0;0;0;0;0;0;0;0;0;0;0
172;nasa x38.doc_172;For the NEFU, if errors are identified after the processor has been masked out, and if at least 4 NEs are still active, the NE shall [SRS283] be removed from the configuration and recovery will be attempted. ;F;0;1;0;0;0;0;0;0;0;0;0;0;0
173;nasa x38.doc_173;If the configuration needs to be changed due to a fault, as specified above, Redundancy Management shall [SRS128] issue a configuration update to mask out the failed network element.;NFR;1;0;0;0;0;0;0;0;0;0;0;0;0
174;nasa x38.doc_174;Redundancy Management shall [SRS109] degrade the FCP virtual group within 3 minor frames of fault detection and isolation.;NFR;1;0;0;0;0;0;0;0;0;0;0;0;0
175;nasa x38.doc_175;Redundancy Management shall [SRS204] issue a voted reset to the failed channel, if alignment is permitted. (Note that NEFU recovery does not depend on whether alignment is permitted.);F;0;1;0;0;0;0;0;0;0;0;0;0;0
176;nasa x38.doc_176;Redundancy Management shall [SRS129] initiate transient NE recovery to restore Byzantine-resilient communications, if alignment is permitted. (Note that NEFU recovery does not depend on whether alignment is permitted.);F;0;1;0;0;0;0;0;0;0;0;0;0;0
177;nasa x38.doc_177;Redundancy Management shall [SRS110] reintegrate a failed FCP processor with the FCP virtual group when alignment is permitted and when the processor failure is not permanent.;NFR;1;0;0;0;0;0;0;0;0;0;0;0;0
178;nasa x38.doc_178;From the time that the FCR failure has been identified, if the components of the FCR are recoverable and alignment is permitted, to the time the FCR is recovered, shall [SRS205] be no more than 1.5 minutes.;F;0;1;0;0;0;0;0;0;0;0;0;0;0
179;nasa x38.doc_179;Redundancy Management shall [SRS208], within 60 milliseconds after 1.5 minutes has elapsed since the voted reset was sent to the failed channel, if the voted reset fails to recover the failed channel and alignment is still allowed, request from the application a power cycle of the channel. (Note that NEFU recovery does not depend on whether alignment is permitted.);NFR;1;0;0;0;0;0;0;0;0;0;0;0;0
180;nasa x38.doc_180;Redundancy Management shall [SRS209], within 60 milliseconds after 1.5 minutes has elapsed since the first power cycle request, if the FCR has not been recovered and alignment is still allowed, issue another request to the application for a power cycle of the channel. (Note that NEFU recovery does not depend on whether alignment is permitted.);NFR;1;0;0;0;0;0;0;0;0;0;0;0;0
181;nasa x38.doc_181;Redundancy Management shall [SRS211], if power cycle requests fail to result in a recovered channel, request the application to power down the channel and declare the channel to be permanently failed. Note that the same result will occur if the application software ignores or fails to respond to power cycle requests.;NFR;1;0;0;0;0;0;0;0;0;0;0;0;0
182;nasa x38.doc_182;The application software shall [SRS285] have the capability to reset a permanently failed channel to its initial recovery state.;F;0;1;0;0;0;0;0;0;0;0;0;0;0
183;nasa x38.doc_183;Redundancy Management shall [SRS117] reintegrate a processor that is temporarily disabled during a time when alignment was not permitted, when alignment is subsequently permitted. ;NFR;1;0;0;0;0;0;0;0;0;0;0;0;0
184;nasa x38.doc_184;Redundancy Management picks up where it left off in these attempts.;NFR;1;0;0;0;0;0;0;0;0;0;0;0;0
185;nasa x38.doc_185;For example, if Redundancy Management is at 1 minute in its 1.5 minute wait for a channel after the first power cycle request, and alignment is not allowed, when alignment is subsequently allowed Redundancy Management will wait another half minute and then try the next power cycle request.;F;0;1;0;0;0;0;0;0;0;0;0;0;0
186;nasa x38.doc_186;An API call shall [SRS274] be provided that allows the application to notify FTSS that an FCR is intentionally being powered down.;NFR;1;0;0;0;0;0;0;0;0;0;0;0;0
187;nasa x38.doc_187;Redundancy Management shall [SRS302] provide an API call to allow the application to specify whether recovery and alignment of failed FCRs is permitted. Note that recovery of the NEFU is always considered to be permitted.;NFR;1;0;0;0;0;0;0;0;0;0;0;0;0
188;nasa x38.doc_188;When memory alignment is permitted, Redundancy Management attempts to reintegrate a processor with the other members of its original FCP virtual group by commanding the affected FCP virtual group to perform re-synchronization operations. ;NFR;1;0;0;0;0;0;0;0;0;0;0;0;0
189;nasa x38.doc_189;Redundancy Management aligns the memory, clocks, cache, and other internal registers of the failed processor after synchronization has been achieved.;NFR;1;0;0;0;0;0;0;0;0;0;0;0;0
190;nasa x38.doc_190;While synchronization is being attempted, the FCP virtual group shall [SRS123] maintain synchronous operations.;F;0;1;0;0;0;0;0;0;0;0;0;0;0
191;nasa x38.doc_191;Only when memory alignment is permitted, Redundancy Management shall [SRS124] initiate periodic re-synchronization attempts on the FCP virtual group at a 1 second rate.;NFR;1;0;0;0;0;0;0;0;0;0;0;0;0
192;nasa x38.doc_192;Redundancy Management shall [SRS125] perform memory alignment on a major frame boundary upon successful synchronization of all members of the FCP virtual group.;NFR;1;0;0;0;0;0;0;0;0;0;0;0;0
193;nasa x38.doc_193;Redundancy Management shall [SRS281], during memory alignment, configure the NE to mask out the processor being re-synchronized.;NFR;1;0;0;0;0;0;0;0;0;0;0;0;0
194;nasa x38.doc_194;Redundancy Management shall [SRS271] notify the application that alignment and reintegration of a processor will take place in 1 second.;NFR;1;0;0;0;0;0;0;0;0;0;0;0;0
195;nasa x38.doc_195;Redundancy Management shall [SRS272] wait for the ICP to signal that it has completed initialization before suspending the application for memory re-alignment.;NFR;1;0;0;0;0;0;0;0;0;0;0;0;0
196;nasa x38.doc_196;During alignment, Redundancy Management shall [SRS126] update MET (and, by extension, SEP).;F;0;1;0;0;0;0;0;0;0;0;0;0;0
197;nasa x38.doc_197;Redundancy Management shall [SRS214], if alignment is permitted, incorporate a new channel within 1.5 minutes after power is applied to the channel.;F;0;1;0;0;0;0;0;0;0;0;0;0;0
198;nasa x38.doc_198;Redundancy Management shall [SRS236], if alignment is permitted, serially incorporate two new channels if they are powered on simultaneously.;NFR;1;0;0;0;0;0;0;0;0;0;0;0;0
199;nasa x38.doc_199;The FTSS API shall [SRS046] define a methodology for segregating and managing congruent aligned, congruent initialized, and non-congruent memory such that congruent aligned memory is aligned and congruent initialized memory is initialized during channel recovery.;F;0;1;0;0;0;0;0;0;0;0;0;0;0
200;nasa x38.doc_200;Non-congruent memory is not modified during realignment.;F;0;1;0;0;0;0;0;0;0;0;0;0;0
201;nasa x38.doc_201;The FTSS API shall [SRS217] specify a memory map that provides the boundaries for congruent aligned memory, congruent initialized memory, and non-congruent memory.;F;0;1;0;0;0;0;0;0;0;0;0;0;0
202;nasa x38.doc_202;"Memory alignment occurs when a channel has been out of synchrony for some amount of time and then re-synchronizes with the other channels. The amount of time the channel is out of synchrony depends on the recovery mechanism. It could take as much as 4.5 minutes for the channel to be recovered and re-aligned (1.5 minutes per attempt for 3 attempts). The channel that is being brought back into synchrony is the ""target"" channel.";F;0;1;0;0;0;0;0;0;0;0;0;0;0
203;nasa x38.doc_203;Memory alignment shall [SRS045] align processor state and congruent aligned memory locations. ;F;0;1;0;0;0;0;0;0;0;0;0;0;0
204;nasa x38.doc_204;Processor state includes all registers. It also includes those timers used by FTSS.;F;0;1;0;0;0;0;0;0;0;0;0;0;0
205;nasa x38.doc_205;The re-align function shall [SRS186] write the voted value from the currently synchronized channels into the target channel.;F;0;1;0;0;0;0;0;0;0;0;0;0;0
206;nasa x38.doc_206;FTSS shall [SRS200] initialize congruent initialized memory locations from non-volatile memory.;F;0;1;0;0;0;0;0;0;0;0;0;0;0
207;nasa x38.doc_207;Memory alignment shall [SRS203] take no more than 1 second per Megabyte of data to be realigned.;F;0;1;0;0;0;0;0;0;0;0;0;0;0
208;nasa x38.doc_208;The FCP watchdog timer shall [SRS293] remain active during memory re-alignment.;F;0;1;0;0;0;0;0;0;0;0;0;0;0
209;nasa x38.doc_209;Memory alignment shall [SRS294] reset the watchdog timer such that, in the absence of a fault, the timer never expires and resets the processor.;F;0;1;0;0;0;0;0;0;0;0;0;0;0
210;nasa x38.doc_210;If transmission status indicates an error in telemetry and/or remote commanding operations 10 consecutive times, the following actions shall [SRS298] be taken:;F;0;1;0;0;0;0;0;0;0;0;0;0;0
211;nasa x38.doc_211;Support Services shall [SRS299] switch to the redundant MPCC device to continue telemetry and/or remote commanding operations. Note that there are only two CTCs. CTC1 is connected to FCC1 and FCC3. CTC2 is connected to FCC2 and FCC4.;F;0;1;0;0;0;0;0;0;0;0;0;0;0
212;nasa x38.doc_212;Support Services shall [SRS242] continue to close and reopen a faulty MPCC device until status shows that the device has recovered.;F;0;1;0;0;0;0;0;0;0;0;0;0;0
213;nasa x38.doc_213;In all error cases, Support Services shall [SRS222] attempt to choose an error-free FCC-MPCC path, switching back and forth between channels if necessary.;F;0;1;0;0;0;0;0;0;0;0;0;0;0
214;nasa x38.doc_214;Support Services shall [SRS286] provide an API call which allows the application to specify which MPCC channels in a C&T FCR should be used for telemetry and/or command reception.;F;0;1;0;0;0;0;0;0;0;0;0;0;0
215;nasa x38.doc_215;The telemetry capability shall [SRS148] be capable of transferring 12,800 bytes within the 10 Hz frame from the FCP.;F;0;1;0;0;0;0;0;0;0;0;0;0;0
216;nasa x38.doc_216;The telemetry capability shall [SRS149] transfer the telemetry block from the FCP to the FCC-MPCC connected to the CTC.;F;0;1;0;0;0;0;0;0;0;0;0;0;0
217;nasa x38.doc_217;The telemetry capability shall [SRS150] signal the FCC-MPCC to transfer the telemetry block to the CTC.;F;0;1;0;0;0;0;0;0;0;0;0;0;0
218;nasa x38.doc_218;The telemetry capability shall [SRS300] provide status data to FTSS FDI about each FCC-MPCC RS-422 link to the CTC.;F;0;1;0;0;0;0;0;0;0;0;0;0;0
219;nasa x38.doc_219;Support Services shall [SRS151] provide an API call to specify the address and length of a telemetry buffer.;F;0;1;0;0;0;0;0;0;0;0;0;0;0
220;nasa x38.doc_220;Support Services shall [SRS257] use no more than 5.2 milliseconds of FCP processing time to move the telemetry data to the FCC-MPCC board and complete communication and error handling for the FCC-MPCC board.;F;0;1;0;0;0;0;0;0;0;0;0;0;0
221;nasa x38.doc_221;The Command Read capability shall [SRS152] check for the presence of a command and status message from each CTC on each FCC-MPCC at 10hz.;F;0;1;0;0;0;0;0;0;0;0;0;0;0
222;nasa x38.doc_222;The Command Read capability on each FCP shall [SRS153] read the command data received from each CTC via the FCC-MPCC.;F;0;1;0;0;0;0;0;0;0;0;0;0;0
223;nasa x38.doc_223;FTSS shall [SRS304] provide status data to the application about each FCC-MPCC RS-422 link to the CTC used for command data.;F;0;1;0;0;0;0;0;0;0;0;0;0;0
224;nasa x38.doc_224;Support Services shall [SRS156] provide an API call to provide the current command data.;F;0;1;0;0;0;0;0;0;0;0;0;0;0
225;nasa x38.doc_225;FTSS shall [SRS249] provide an API call which closes and deletes all rate groups, deletes all communication mechanisms (including any internal to FTSS), and then deletes all tasks.;NFR;1;0;0;0;0;0;0;0;0;0;0;0;0
226;nasa x38.doc_226;The FTSS software and the VxWorks operating system, together shall [SRS193] utilize no more than 3 megabytes of ROM.;F;0;1;0;0;0;0;0;0;0;0;0;0;0
227;nasa x38.doc_227;The largest single block of data transmitted on the VME Bus by the FTSS shall [SRS223] transmit in no longer than 100 microseconds.;F;0;1;0;0;0;0;0;0;0;0;0;0;0
228;nasa x38.doc_228;All FTSS data provided for telemetry (as specified in the requirements) shall [SRS250] fit within the allocated budget of 5000 bits per second.;F;0;1;0;0;0;0;0;0;0;0;0;0;0
229;nasa x38.doc_229;In addition, the FTSS software shall [SRS280] provide up to 600 bits of start-up data that indicates the state of the FTPP system during start-up.;F;0;1;0;0;0;0;0;0;0;0;0;0;0
230;nasa x38.doc_230;The FTSS software shall [SRS159] be written in the C programming language.;F;0;1;0;0;0;0;0;0;0;0;0;0;0
231;nasa x38.doc_231;FTSS shall [SRS160] use the VxWorks Operating System version 5.4.;F;0;1;0;0;0;0;0;0;0;0;0;0;0
232;nasa x38.doc_232;The FTSS software and the VxWorks operating system shall [SRS258] utilize no more than 9 Megabytes of DRAM code and data space.;F;0;1;0;0;0;0;0;0;0;0;0;0;0
233;nasa x38.doc_233;Of the 9 Megabytes of DRAM allocation, only 4 Megabytes of FTSS/VxWork’s DRAM shall [SRS259] be re-aligned during any re-alignment attempts.;F;0;1;0;0;0;0;0;0;0;0;0;0;0
234;nasa x38.doc_234;FTSS shall [SRS253] be compiled, linked and downloaded using Tornado 2 for the NT environment prior to delivery, for all engineering and formal releases.;F;0;1;0;0;0;0;0;0;0;0;0;0;0
235;nasa x38.doc_235;FTSS object modules linked to the application on the four FCPs shall [SRS166] be identical.;F;0;1;0;0;0;0;0;0;0;0;0;0;0
236;nasa x38.doc_236;After initial synchronization, the FCPs shall [SRS168] remain synchronized until a hardware fault occurs. For example, asymmetric I/O calls will not be allowed to induce a large enough skew to force the FCPs to desynchronize.;F;0;1;0;0;0;0;0;0;0;0;0;0;0
237;nasa x38.doc_237;FTSS shall [SRS303] provide an API call to allow the ICP application to determine on which channel it resides.;F;0;1;0;0;0;0;0;0;0;0;0;0;0
238;nasa x38.doc_238;FTSS shall [SRS225] provide an API call to allow applications to send a status message to FDIR running on the FCP.;F;0;1;0;0;0;0;0;0;0;0;0;0;0
239;nasa x38.doc_239;"FTSS shall [SRS226] provide ""immediate"" message passing services in the form of ""pipes"".";F;0;1;0;0;0;0;0;0;0;0;0;0;0
240;nasa x38.doc_240;"""Pipes"" provide fast data throughput between virtual groups or within a virtual group when minimal data latency is necessary.";F;0;1;0;0;0;0;0;0;0;0;0;0;0
241;nasa x38.doc_241;FTSS shall [SRS227] route messages to the proper virtual group(s) and socket.;NFR;1;0;0;0;0;0;0;0;0;0;0;0;0
242;nasa x38.doc_242;If there is insufficient space to enqueue a message for transmission, FTSS shall [SRS228] return an error to the corresponding task.;F;0;1;0;0;0;0;0;0;0;0;0;0;0
243;nasa x38.doc_243;Sockets are non-blocking and place the burden of polling on the application task.;F;0;1;0;0;0;0;0;0;0;0;0;0;0
244;nasa x38.doc_244;"FTSS shall [SRS230] only allow a single task residing on each specified virtual group to ""open"" the respective end of the pipe.";NFR;1;0;0;0;0;0;0;0;0;0;0;0;0
245;nasa x38.doc_245;The presence or absence of an NEFU ICP shall [SRS220] not impact the FTSS software (i.e. the FTSS ICP load will not be different).;F;0;1;0;0;0;0;0;0;0;0;0;0;0
246;nasa x38.doc_246;The FTSS shall [SRS231] provide an API call to retrieve the current minor frame number sent from the FCP over the VME interface. Note that the NEFU ICP will not have this information since it does not have an FCP processor.;F;0;1;0;0;0;0;0;0;0;0;0;0;0
247;nasa x38.doc_247;The FTSS shall [SRS232] provide an API call to retrieve the current MET value sent from the FCP over the VME interface. Note that the NEFU ICP will not have this information since it does not have an FCP processor.;F;0;1;0;0;0;0;0;0;0;0;0;0;0
248;nasa x38.doc_248;The FTSS shall [SRS233] provide an API call to retrieve the current SEP value sent from the FCP over the VME interface. Note that the NEFU ICP will not have this information since it does not have an FCP processor.;F;0;1;0;0;0;0;0;0;0;0;0;0;0
249;nasa x38.doc_249;The FTSS shall [SRS295] notify the application on the ICP, via an API call, 2 minor frames prior to an alignment.;F;0;1;0;0;0;0;0;0;0;0;0;0;0
250;nasa x38.doc_250;Each FTPP shall (3.1.1) consist of five (5) NEs (one for each FCC and one for the NEFU) and FTSS software.;F;0;1;0;0;0;0;0;0;0;0;0;0;0
251;nasa x38.doc_251;For the FTPP system (5 NEs per flight system), the contractor shall (3.1.2) deliver the following end products: the FTPP spare hardware shall (3.1.28) include one (1) radiation hardened FTPP set (5 NEs) and three (3) individual NEs including all optical connects, cables, and required accessories which are flight certified to meet the requirements specified herein for the X-38 space flight vehicles, the contractor shall (3.1.3) develop a preliminary design for the FTPP Architecture, this system shall (3.1.4) provide real time redundancy and fault tolerance among the four FCCs and the NEFU, the FTPP system shall not (3.1.5) solely exceed these timing requirement budgets, in the presence of a maximum 2.5 second power-on skew, the FTPP system shall (3.1.6) be capable of completing FCC system power-up and initialization without synchronization errors.;F;0;1;0;0;0;0;0;0;0;0;0;0;0
252;nasa x38.doc_252;Following power being applied to all five chassis, the FTPP system shall (3.1.7) become operational in at most 1.5 minutes.;F;0;1;0;0;0;0;0;0;0;0;0;0;0
253;nasa x38.doc_253;The FTPP shall (3.1.26) detect a babbling NE or ICP within 20 milliseconds of the receipt of the first erroneous packet.;F;0;1;0;0;0;0;0;0;0;0;0;0;0
254;nasa x38.doc_254;The FTPP shall (3.1.27) recover from a babbling NE or ICP within 40 milliseconds after it is detected.;F;0;1;0;0;0;0;0;0;0;0;0;0;0
255;nasa x38.doc_255;An exchange of a single packet of data from an ICP to the FCPs via the NE shall (3.1.8) take no longer than 200 microseconds.;F;0;1;0;0;0;0;0;0;0;0;0;0;0
256;nasa x38.doc_256;An exchange and broadcast of a single packet of data from the FCPs to the ICPs and the FCPs via the NE shall (3.1.9) take no longer than 150 microseconds. ;F;0;1;0;0;0;0;0;0;0;0;0;0;0
257;nasa x38.doc_257;A packet size is assumed to be 60 bytes.;F;0;1;0;0;0;0;0;0;0;0;0;0;0
258;nasa x38.doc_258;Under no fault conditions, after initial power on, the FTPP system shall (3.1.10) create six Virtual Groups (VGs), a fault masking FCP, and the five ICPs, and enter the data in the NE Configuration Table (CT).;F;0;1;0;0;0;0;0;0;0;0;0;0;0
259;nasa x38.doc_259;From the time that the NE failure has been identified, and the NE is recoverable, to the time the NE is recovered shall (3.1.11) be no more than 1.5 minutes.;F;0;1;0;0;0;0;0;0;0;0;0;0;0
260;nasa x38.doc_260;The FTPP shall (3.1.12) be capable of restoring a corrected faulty computer into the flight critical computer set.;F;0;1;0;0;0;0;0;0;0;0;0;0;0
261;nasa x38.doc_261;The FTPP shall (3.1.14) take no more than 1 second per Megabyte of data to be realigned.;F;0;1;0;0;0;0;0;0;0;0;0;0;0
262;nasa x38.doc_262;The failed channel, provided it is recoverable, shall (3.1.15) be recovered in less than 1.5 minutes.;F;0;1;0;0;0;0;0;0;0;0;0;0;0
263;nasa x38.doc_263;The FTPP voting implementation shall (3.1.16) isolate and remove a faulty computer from the flight critical computer set within 60 milliseconds, once the fault has manifested itself.;F;0;1;0;0;0;0;0;0;0;0;0;0;0
264;nasa x38.doc_264;The FTPP system shall (3.1.17) be two fault tolerant for any two non-simultaneous hardware faults through out all phases of the X-38 mission (i.e., from power on to power off, without degradation).;F;0;1;0;0;0;0;0;0;0;0;0;0;0
265;nasa x38.doc_265;The FTPP system shall (3.1.18) be capable of powering up and operating with any combination of 3 of the 5 FCR's active.;F;0;1;0;0;0;0;0;0;0;0;0;0;0
266;nasa x38.doc_266;The FTPP system shall (3.1.19) be able to accommodate power up of all 5 channels and maintain all 5 NEs active, assuming no failures.;F;0;1;0;0;0;0;0;0;0;0;0;0;0
267;nasa x38.doc_267;The FTPP system shall (3.1.20) incorporate additional channels in the active set as they are powered-on by the application software.;F;0;1;0;0;0;0;0;0;0;0;0;0;0
268;nasa x38.doc_268;After the initial power-up of only two FCRs and the NEFU, the FTPP system shall (3.1.25) be able to incorporate two more FCRs, upon their simultaneous or separate power-up.;F;0;1;0;0;0;0;0;0;0;0;0;0;0
269;nasa x38.doc_269;The FTPP system shall (3.1.21) monitor for the presence of new channels at a 1 Hz periodic rate.;F;0;1;0;0;0;0;0;0;0;0;0;0;0
270;nasa x38.doc_270;All healthy FCRs shall (3.1.22) be incorporated as they become available.;F;0;1;0;0;0;0;0;0;0;0;0;0;0
271;nasa x38.doc_271;All FCP processing channels (up to 4) shall (3.1.23) be incorporated into the FCP virtual group as they become available, provided that recovery and memory alignment is allowed by the application software.;F;0;1;0;0;0;0;0;0;0;0;0;0;0
272;nasa x38.doc_272;When memory realignment is not permitted, the FTPP system shall (3.1.24) maintain, at a minimum, 3 channels of I/O or 2 channels of I/O and the NEFU.;F;0;1;0;0;0;0;0;0;0;0;0;0;0
273;nasa x38.doc_273;The FCC hardware shall (3.2.1.1) use 3-digit binary numbers as outlined above for both addresses.;F;0;1;0;0;0;0;0;0;0;0;0;0;0
274;nasa x38.doc_274;The X-38 NE shall (3.2.2.1.1) provide four types of data exchange primitives as described below, in accordance with the Byzantine-resilient replicated determinism requirements described in [1]. (Class 0, 1, 2, Broadcast);F;0;1;0;0;0;0;0;0;0;0;0;0;0
275;nasa x38.doc_275;The NE shall (3.2.2.2.1) keep track of the grouping of physical processors into virtual groups. This mapping is contained in the Configuration Table (CT).;F;0;1;0;0;0;0;0;0;0;0;0;0;0
276;nasa x38.doc_276;The CT shall (3.2.2.2.2) also contain time-outs and vote masks.;F;0;1;0;0;0;0;0;0;0;0;0;0;0
277;nasa x38.doc_277;It shall (3.2.2.2.3) be possible to modify the CT whenever any of this information is changed by using a CT update primitive in a synchronous and atomic manner.;F;0;1;0;0;0;0;0;0;0;0;0;0;0
278;nasa x38.doc_278;The NE shall (3.2.2.3.1) be configured to automatically enter ISYNC microcode following power on.;F;0;1;0;0;0;0;0;0;0;0;0;0;0
279;nasa x38.doc_279;The NE shall (3.2.2.3.2) start transmitting a sync message using class 2 exchanges once 3 fault tolerant clocks have synchronized, thus enabling inter-NE data exchanges.;F;0;1;0;0;0;0;0;0;0;0;0;0;0
280;nasa x38.doc_280;A time-out period shall (3.2.2.3.3) be started when 3 NEs have joined in.;F;0;1;0;0;0;0;0;0;0;0;0;0;0
281;nasa x38.doc_281;The ISYNC procedure shall (3.2.2.3.4) terminate when all 5 NEs are synchronized, four NEs are synchronized (when only four NEs are powered), or after the time-out period.;F;0;1;0;0;0;0;0;0;0;0;0;0;0
282;nasa x38.doc_282;The NE microcode shall (3.2.2.3.6) initialize the time-outs and vote masks in the NE CT using values stored in the NE.;F;0;1;0;0;0;0;0;0;0;0;0;0;0
283;nasa x38.doc_283;The maximum time-out value shall (3.2.2.3.7) be 327.68 microseconds (256 counts of the least significant bit of the fault tolerant clock which is 1.28 microseconds).;F;0;1;0;0;0;0;0;0;0;0;0;0;0
284;nasa x38.doc_284;An NE that fails to synchronize with other NEs during ISYNC after a pre-defined time-out period shall (3.2.2.4.1) then enter TNR microcode.;NFR;1;0;0;0;0;0;0;0;0;0;0;0;0
285;nasa x38.doc_285;An NE shall (3.2.2.4.12) directly enter TNR microcode after a voted reset or an NE watchdog timer reset.;NFR;1;0;0;0;0;0;0;0;0;0;0;0;0
286;nasa x38.doc_286;It shall (3.2.2.4.2) stay in TNR mode indefinitely until a successful TNR exchange is observed.;F;0;1;0;0;0;0;0;0;0;0;0;0;0
287;nasa x38.doc_287;"The operational NEs shall (3.2.2.4.3) enter a ""working group"" TNR routine when the FCPs request to send a TNR packet.";F;0;1;0;0;0;0;0;0;0;0;0;0;0
288;nasa x38.doc_288;If no new NE is observed, the functioning NEs shall (3.2.2.4.6) return to the operational mode within 500 microseconds.;F;0;1;0;0;0;0;0;0;0;0;0;0;0
289;nasa x38.doc_289;If there is a new NE, the state of the reintegrated NE shall (3.2.2.4.13) be made congruent with the state of the operational NEs as follows.;F;0;1;0;0;0;0;0;0;0;0;0;0;0
290;nasa x38.doc_290;The Configuration Table shall (3.2.2.4.7) be exchanged and voted into the newly recovered NE.;F;0;1;0;0;0;0;0;0;0;0;0;0;0
291;nasa x38.doc_291;Time-outs in the scoreboard shall (3.2.2.4.8) be aligned by resetting all time-outs.;F;0;1;0;0;0;0;0;0;0;0;0;0;0
292;nasa x38.doc_292;The global synchronous timer shall (3.2.2.4.9) be realigned by exchanging and voting the timer value.;F;0;1;0;0;0;0;0;0;0;0;0;0;0
293;nasa x38.doc_293;The timer value will stop incrementing until the realignment of the timer is complete.;F;0;1;0;0;0;0;0;0;0;0;0;0;0
294;nasa x38.doc_294;Provided the failed NE is in a recoverable state, recovery of a failed NE shall (3.2.2.4.11) take no longer than 500 microseconds. ;F;0;1;0;0;0;0;0;0;0;0;0;0;0
295;nasa x38.doc_295;This recovery requirement includes the time from which the FTSS software initiates the recovery to the time the recovery is complete.;F;0;1;0;0;0;0;0;0;0;0;0;0;0
296;nasa x38.doc_296;There shall (3.2.2.5.1) be built-in support on the NE for voted resets, including a special packet type for executing the primitive.;F;0;1;0;0;0;0;0;0;0;0;0;0;0
297;nasa x38.doc_297;The NE shall (3.2.2.5.3) provide the capability to perform a voted VME bus reset.;F;0;1;0;0;0;0;0;0;0;0;0;0;0
298;nasa x38.doc_298;The NE shall (3.2.2.6.1) place error syndromes in the input information block whenever a packet is successfully delivered to the FCP.;NFR;1;0;0;0;0;0;0;0;0;0;0;0;0
299;nasa x38.doc_299;The NE syndromes shall (3.2.2.6.2) be located in the second longword of the input information block buffer cell.;F;0;1;0;0;0;0;0;0;0;0;0;0;0
300;nasa x38.doc_300;The NE syndromes shall (3.2.2.6.3) include indications of vote errors, fault-tolerant clock synchronization errors, and fiber-optic link errors, as detailed below.;F;0;1;0;0;0;0;0;0;0;0;0;0;0
301;nasa x38.doc_301;Each syndrome shall (3.2.2.6.4) represent an occurrence of the indicated error at some time between delivery of the previous packet and delivery of the current packet.;F;0;1;0;0;0;0;0;0;0;0;0;0;0
302;nasa x38.doc_302;The scoreboard syndromes shall (3.2.2.6.5) be located in the third longword of the input information block buffer cell.;F;0;1;0;0;0;0;0;0;0;0;0;0;0
303;nasa x38.doc_303;They shall (3.2.2.6.6) include indications of scoreboard vote errors, Output Buffer Not Empty (OBNE) time-outs, and Input Buffer Not Full (IBNF) time-outs, as follows.;F;0;1;0;0;0;0;0;0;0;0;0;0;0
304;nasa x38.doc_304;When a majority, but not a unanimity, of FCP members are observed with packets in their output buffers, a time-out shall (3.2.2.6.7) be initiated.;NFR;1;0;0;0;0;0;0;0;0;0;0;0;0
305;nasa x38.doc_305;If the time-out expires before the other members transmit the packet, the remaining member shall (3.2.2.6.8) be ignored, the packet exchanged, and an OBNE time-out recorded.;F;0;1;0;0;0;0;0;0;0;0;0;0;0
306;nasa x38.doc_306;When a majority, but not a unanimity, of FCP members are observed with room in their input buffers, a time-out shall (3.2.2.6.15) be initiated.;F;0;1;0;0;0;0;0;0;0;0;0;0;0
307;nasa x38.doc_307;If the time-out expires before the other members have room in their input buffers, any member without room in their input buffer shall (3.2.2.6.16) be ignored, the packet exchanged, and an IBNF time-out recorded.;F;0;1;0;0;0;0;0;0;0;0;0;0;0
308;nasa x38.doc_308;The timestamps shall (3.2.2.7.2) be congruent across all members of the destination FCP.;F;0;1;0;0;0;0;0;0;0;0;0;0;0
309;nasa x38.doc_309;The NE shall (3.2.2.7.1) place a timestamp in the input information block of each packet successfully delivered to an FCP or ICP.;F;0;1;0;0;0;0;0;0;0;0;0;0;0
310;nasa x38.doc_310;The timestamps shall (3.2.2.7.3) also be congruent across all active processors in the case of a broadcast.;F;0;1;0;0;0;0;0;0;0;0;0;0;0
311;nasa x38.doc_311;The timestamp shall (3.2.2.7.4) be a 32-bit quantity that indicates relative time within the FCC.;F;0;1;0;0;0;0;0;0;0;0;0;0;0
312;nasa x38.doc_312;The resolution of the timestamp shall (3.2.2.7.5) be 1.28 microseconds.;F;0;1;0;0;0;0;0;0;0;0;0;0;0
313;nasa x38.doc_313;When the timestamp counter reaches the maximum value (Hex FFFFFFFF or approximately 5500 seconds), it shall (3.2.2.7.6) wrap around to zero.;F;0;1;0;0;0;0;0;0;0;0;0;0;0
314;nasa x38.doc_314;The timestamp counter shall (3.2.2.7.7) be initialized to zero during ISYNC.;F;0;1;0;0;0;0;0;0;0;0;0;0;0
315;nasa x38.doc_315;The counter shall (3.2.2.7.8) increase monotonically after that, except during TNR.;F;0;1;0;0;0;0;0;0;0;0;0;0;0
316;nasa x38.doc_316;The timestamps shall (3.2.2.7.9) be frozen during TNR until the realignment is complete.;F;0;1;0;0;0;0;0;0;0;0;0;0;0
317;nasa x38.doc_317;The NE shall (3.2.2.8.1) implement in microcode support commands to aid in debugging new NEs and for performing stand-alone diagnostics and self-tests.;F;0;1;0;0;0;0;0;0;0;0;0;0;0
318;nasa x38.doc_318;As a minimum, the following diagnostic functionality shall (3.2.2.8.2) be supported.  1. VMEbus Interface test 2. Message wraparound test 3. Class 1 Voter test  4. Class 2 Voter test 5. Input Buffer Test 6. Output Buffer test  7. CT entry test 8. CT update test  9. Timestamp test;F;0;1;0;0;0;0;0;0;0;0;0;0;0
319;nasa x38.doc_319;The prototype NE shall (3.2.3.1.1.1) reside on a single commercial grade 6U VME board.;F;0;1;0;0;0;0;0;0;0;0;0;0;0
320;nasa x38.doc_320;The prototype NE shall (3.2.3.1.1.2) dissipate no more than 35 Watts.;F;0;1;0;0;0;0;0;0;0;0;0;0;0
321;nasa x38.doc_321;The operating temperature range for the prototype NEs shall (3.2.3.1.1.3) be from 0 to 32.2º C at the inlet to the cooling fans.;F;0;1;0;0;0;0;0;0;0;0;0;0;0
322;nasa x38.doc_322;The storage temperature range shall (3.2.3.1.1.4) be from - 30º to + 60º C.;F;0;1;0;0;0;0;0;0;0;0;0;0;0
323;nasa x38.doc_323;The prototype NE shall (3.2.3.1.1.6) be fabricated using commercial grade components.;F;0;1;0;0;0;0;0;0;0;0;0;0;0
324;nasa x38.doc_324;Each flight NE shall (3.2.3.1.2.1) reside on a single ruggedized, wedge-locked, conduction-cooled 6U VME board.;F;0;1;0;0;0;0;0;0;0;0;0;0;0
325;nasa x38.doc_325;It shall (3.2.3.1.2.2) be able to be installed in an Air Transportable Rack (ATR) Chassis with .8 pitch spacing card slots.;F;0;1;0;0;0;0;0;0;0;0;0;0;0
326;nasa x38.doc_326;The conduction-cooled boards’ mechanical core shall (3.2.3.1.2.3) be designed in accordance with IEEE 1101.2.;F;0;1;0;0;0;0;0;0;0;0;0;0;0
327;nasa x38.doc_327;Power de-coupling mechanisms shall (3.2.3.1.2.4) be designed into the NE.;F;0;1;0;0;0;0;0;0;0;0;0;0;0
328;nasa x38.doc_328;Backplane connector form factors shall (3.2.3.1.2.5) be in accordance with the VME64 with extensions (5 row P1 and P2) draft standard.;F;0;1;0;0;0;0;0;0;0;0;0;0;0
329;nasa x38.doc_329;"Connector P2 shall (3.2.3.1.2.6) have all pins in row z connected to ground;Row d pins 1 through 31 connected to ground and row d pin 32 connected to +5 VDC.";F;0;1;0;0;0;0;0;0;0;0;0;0;0
330;nasa x38.doc_330;Connector P1 shall (3.2.3.1.2.7) have Row z pins 1 through 32 connected to ground, row d pins 1 and 32 connected to +5 VDC, row d pins 2 through 31 connected to ground with the exception of pins 3 through 8, pins 12, 14, 16, 18, 20, 22, 24, 26, 28, and 30 which will not be connected.;F;0;1;0;0;0;0;0;0;0;0;0;0;0
331;nasa x38.doc_331;Connector P1 pins 1 and 32 of row d shall (3.2.3.1.2.8) be connected to +5V.;F;0;1;0;0;0;0;0;0;0;0;0;0;0
332;nasa x38.doc_332;The inter-NE communications shall (3.2.3.1.2.9) be through fiber.;F;0;1;0;0;0;0;0;0;0;0;0;0;0
333;nasa x38.doc_333;Test points shall (3.2.3.1.2.10) be made available at the P2 connector for examining the operational status of the NE.;F;0;1;0;0;0;0;0;0;0;0;0;0;0
334;nasa x38.doc_334;Each flight NE shall (3.2.3.1.2.11) dissipate no more than 35 Watts.;F;0;1;0;0;0;0;0;0;0;0;0;0;0
335;nasa x38.doc_335;Each flight NE shall (3.2.3.1.2.12) be conduction-cooled.;F;0;1;0;0;0;0;0;0;0;0;0;0;0
336;nasa x38.doc_336;Flight hardware shall (3.2.3.1.2.13) be fabricated using radiation-hardened and/or radiation tolerant components.;F;0;1;0;0;0;0;0;0;0;0;0;0;0
337;nasa x38.doc_337;Fabrication and assembly of the boards shall (3.2.3.1.2.14) meet NAS 5300.4(3L), NAS 5300.4(3J-1), NHB5300.4(3A-2), IPC 275, IPC 6011, IPC 6012 and GSFC-S-312-P-003.;F;0;1;0;0;0;0;0;0;0;0;0;0;0
338;nasa x38.doc_338;The flight NE shall (3.2.3.1.3.1) be capable of meeting all performance requirements specified herein during and after exposure to the environmental service conditions specified herein.;F;0;1;0;0;0;0;0;0;0;0;0;0;0
339;nasa x38.doc_339;The flight NE shall (3.2.3.1.3.2) be designed and constructed so that no part of any component shifts in setting, position, or adjustment.;F;0;1;0;0;0;0;0;0;0;0;0;0;0
340;nasa x38.doc_340;No degradation shall (3.2.3.1.3.3) be caused in the performance that is specified in Subsections 3.2.3.1.3.1 through 3.2.3.1.3.11;F;0;1;0;0;0;0;0;0;0;0;0;0;0
341;nasa x38.doc_341;The flight NE shall (3.2.3.1.3.1.1) meet the following temperature requirement while operating, 32 F to 149 F (0 C to 65 C) at the card edge.;F;0;1;0;0;0;0;0;0;0;0;0;0;0
342;nasa x38.doc_342;The NE shall (3.2.3.1.3.1.2) operate with a worst case card edge thermal interface temperature of +65 °C for greater than 10 hours.;F;0;1;0;0;0;0;0;0;0;0;0;0;0
343;nasa x38.doc_343;The storage (i.e., non-operating) temperature range for the flight NE shall (3.2.3.1.3.1.3) be from -30 °C to 60 °C.;F;0;1;0;0;0;0;0;0;0;0;0;0;0
344;nasa x38.doc_344;For qualification testing, the flight NE shall (3.2.3.1.3.1.4) meet the following temperature requirement while operating, 12 F to 152 F (-11 C to 66.7 C) at the card edge.;F;0;1;0;0;0;0;0;0;0;0;0;0;0
345;nasa x38.doc_345;The flight NE shall (3.2.3.1.3.2.1) be capable of complying with all of the performance specified herein while not operating during all specified levels.;F;0;1;0;0;0;0;0;0;0;0;0;0;0
346;nasa x38.doc_346;The flight NE shall (3.2.3.1.3.2.1.1) be capable of withstanding the following environment in non-operational mode: Frequency, Hz Qualification Level g2/Hz  20  0.026  20-50 +3 dB/Octave  50-800  0.16 800-2000 -3 dB/Octave 2000 0.026;F;0;1;0;0;0;0;0;0;0;0;0;0;0
347;nasa x38.doc_347;For qualification testing, the sweep time per axis shall (3.2.3.1.3.2.1.2) be 3 minutes, 14.1 g-rms overall.;F;0;1;0;0;0;0;0;0;0;0;0;0;0
348;nasa x38.doc_348;The flight NE shall (3.2.3.1.3.2.1.3) be non operating during the application of this vibration in all axes.;F;0;1;0;0;0;0;0;0;0;0;0;0;0
349;nasa x38.doc_349;The flight NE shall (3.2.3.1.3.3.1) be designed to be capable of complying with all the performance requirements specified herein while being subjected to the total dose, single event upset and latchup immune requirements in SSP 30512 Rev. C.;F;0;1;0;0;0;0;0;0;0;0;0;0;0
350;nasa x38.doc_350;All radiation test results shall (3.2.3.1.3.3.7) be characterized and documented.;F;0;1;0;0;0;0;0;0;0;0;0;0;0
351;nasa x38.doc_351;The flight NE shall (3.2.3.1.3.4.1) be designed to be capable of complying with all the performance requirements specified herein after being subjected to a total of six impact shocks, consisting of six shocks (one in each opposite direction) along each of three orthogonal axes.;F;0;1;0;0;0;0;0;0;0;0;0;0;0
352;nasa x38.doc_352;The waveform and amplitude of the shock pulses shall (3.2.3.1.3.4.2) be sawtooth shock pulse 20g peak, 11 milliseconds nominal duration.;F;0;1;0;0;0;0;0;0;0;0;0;0;0
353;nasa x38.doc_353;The flight NE shall (3.2.3.1.3.5.1) be designed to comply with all of the performance requirements specified herein while withstanding the effects of up to 90% relative humidity, non condensing while operating.;F;0;1;0;0;0;0;0;0;0;0;0;0;0
354;nasa x38.doc_354;The flight NE shall (3.2.3.1.3.6.1) be designed to be capable of complying with all the performance requirements specified herein while non-operating in an atmosphere of 8 to 18 Psia.;F;0;1;0;0;0;0;0;0;0;0;0;0;0
355;nasa x38.doc_355;The flight NE shall (3.2.3.1.3.8.1) be designed to be electromagnetically compatible with the Radstone Power PC 604R.;F;0;1;0;0;0;0;0;0;0;0;0;0;0
356;nasa x38.doc_356;The design, manufacturing, and radiation environment composite failure rate/Mean Time Between Failures (MTBFs) of the flight NE shall (3.2.3.1.3.10.1.1) be predicted using techniques in MIL-HDBK 217 or other commonly accepted procedures.;F;0;1;0;0;0;0;0;0;0;0;0;0;0
357;nasa x38.doc_357;The useful operating service life shall (3.2.3.1.3.10.2.1) be a minimum of 30,000 hours.;F;0;1;0;0;0;0;0;0;0;0;0;0;0
358;nasa x38.doc_358;The useful operating life shall (3.2.3.1.3.10.2.2) be determined by analysis and presented at the critical design review.;F;0;1;0;0;0;0;0;0;0;0;0;0;0
359;nasa x38.doc_359;The flight NE storage life shall (3.2.3.1.3.10.3.1) be 5 years or better.;F;0;1;0;0;0;0;0;0;0;0;0;0;0
360;nasa x38.doc_360;For acceptance testing, the flight NE shall (3.2.3.1.3.12.1.3) meet the following temperature requirement while operating, 32 F to 132 F (0 C to 55.6 C) at the card edge.;F;0;1;0;0;0;0;0;0;0;0;0;0;0
361;nasa x38.doc_361;The ESS random vibration Power Spectral Density for the flight NE shall (3.2.3.1.3.12.2.1) be as follows: Total 10.8 grms …[  Frequency, Hz  Level g2/Hz 20 0.015  20-50 +3 dB/Octave  50-800  0.09 800-2000  -3 dB/Octave 2000 0.015;F;0;1;0;0;0;0;0;0;0;0;0;0;0
362;nasa x38.doc_362;The X-38 NE shall (3.2.3.2.1) be able to communicate with 4 other NEs.;F;0;1;0;0;0;0;0;0;0;0;0;0;0
363;nasa x38.doc_363;The NE shall (3.2.3.2.2) support at least two physical processors per FCR.;F;0;1;0;0;0;0;0;0;0;0;0;0;0
364;nasa x38.doc_364;The NE shall (3.2.3.2.3) support at least 6 virtual groups.;F;0;1;0;0;0;0;0;0;0;0;0;0;0
365;nasa x38.doc_365;The NE shall (3.2.3.2.5) support class 1 and class 2 bandwidth of at least 1 Mbyte/sec.;F;0;1;0;0;0;0;0;0;0;0;0;0;0
366;nasa x38.doc_366;The skew between NEs, measured at delivery of messages to dual-port RAM accessible by the processors via the VME bus, shall (3.2.3.2.6) be no more than 100 nsecs.;F;0;1;0;0;0;0;0;0;0;0;0;0;0
367;nasa x38.doc_367;The NEs shall (3.2.3.2.7) be able to achieve phase-locked synchronization of the fault-tolerant clocks in less than 5 milliseconds from the time the last FCC powered up and exited the reset state;F;0;1;0;0;0;0;0;0;0;0;0;0;0
368;nasa x38.doc_368;The contractor shall (3.2.4.1) maintain a product identification and tracking system.;F;0;1;0;0;0;0;0;0;0;0;0;0;0
369;nasa x38.doc_369;Each NE and flight cable assembly shall (3.2.4.2) be identified by a part or type number and a unique serial number, consistent with the configuration management system and the specification for the contract.;F;0;1;0;0;0;0;0;0;0;0;0;0;0
370;nasa x38.doc_370;The presence, or absence of, an NEFU ICP shall (3.2.5.2) not impact the NE firmware (i.e., the NE firmware will not be different).;F;0;1;0;0;0;0;0;0;0;0;0;0;0
371;nasa x38.doc_371;Fault Tolerant System Services (FTSS) software shall (3.3.1.1) use VxWorks Version 5.4 as the Operating System.;F;0;1;0;0;0;0;0;0;0;0;0;0;0
372;nasa x38.doc_372;The software shall (3.3.1.2) be written in the C programming language, with the exception of the system loader software which may be written in scripts, and operate on a PowerPC 604R.;F;0;1;0;0;0;0;0;0;0;0;0;0;0
373;nasa x38.doc_373;The FTSS software and the VxWorks operating system, together, shall (3.3.1.3) take up no more than 3 Megabytes of ROM, when loaded into FCP or ICP memory.;F;0;1;0;0;0;0;0;0;0;0;0;0;0
374;nasa x38.doc_374;The FTSS software and the VxWorks operating system shall (3.3.1.4) utilize no more than 9 Megabytes of DRAM code and data space.;F;0;1;0;0;0;0;0;0;0;0;0;0;0
375;nasa x38.doc_375;Of the 9 Megabytes of DRAM allocation, only 4 Megabytes of FTSS/VxWork’s DRAM shall (3.3.1.5) be re-aligned during any re-alignment attempts.;F;0;1;0;0;0;0;0;0;0;0;0;0;0
376;nasa x38.doc_376;Upon CPU reset caused by power on, watchdog timer or by other means, Start Up shall (3.3.2.1) execute the initial BIT (IBIT).;F;0;1;0;0;0;0;0;0;0;0;0;0;0
377;nasa x38.doc_377;After successfully completing IBIT, the software shall (3.3.2.3) continue with the initialization of VxWorks and FTSS software.;F;0;1;0;0;0;0;0;0;0;0;0;0;0
378;nasa x38.doc_378;If MPCC IBIT failed, the FTSS SW shall (3.3.2.24) switch to using the redundant MPCC card in that C&T FCR.;F;0;1;0;0;0;0;0;0;0;0;0;0;0
379;nasa x38.doc_379;If the 5th ICP fails, the FTSS SW shall (3.3.2.25) ignore the error and allow the NE to continue the synch process and become part of the voting group, if possible.;F;0;1;0;0;0;0;0;0;0;0;0;0;0
380;nasa x38.doc_380;On each FCP, the FTPP system shall (3.3.2.26) configure the Radstone firmware to perform the IBIT tests shown in Table 3.3.2.1, FCP IBIT Table.;F;0;1;0;0;0;0;0;0;0;0;0;0;0
381;nasa x38.doc_381;The FTPP system shall (3.3.2.27) configure the Radstone processor to halt processing if any of the MPE tests, mentioned in Table 3.3.2.1, FCP IBIT Table, fail.;F;0;1;0;0;0;0;0;0;0;0;0;0;0
382;nasa x38.doc_382;The FTPP system shall (3.3.2.28) configure the Radstone processor to continue processing if any of the Power-up tests or Initial BIT tests mentioned in Table 3.3.2.1, FCP IBIT Table, fail.;F;0;1;0;0;0;0;0;0;0;0;0;0;0
383;nasa x38.doc_383;In all FCP IBIT cases, provided the hardware state permits, the FTSS shall (3.3.2.29) log the error and report it in the X-38 telemetry stream.;F;0;1;0;0;0;0;0;0;0;0;0;0;0
384;nasa x38.doc_384;Upon completion of logging a Power-up test or Initial BIT test failure, the FTSS system shall (3.3.2.43) consider the FCP failed and attempt recovery actions as stated in requirement 3.3.5.29.;F;0;1;0;0;0;0;0;0;0;0;0;0;0
385;nasa x38.doc_385;On each ICP, the FTPP system shall (3.3.2.30) configure the Radstone firmware to perform the IBIT tests shown in Table 3.3.2.2, ICP IBIT Table.;F;0;1;0;0;0;0;0;0;0;0;0;0;0
386;nasa x38.doc_386;The FTPP system shall (3.3.2.31) configure the Radstone processor to halt processing if any of the MPE tests, mentioned in Table 3.3.2.2, ICP IBIT Table, fail.;F;0;1;0;0;0;0;0;0;0;0;0;0;0
387;nasa x38.doc_387;The FTPP system shall (3.3.2.32) configure the Radstone processor to continue processing if any of the Power-up tests or Initial BIT tests mentioned in Table 3.3.2.2, ICP IBIT Table, fail.;F;0;1;0;0;0;0;0;0;0;0;0;0;0
388;nasa x38.doc_388;In all ICP IBIT cases, provided the hardware state permits, the FTSS shall (3.3.2.33) log the error and report it in the X-38 telemetry stream.;F;0;1;0;0;0;0;0;0;0;0;0;0;0
389;nasa x38.doc_389;Upon completion of logging a Power-up test or Initial BIT test failure, the FTSS system shall (3.3.2.44) consider the ICP failed and attempt recovery actions as stated in requirement 3.3.5.29.;F;0;1;0;0;0;0;0;0;0;0;0;0;0
390;nasa x38.doc_390;On each ICP/PMC1553, the FTPP system shall (3.3.2.34) configure the Radstone firmware to perform the IBIT tests shown in Table 3.3.2.3, ICP/PMC1553 IBIT Table.;F;0;1;0;0;0;0;0;0;0;0;0;0;0
391;nasa x38.doc_391;The FTPP system shall (3.3.2.35) configure the Radstone ICP/PMC1553 card to halt processing if any of the MPE tests, mentioned in Table 3.3.2.3, ICP/PMC1553 IBIT Table, fail.;NFR;1;0;0;0;0;0;0;0;0;0;0;0;0
392;nasa x38.doc_392;The FTPP system shall (3.3.2.36) configure the Radstone ICP/PMC1553 card to continue processing if any of the Initial BIT tests mentioned in Table 3.3.2.3, ICP/PMC1553 IBIT Table, fail.;F;0;1;0;0;0;0;0;0;0;0;0;0;0
393;nasa x38.doc_393;In all ICP/PMC1553 IBIT cases, provided the hardware state permits, the FTSS shall (3.3.2.37) log the error and report it in the X-38 telemetry stream.;F;0;1;0;0;0;0;0;0;0;0;0;0;0
394;nasa x38.doc_394;On each MPCC, the FTPP system shall (3.3.2.38) configure the Radstone firmware to perform the IBIT tests shown in Table 3.3.2.4, MPCC IBIT Table.;F;0;1;0;0;0;0;0;0;0;0;0;0;0
395;nasa x38.doc_395;In all MPCC IBIT cases, provided the hardware state permits, the FTSS shall (3.3.2.40) log the error and report it in the X-38 telemetry stream.;F;0;1;0;0;0;0;0;0;0;0;0;0;0
396;nasa x38.doc_396;If IBIT fails, the FTSS SW shall (3.3.2.41) handle the failure as stated in the preceding IBIT requirements and in requirement 3.3.5.29’s table, FTPP Failure Response/Recovery Mechanisms.;F;0;1;0;0;0;0;0;0;0;0;0;0;0
397;nasa x38.doc_397;However, the FTSS SW shall (3.3.2.42) notify the application software if the 5th ICP’s heartbeat ceases to exist.;F;0;1;0;0;0;0;0;0;0;0;0;0;0
398;nasa x38.doc_398;The surviving triplex shall (3.3.2.5) attempt to sync with the failed FCP.;F;0;1;0;0;0;0;0;0;0;0;0;0;0
399;nasa x38.doc_399;If the failed FCP has not synced in 2.5 seconds, after the surviving triplex has detected the loss of the FCP, then the surviving triplex shall (3.3.2.6) send a voted VMEbus reset through the NE to the failed FCP.;F;0;1;0;0;0;0;0;0;0;0;0;0;0
400;nasa x38.doc_400;Start Up shall (3.3.2.12) synchronize its FCP with other operational FCPs.;F;0;1;0;0;0;0;0;0;0;0;0;0;0
401;nasa x38.doc_401;Start Up shall (3.3.2.13) make their state congruent.;F;0;1;0;0;0;0;0;0;0;0;0;0;0
402;nasa x38.doc_402;The FCP state shall (3.3.2.14) include all volatile memory, read/write memory, registers, timers, and counters, except that part of the memory exclusively set aside for channel-unique information.;F;0;1;0;0;0;0;0;0;0;0;0;0;0
403;nasa x38.doc_403;It shall (3.3.2.17) support normal synchronization following power on or reset.;F;0;1;0;0;0;0;0;0;0;0;0;0;0
404;nasa x38.doc_404;Start Up shall (3.3.2.18) be able to synchronize all operational FCPs in the presence of this skew in the power on sequence.;F;0;1;0;0;0;0;0;0;0;0;0;0;0
405;nasa x38.doc_405;Start Up shall (3.3.2.19) test to ensure that all four FCPs are synchronized.;F;0;1;0;0;0;0;0;0;0;0;0;0;0
406;nasa x38.doc_406;Unsynchronized processors shall (3.3.2.20) be excluded from the FCP configuration.;F;0;1;0;0;0;0;0;0;0;0;0;0;0
407;nasa x38.doc_407;During start up the FCP watchdog timer shall (3.3.2.45) be active.;F;0;1;0;0;0;0;0;0;0;0;0;0;0
408;nasa x38.doc_408;System Initialization shall (3.3.2.21) initiate execution of FTSS and X-38 application code.;F;0;1;0;0;0;0;0;0;0;0;0;0;0
409;nasa x38.doc_409;The Mission Manager Template shall (3.3.3.1) provide a mechanism for (but not limited to) creating and controlling task execution, creating message queues and other interprocessor communication mechanisms, and provide on/off capability for processor resynchronization.;F;0;1;0;0;0;0;0;0;0;0;0;0;0
410;nasa x38.doc_410;The Scheduler shall (3.3.4.1) support three rate groups: 50 Hz (minor frame), 10 Hz (medium frame), and 1 Hz (major frame).;F;0;1;0;0;0;0;0;0;0;0;0;0;0
411;nasa x38.doc_411;The FTSS software shall (3.3.4.18) take at most 1 msec of a 50 Hz minor frame.;F;0;1;0;0;0;0;0;0;0;0;0;0;0
412;nasa x38.doc_412;The Scheduler shall (3.3.4.3) set the timer to a count down value so as to cause the next minor frame interrupt at 20 msec (+/- 330 usecs) from the previous interrupt congruently in all operational FCPs.;F;0;1;0;0;0;0;0;0;0;0;0;0;0
413;nasa x38.doc_413;The FTSS software shall (3.3.4.19) provide an API call which provides the application program the minor frame number.;F;0;1;0;0;0;0;0;0;0;0;0;0;0
414;nasa x38.doc_414;Process scheduling shall (3.3.4.4) only be performed at certain controlled locations (synchronization points).;F;0;1;0;0;0;0;0;0;0;0;0;0;0
415;nasa x38.doc_415;The Scheduler shall (3.3.4.5) place processing time bounds on all rate groups to ensure that no rate group monopolizes the FCC's processor.;F;0;1;0;0;0;0;0;0;0;0;0;0;0
416;nasa x38.doc_416;It shall (3.3.4.6) be possible to reassign a task to a different rate group as a function of the mission mode.;F;0;1;0;0;0;0;0;0;0;0;0;0;0
417;nasa x38.doc_417;Tasks within a rate group shall (3.3.4.7) be executed in the order in which the mission manager registers the tasks.;F;0;1;0;0;0;0;0;0;0;0;0;0;0
418;nasa x38.doc_418;It shall (3.3.4.8) be possible to alter the execution sequence of tasks within a rate group as a function of mission mode.;F;0;1;0;0;0;0;0;0;0;0;0;0;0
419;nasa x38.doc_419;Higher iteration tasks shall (3.3.4.9) have higher priority over lower iteration tasks.;F;0;1;0;0;0;0;0;0;0;0;0;0;0
420;nasa x38.doc_420;The Scheduler shall (3.3.4.12) detect 50 Hz, 10 Hz, and 1 Hz frame overruns at the next frame following the end of their respective rate boundaries.;F;0;1;0;0;0;0;0;0;0;0;0;0;0
421;nasa x38.doc_421;The Scheduler shall (3.3.4.13) attempt recovery from a frame overrun according to the following policy:;F;0;1;0;0;0;0;0;0;0;0;0;0;0
422;nasa x38.doc_422;if the scheduler determines that a task did not finish within its specified rate boundary, the scheduler shall (3.3.4.14) signal that a task overrun occurred.;F;0;1;0;0;0;0;0;0;0;0;0;0;0
423;nasa x38.doc_423;When the task restart begins, the FTSS shall (3.3.4.15) provide a mechanism to signal the task to execute its startup recovery actions, including updating the I-Load data and pre-stored last good data state.;F;0;1;0;0;0;0;0;0;0;0;0;0;0
424;nasa x38.doc_424;Following a task overrun, the scheduler shall (3.3.4.17) provide an application programmer's interface call which specifies which task was running within the rate group which has overrun.;F;0;1;0;0;0;0;0;0;0;0;0;0;0
425;nasa x38.doc_425;The FTSS software shall (3.3.4.20) provide a task deadline capability which allows an application to specify which minor frame that an application should start in and finish in.;F;0;1;0;0;0;0;0;0;0;0;0;0;0
426;nasa x38.doc_426;The Scheduler in the FTPP shall (3.3.4.16) keep all redundant copies of a process, which are executing in different computers, in synchronization.;F;0;1;0;0;0;0;0;0;0;0;0;0;0
427;nasa x38.doc_427;The scope of FDIR shall (3.3.5.1) be limited to the hardware on the four FCP boards, the four MPCC/CTC boards, the five ICPs, and the five NEs.;F;0;1;0;0;0;0;0;0;0;0;0;0;0
428;nasa x38.doc_428;FDIR shall (3.3.5.2) receive this information and, after two consecutive missed “heartbeats,” conclude that the ICP is failed.;F;0;1;0;0;0;0;0;0;0;0;0;0;0
429;nasa x38.doc_429;FDIR shall (3.3.5.3) report the total FCC status to the Vehicle/Mission Manager when requested to do so by the Vehicle/Mission Manager.;F;0;1;0;0;0;0;0;0;0;0;0;0;0
430;nasa x38.doc_430;The FDIR shall (3.3.5.4) execute CBIT during all operational phases.;F;0;1;0;0;0;0;0;0;0;0;0;0;0
431;nasa x38.doc_431;The CBIT shall (3.3.5.5) be executed at a 50 Hz rate, after all 50 Hz flight critical operations are complete.;F;0;1;0;0;0;0;0;0;0;0;0;0;0
432;nasa x38.doc_432;"The CBIT, at a minimum, shall (3.3.5.6) include a ""presence test"" to ascertain that all FCP processors are synchronized and are at the same relative point in time in the current minor frame.";F;0;1;0;0;0;0;0;0;0;0;0;0;0
433;nasa x38.doc_433;The presence test shall (3.3.5.7) also ascertain that all processors are executing the same 50 Hz, 10 Hz, and 1 Hz frames.;F;0;1;0;0;0;0;0;0;0;0;0;0;0
434;nasa x38.doc_434;The CBIT shall (3.3.5.8) also arm and reset the hardware watchdog timer.;F;0;1;0;0;0;0;0;0;0;0;0;0;0
435;nasa x38.doc_435;The CBIT shall (3.3.5.10) be executed without interfering with the normal execution of the application tasks.;F;0;1;0;0;0;0;0;0;0;0;0;0;0
436;nasa x38.doc_436;The FDIR shall (3.3.5.11) not take more than 2 msec per minor frame under nominal no-fault conditions.;NFR;1;0;0;0;0;0;0;0;0;0;0;0;0
437;nasa x38.doc_437;The FDIR shall (3.3.5.12) not take more than 3 msec per minor frame while processing faults.;NFR;1;0;0;0;0;0;0;0;0;0;0;0;0
438;nasa x38.doc_438;The FDIR shall (3.3.5.13) be able to discriminate between permanent and non-permanent faults.;NFR;1;0;0;0;0;0;0;0;0;0;0;0;0
439;nasa x38.doc_439;The FDIR shall (3.3.5.14) reset and retry the failed entity, such as an FCP or an NE, to perform this discrimination.;F;0;1;0;0;0;0;0;0;0;0;0;0;0
440;nasa x38.doc_440;To clear the failure, FDIR shall (3.3.5.15) request the Vehicle/Mission Manager to cycle power to that FCR.;F;0;1;0;0;0;0;0;0;0;0;0;0;0
441;nasa x38.doc_441;The FDIR shall (3.3.5.16) be able to identify a fault source, at least to an FCR.;NFR;1;0;0;0;0;0;0;0;0;0;0;0;0
442;nasa x38.doc_442;The FDIR shall (3.3.5.17) place all fault and recovery information in shared memory for inclusion in the frames that will be telemetred and recorded by the CTC.;F;0;1;0;0;0;0;0;0;0;0;0;0;0
443;nasa x38.doc_443;For the first permanent FCP failure, FDIR shall (3.3.5.30) degrade the redundancy level of the FCP from 4 to 3.;NFR;1;0;0;0;0;0;0;0;0;0;0;0;0
444;nasa x38.doc_444;If a second permanent FCP failure occurs, then FDIR shall (3.3.5.31) degrade the redundancy level of the FCP from 3 to 2 and operate in a degraded triplex mode.;NFR;1;0;0;0;0;0;0;0;0;0;0;0;0
445;nasa x38.doc_445;Additionally, FDIR shall (3.3.5.20) reinitialize and integrate an FCP if permitted by the Vehicle/Mission Manager.;F;0;1;0;0;0;0;0;0;0;0;0;0;0
446;nasa x38.doc_446;FTSS shall (3.3.5.35) notify the applications that memory re-alignment and re-integration of an FCP is going to occur in 1 second.;F;0;1;0;0;0;0;0;0;0;0;0;0;0
447;nasa x38.doc_447;FTSS shall (3.3.5.36) wait for the ICP to signal that it has completed initialization before suspending the application for memory re-alignment.;F;0;1;0;0;0;0;0;0;0;0;0;0;0
448;nasa x38.doc_448;The FCP watchdog timer shall (3.3.5.38) remain active during memory re-alignment.;F;0;1;0;0;0;0;0;0;0;0;0;0;0
449;nasa x38.doc_449;Reintegration of an FCP shall (3.3.5.21) be completed in at most 1.5 minutes.;F;0;1;0;0;0;0;0;0;0;0;0;0;0
450;nasa x38.doc_450;It shall (3.3.5.22) be possible to perform voted VMEbus resets via the NEs.;F;0;1;0;0;0;0;0;0;0;0;0;0;0
451;nasa x38.doc_451;For a permanent NE failure, FDIR shall (3.3.5.23) mask the failed NE.;F;0;1;0;0;0;0;0;0;0;0;0;0;0
452;nasa x38.doc_452;For a transient NE failure, FDIR shall (3.3.5.24) mask the failed NE.;F;0;1;0;0;0;0;0;0;0;0;0;0;0
453;nasa x38.doc_453;Additionally, FDIR shall (3.3.5.25) reinitialize and integrate the NE.;F;0;1;0;0;0;0;0;0;0;0;0;0;0
454;nasa x38.doc_454;Intentional powering down of an FCP, ICP, or NE shall (3.3.5.32) not be classified as a fault.;F;0;1;0;0;0;0;0;0;0;0;0;0;0
455;nasa x38.doc_455;FTSS shall (3.3.5.34) provide an API call which allows the application to notify FTSS that an FCP, ICP, or NE is intentionally being powered down.;NFR;1;0;0;0;0;0;0;0;0;0;0;0;0
456;nasa x38.doc_456;FTSS shall (3.3.5.37) provide an API call which allows the application to take an FCR out of the permanently failed state and place it back in the initial recovery state.;F;0;1;0;0;0;0;0;0;0;0;0;0;0
457;nasa x38.doc_457;A failed FCP or NE shall (3.3.5.27) be masked within three minor frames of fault detection and isolation.;NFR;1;0;0;0;0;0;0;0;0;0;0;0;0
458;nasa x38.doc_458;The FTSS FDIR shall (3.3.5.28) exchange the status information of detected faults in the FCP, ICP, NE, and MPCC/CTC hardware with the NASA provided software.;F;0;1;0;0;0;0;0;0;0;0;0;0;0
459;nasa x38.doc_459;"The FTPP system shall (3.3.5.29) perform the ""FTPP Failure Response/Recovery Mechanisms""as listed in the following matrix and notes of interest.";F;0;1;0;0;0;0;0;0;0;0;0;0;0
460;nasa x38.doc_460;Synchronous communication shall (3.3.6.1) be in the form of messages enqueued for transmission at the start of the next rate group frame and dequeued for reading by the recipient task within the next rate group frame after it is received.;F;0;1;0;0;0;0;0;0;0;0;0;0;0
461;nasa x38.doc_461;A transmit packet queue and a receive packet queue shall (3.3.6.7) be maintained for each task or Communication ID (CID).;F;0;1;0;0;0;0;0;0;0;0;0;0;0
462;nasa x38.doc_462;Access to the transmit queues shall (3.3.6.8) be controlled within the communication service primitives .;NFR;1;0;0;0;0;0;0;0;0;0;0;0;0
463;nasa x38.doc_463;Message passing communications primitives shall (3.3.6.9) be provided for task-to-task communication as well as for broadcast to all processors.;F;0;1;0;0;0;0;0;0;0;0;0;0;0
464;nasa x38.doc_464;Broadcast primitives shall (3.3.6.10) not be available on ICPs.;F;0;1;0;0;0;0;0;0;0;0;0;0;0
465;nasa x38.doc_465;For the highest rate group tasks (i.e., tasks that can not be preempted), Immediate Message Services shall (3.3.6.11) also be provided.;F;0;1;0;0;0;0;0;0;0;0;0;0;0
466;nasa x38.doc_466;A version of the Immediate Message Services shall (3.3.6.12) be provided to the ICPs that allows Class 2 writes to NEs and Class 1 reads from NEs.;F;0;1;0;0;0;0;0;0;0;0;0;0;0
467;nasa x38.doc_467;Communications services shall (3.3.6.13) provide a version of Immediate Message Services between rate groups within the FCP that bypasses the NE and that can be used to control and monitor inter-rate group communications.;F;0;1;0;0;0;0;0;0;0;0;0;0;0
468;nasa x38.doc_468;Communication services shall (3.3.6.14) provide the capability for a “helper” task to be created to run in the 50 Hz rate group, but running in specific minor cycles (every 5th or every 50th) to provide data from the ICP to the lower rate tasks.;F;0;1;0;0;0;0;0;0;0;0;0;0;0
469;nasa x38.doc_469;The procedures used to build the executable FTSS software using a cross-compiler and linker, down-load the image to the target processors, and burn the load image into the Radstone PowerPC flash RAM shall (3.3.7.1) be documented in the release notes that accompany Engineering Releases of the FTSS software and in the Software Users Manual.;F;0;1;0;0;0;0;0;0;0;0;0;0;0
470;nasa x38.doc_470;Any makefiles or other automated scripts that support the build, down-load, and flash programming processes shall (3.3.7.2) be delivered with the software to NASA.;F;0;1;0;0;0;0;0;0;0;0;0;0;0
471;nasa x38.doc_471;For each mission mode, the congruent and non-congruent memory boundaries shall (3.3.8.1) be known and fixed.;F;0;1;0;0;0;0;0;0;0;0;0;0;0
472;nasa x38.doc_472;"The Memory Management software shall (3.3.8.2) periodically ""scrub"" volatile and read/write memory in the FCP.";F;0;1;0;0;0;0;0;0;0;0;0;0;0
473;nasa x38.doc_473;It shall (3.3.8.3) not be necessary to scrub memory that is not used by the flight software.;F;0;1;0;0;0;0;0;0;0;0;0;0;0
474;nasa x38.doc_474;It shall (3.3.8.16) not be necessary to scrub that area used to store telemetry data.;F;0;1;0;0;0;0;0;0;0;0;0;0;0
475;nasa x38.doc_475;Memory scrubbing shall (3.3.8.5) be executed without interfering with normal execution of applications tasks.;F;0;1;0;0;0;0;0;0;0;0;0;0;0
476;nasa x38.doc_476;The memory scrubbing software shall (3.3.8.6) be capable of scrubbing 10 Megabytes in 8 minutes.;F;0;1;0;0;0;0;0;0;0;0;0;0;0
477;nasa x38.doc_477;The RAM scrub software shall (3.3.8.15) at most use 1% of an FCP CPU duty cycle.;F;0;1;0;0;0;0;0;0;0;0;0;0;0
478;nasa x38.doc_478;Even though memory scrubbing is performed locally and the errors would not be congruent, the recording of errors shall (3.3.8.10) be congruent.;F;0;1;0;0;0;0;0;0;0;0;0;0;0
479;nasa x38.doc_479;"To support reintegrating a desynchronized channel, as specified in the FDIR requirements, the Memory Management software shall (3.3.8.11) ""re-align"" all of the volatile and read/write congruent memory, registers, timers and other locations that fit the description of ""volatile and read/write congruent locations"".";F;0;1;0;0;0;0;0;0;0;0;0;0;0
480;nasa x38.doc_480;The re-align function shall (3.3.8.12) write the voted value from the good channels into the target channel.;F;0;1;0;0;0;0;0;0;0;0;0;0;0
481;nasa x38.doc_481;The re-align function shall (3.3.8.13) be allowed only when permitted by the Vehicle/Mission Manager.;NFR;1;0;0;0;0;0;0;0;0;0;0;0;0
482;nasa x38.doc_482;Memory Management software shall (3.3.8.14) include (but not be limited to) memory scrubbing and memory realignment.;F;0;1;0;0;0;0;0;0;0;0;0;0;0
483;nasa x38.doc_483;Memory shall (3.3.9.1) be categorized into congruent (identical data) and non-congruent (data that is not identical) memory.;F;0;1;0;0;0;0;0;0;0;0;0;0;0
484;nasa x38.doc_484;Time Management shall (3.3.10.4) provide MET.;F;0;1;0;0;0;0;0;0;0;0;0;0;0
485;nasa x38.doc_485;The MET shall (3.3.10.5) be initialized to zero at the first 50 Hz frame.;F;0;1;0;0;0;0;0;0;0;0;0;0;0
486;nasa x38.doc_486;The MET shall (3.3.10.6) measure real-time from this event with an accuracy of at most 50 Parts Per Million (PPM).;F;0;1;0;0;0;0;0;0;0;0;0;0;0
487;nasa x38.doc_487;The MET shall (3.3.10.7) have a resolution of 20 msec. for 50 Hz tasks, 100 msec for 10 Hz tasks, and 1 second for 1 Hz tasks.;F;0;1;0;0;0;0;0;0;0;0;0;0;0
488;nasa x38.doc_488;The MET shall (3.3.10.8) be able to increment to at least 30 days without rolling over.;F;0;1;0;0;0;0;0;0;0;0;0;0;0
489;nasa x38.doc_489;The MET shall (3.3.10.9) be congruent across all FCP members.;F;0;1;0;0;0;0;0;0;0;0;0;0;0
490;nasa x38.doc_490;Following a processor recovery, during which time is frozen, the FTSS software shall (3.3.10.10) account for the frozen time and update MET to its proper value.;F;0;1;0;0;0;0;0;0;0;0;0;0;0
491;nasa x38.doc_491;Time Management shall (3.3.10.11) provide SEP.;F;0;1;0;0;0;0;0;0;0;0;0;0;0
492;nasa x38.doc_492;Time Management shall (3.3.10.12) initialize SEP to zero within one minor cycle of the time when the vehicle/mission manager software has notified the FTSS software that the X-38 vehicle is released from the Space Shuttle Remote Manipulator System.;F;0;1;0;0;0;0;0;0;0;0;0;0;0
493;nasa x38.doc_493;The SEP shall (3.3.10.13) measure real-time from this event with an accuracy of at most 50 Parts Per Million (PPM).;F;0;1;0;0;0;0;0;0;0;0;0;0;0
494;nasa x38.doc_494;The SEP shall (3.3.10.14) have a resolution of 20 msec. for 50 Hz tasks, 100 msec for 10 Hz tasks, and 1 second for 1 Hz tasks.;F;0;1;0;0;0;0;0;0;0;0;0;0;0
495;nasa x38.doc_495;The SEP shall (3.3.10.15) be able to increment to at least 1 day without rolling over.;F;0;1;0;0;0;0;0;0;0;0;0;0;0
496;nasa x38.doc_496;The SEP shall (3.3.10.16) be congruent across all FCP members.;F;0;1;0;0;0;0;0;0;0;0;0;0;0
497;nasa x38.doc_497;Following a processor recovery, during which time is frozen, the FTSS software shall (3.3.10.17) account for the frozen time and update SEP to its proper value.;F;0;1;0;0;0;0;0;0;0;0;0;0;0
498;nasa x38.doc_498;If the SEP API call is made prior to actual separation, the call shall (3.3.10.27) return zero (0).;F;0;1;0;0;0;0;0;0;0;0;0;0;0
499;nasa x38.doc_499;The Time Services, if dealing with the year designation, shall (3.3.10.21) be Year 2000-compliant.;F;0;1;0;0;0;0;0;0;0;0;0;0;0
500;nasa x38.doc_500;No year designation used in any requirement;F;0;1;0;0;0;0;0;0;0;0;0;0;0
501;nasa x38.doc_501;Time Management shall (3.3.10.23) provide a utility timer.;F;0;1;0;0;0;0;0;0;0;0;0;0;0
502;nasa x38.doc_502;The utility timer shall (3.3.10.24) be available via an FTSS API call(s).;F;0;1;0;0;0;0;0;0;0;0;0;0;0
503;nasa x38.doc_503;The utility timer shall (3.3.10.25) have a resolution of 60.6 nanoseconds.;F;0;1;0;0;0;0;0;0;0;0;0;0;0
504;nasa x38.doc_504;The utility timer shall (3.3.10.26) have an accuracy of at most 50 PPM.;F;0;1;0;0;0;0;0;0;0;0;0;0;0
505;nasa x38.doc_505;Load modules of the four FCPs shall (3.3.11.1) be identical.;F;0;1;0;0;0;0;0;0;0;0;0;0;0
506;nasa x38.doc_506;Control flow of the four FCPs shall (3.3.11.2) be similar, if not identical.;F;0;1;0;0;0;0;0;0;0;0;0;0;0
507;nasa x38.doc_507;Asymmetric I/O calls shall (3.3.11.3) not be allowed to induce a large enough skew to force the FCPs to desynchronize.;F;0;1;0;0;0;0;0;0;0;0;0;0;0
508;nasa x38.doc_508;FTSS shall (3.3.11.8) provide an API call which allows the application to specify which MPCC channels in a C&T FCR should be used for telemetry and/or command reception.;F;0;1;0;0;0;0;0;0;0;0;0;0;0
509;nasa x38.doc_509;Upon occurrence of an exception, the FTPP system shall (3.3.12.1) log the error and include all context data relevant to the exception e.g. the contents of the Machine State Register (MSR) and the machine status Save/Restore Registers (SRR0 & SRR1).;NFR;1;0;0;0;0;0;0;0;0;0;0;0;0
510;nasa x38.doc_510;The error type and its context data shall (3.3.12.4) be made available to the application via an API call.;F;0;1;0;0;0;0;0;0;0;0;0;0;0
511;nasa x38.doc_511;For software exceptions, the FTPP system shall (3.3.12.2) then transfer control to a user specified exception handling routine, if one is provided.;NFR;1;0;0;0;0;0;0;0;0;0;0;0;0
512;nasa x38.doc_512;For hardware exceptions, the FTPP system shall (3.3.12.5) “handle” the exception by making the error and its context data available to the application and then returning from the exception handler.;NFR;1;0;0;0;0;0;0;0;0;0;0;0;0
513;nasa x38.doc_513;For reserved exceptions, the FTPP system shall (3.3.12.6) “handle” the exception by making the error and its context data available to the application and then returning from the exception handler.;F;0;1;0;0;0;0;0;0;0;0;0;0;0
514;nasa x38.doc_514;Finally, for software exceptions only, the FTPP system shall (3.3.12.3) then “jump back” to the initialization point for the offending task.;F;0;1;0;0;0;0;0;0;0;0;0;0;0
515;nasa x38.doc_515;If the exception occurs within the FTSS software, the FTPP system shall (3.3.12.7) “jump” back to the beginning of the task, skip all initialization code, and begin processing the task’s code again.;F;0;1;0;0;0;0;0;0;0;0;0;0;0
516;nasa x38.doc_516;An application programming interface shall (3.3.13.3) be documented in a FTSS API document.;F;0;1;0;0;0;0;0;0;0;0;0;0;0
517;nasa x38.doc_517;The presence, or absence of, an NEFU ICP shall (3.3.14.1) not impact the FTSS software (i.e., the FTSS ICP load will not be different).;F;0;1;0;0;0;0;0;0;0;0;0;0;0
518;nasa x38.doc_518;FTSS services shall (3.3.15) provide an API call which provides the capability to close and delete all communication mechanisms delete all rate groups, and suspend and delete all tasks.;F;0;1;0;0;0;0;0;0;0;0;0;0;0
519;nasa x38.doc_519;The FCP-ICP communications shall (3.4.1.1.1) provide the following capabilities (these are written from the viewpoint of the FCP): 1. Signal the start of the 50 Hz rate group in the ICP. 2. Synchronize frames across the four ICPs. 3. Receive congruent sensor data from ICPs. 4. Send voted actuator and other output device commands to ICPs. 5. Receive health and status of the ICPs and all the FCC hardware for which the ICPs are responsible. 6. Provide the ICPs with current minor frame number, X-38 flight phase/segment number, vehicle mode number, MET, and SEP. 7. Provide the ICPs with notification of FCP memory alignment two minor frames prior to the start of the alignment.;F;0;1;0;0;0;0;0;0;0;0;0;0;0
520;nasa x38.doc_520;As part of start-up or after recovering from a transient fault: after completing IBIT, the FCP shall (3.4.1.2.1) wait 15 seconds for the ICP to initialize all of its non-Radstone VME slave boards and its NE interface;F;0;1;0;0;0;0;0;0;0;0;0;0;0
521;nasa x38.doc_521;then the FCP VG shall (3.4.1.2.2) send the FCP VG Ready Signal to the ICPs to indicate that the FCP VG is ready to begin FCP-ICP communications.;F;0;1;0;0;0;0;0;0;0;0;0;0;0
522;nasa x38.doc_522;To permit these task and pipe initializations in the ICPs, the FCP VG shall (3.4.1.2.8) wait at least 2.5 seconds for the ICP Ready Signals after the FCP VG has been notified that the ICPs received the FCP VG Ready Signals.;F;0;1;0;0;0;0;0;0;0;0;0;0;0
523;nasa x38.doc_523;The FCP shall (3.4.1.2.5) signal the start of each minor frame in all ICPs by means of a VMEbus IRQ5 interrupt.;F;0;1;0;0;0;0;0;0;0;0;0;0;0
524;nasa x38.doc_524;The interrupts across all channels shall (3.4.1.2.6) have a skew no greater than 330 microseconds.;F;0;1;0;0;0;0;0;0;0;0;0;0;0
525;nasa x38.doc_525;Each interrupt shall (3.4.1.2.7) be preceded by the FCP writing the information listed in 3.4.1.1.1-6 to a shared memory block over the VME backplane bus to its counterpart ICP.;F;0;1;0;0;0;0;0;0;0;0;0;0;0
526;nasa x38.doc_526;The FTSS software shall (3.4.2.2) provide to the telemetry program the FTPP telemetry data which consists of the following elements: a. FCP status, b. NE status, c. # Transient Errors, d. Transient recovery attempts, e. Frame overruns, f. ICP status.;F;0;1;0;0;0;0;0;0;0;0;0;0;0
527;nasa x38.doc_527;The data mentioned in requirement 3.4.2.2 and any other Draper-provided telemetry data shall (3.4.2.9) fit within Draper’s allocated telemetry budget of 5000 bits/sec.;F;0;1;0;0;0;0;0;0;0;0;0;0;0
528;nasa x38.doc_528;In addition, the FTSS software shall (3.4.2.11) provide up to 600 bits of start-up data that indicates the state of the FTPP system during start-up.;F;0;1;0;0;0;0;0;0;0;0;0;0;0
529;nasa x38.doc_529;Once every medium frame, the FTSS software shall (3.4.2.3) accept a pointer from the telemetry program to the buffer space containing the telemetry data.;F;0;1;0;0;0;0;0;0;0;0;0;0;0
530;nasa x38.doc_530;The FTSS software shall (3.4.2.4) move this buffer to the MPCC/CTC over the VMEbus.;F;0;1;0;0;0;0;0;0;0;0;0;0;0
531;nasa x38.doc_531;The FTSS software shall (3.4.2.10) use no more than 5.2 milliseconds of FCP processing time to move the telemetry data to the MPCC/CTC board and complete communication and error handling for the MPCC/CTC board.;F;0;1;0;0;0;0;0;0;0;0;0;0;0
532;nasa x38.doc_532;The FTSS software shall (3.4.2.5) receive telemetry commands from both CTCs via the MPCC/CTC once every medium frame.;F;0;1;0;0;0;0;0;0;0;0;0;0;0
533;nasa x38.doc_533;The FTSS software shall (3.4.2.6) congruently decide which FCP channel should be the source of CTC data.;F;0;1;0;0;0;0;0;0;0;0;0;0;0
534;nasa x38.doc_534;This decision shall (3.4.2.7) be made based on the health and status of all the physical links from the FCP to the CTC.;F;0;1;0;0;0;0;0;0;0;0;0;0;0
535;nasa x38.doc_535;The FTSS software shall (3.4.2.8) deliver to the requisite NASA application program commands received from both CTCs.;F;0;1;0;0;0;0;0;0;0;0;0;0;0
536;nasa x38.doc_536;Draper shall (3.5.5) not violate the 100 microseconds requirement.;F;0;1;0;0;0;0;0;0;0;0;0;0;0
537;nasa x38.doc_537;Draper shall (3.5.6) deliver FTSS engineering release version 5/6, and any subsequent versions of the FTSS software, only after the release has been proven to work under Tornado 2 for the NT environment.;F;0;1;0;0;0;0;0;0;0;0;0;0;0
538;nasa x38.doc_538;Draper shall (3.5.7) deliver FTSS engineering release version 5/6, and any subsequent versions of the FTSS software, via CD-ROM.;F;0;1;0;0;0;0;0;0;0;0;0;0;0
539;ctc-network.pdf_539;The Center shall provide the following link information: link identifier, link name, road number, link type, link type description, start node (see below for node information), end node (see below for node information), direction, length, capacity, speed limit, speed limit truck, number of lanes.;F;0;1;0;0;0;0;0;0;0;0;0;0;0
540;ctc-network.pdf_540;For each link defined within the Center: network identifier, link identifier, data type, data type description, delay, travel time, volume, speed, density, occupancy.;F;0;1;0;0;0;0;0;0;0;0;0;0;0
541;ctc-network.pdf_541;The Center shall support the following information about each incident: network identifier, incident ID, incident description, roadway, cross street, latitude/longitude, link identifier, direction, status, update Type, affected lanes, classification, severity, incident type, incident type description, road conditions, weather, confirmed date & time, cleared date & time.;F;0;1;0;0;0;0;0;0;0;0;0;0;0
542;ctc-network.pdf_542;The Center shall support the following information about each lane closure: network identifier, lane closure ID, closure description, starting roadway, starting cross street, latitude/longitude of starting location, ending roadway, ending cross street, latitude/longitude of ending location, direction of roadway, link identifier, current status, update type, affected lanes, lane closure source, contact, days closed, start time of day, end time of day, start date of series, end date of series.;F;0;1;0;0;0;0;0;0;0;0;0;0;0
543;ctc-network.pdf_543;The Center shall provide the following status information about each DMS: network identifier, DMS Identifier, DMS Name. Location (latitude/longitude), sign geometry (row/column), status (online/offline), current message (MULTI string). Beacons (on/off);F;0;1;0;0;0;0;0;0;0;0;0;0;0
544;ctc-network.pdf_544;To support DMS control in other centers, the Center shall be able to support the following device control command for a DMS: network identifier, DMS identifier, username, password, beacons (on/off), immediate message (MULTI string).;F;0;1;0;0;0;0;0;0;0;0;0;0;0
545;ctc-network.pdf_545;The Center shall support the following status information about each LCS: network identifier, LCS identifier, LCS name, location (latitude/longitude), geometry (number of heads), head capabilities, status, current pattern.;F;0;1;0;0;0;0;0;0;0;0;0;0;0
546;ctc-network.pdf_546;To support LCS control in other centers, the Center shall be able to support the following device control command for a LCS: network Identifier, LCS identifier, username, password, signal pattern.;F;0;1;0;0;0;0;0;0;0;0;0;0;0
547;ctc-network.pdf_547;The Center shall provide the following information status information about each CCTV: network identifier, CCTV identifier, CCTV name, location (latitude/longitude), status (online/offline), locked/unlocked, lock holder (if locked), supported directions, current direction, current preset position, current pan, current tilt, current zoom, current focus, current ir.;NFR;1;0;0;0;0;0;0;0;0;0;0;0;0
548;ctc-network.pdf_548;To support CCTV control in other centers, the Center shall be able to support the following CCTV control request: network identifier, CCTV identifier, username, password, CCTV request.;F;0;1;0;0;0;0;0;0;0;0;0;0;0
549;ctc-network.pdf_549;To support video snapshots, the Center shall be able to support the following status information: network identifier, CCTV identifier, CCTV name, status, current camera direction, size of snapshot, video snapshot.;F;0;1;0;0;0;0;0;0;0;0;0;0;0
550;ctc-network.pdf_550;To support CCTV switching in other centers, the Center shall be able to support the following CCTV switching command: network identifier (owner of CCTV), username, password, video channel input identifier, video channel output identifier.;F;0;1;0;0;0;0;0;0;0;0;0;0;0
551;ctc-network.pdf_551;The Center shall support the following status information about each ramp meter: network identifier (owner of ramp meter)., Ramp Meter Identifier, Ramp Meter Name, location (latitude/longitude), status, status source, plan, cycle time.;F;0;1;0;0;0;0;0;0;0;0;0;0;0
552;ctc-network.pdf_552;To support Ramp Meter control in other centers, the Center shall be able to support the following device control command for a ramp meter: network identifier (owner of ramp meter), ramp meter identifier, username, password, plan, duration.;F;0;1;0;0;0;0;0;0;0;0;0;0;0
553;ctc-network.pdf_553;The Center shall support the following status information about each HAR: network identifier (owner of HAR), HAR Identifier, HAR name, location (latitude/longitude), status, current message, Current Message Text.;F;0;1;0;0;0;0;0;0;0;0;0;0;0
554;ctc-network.pdf_554;To support HAR control in other centers, the Center shall be able to support the following device control command for a HAR: network identifier (owner of HAR), HAR Identifier, username, password, message, message text, duration.;F;0;1;0;0;0;0;0;0;0;0;0;0;0
555;ctc-network.pdf_555;The Center shall support the following status information about each Traffic Signal: network identifier (owner of traffic signal), traffic signal identifier, traffic signal name, location (latitude/longitude), status, status source, state, failure state, plan, plan expiration, signal preemption.;F;0;1;0;0;0;0;0;0;0;0;0;0;0
556;ctc-network.pdf_556;To support Traffic Signal control in other centers, the Center shall be able to support the following device control command for a Traffic Signal: network identifier (owner of traffic signal), traffic signal identifier, username, password, traffic signal plan Identifier, duration.;F;0;1;0;0;0;0;0;0;0;0;0;0;0
557;ctc-network.pdf_557;The Center shall support the following status information about each ESS: network identifier (owner of sensor), environmental sensor identifier, environmental sensor name, type, location (latitude/longitude), satus, type, reading, units, alarm status.;F;0;1;0;0;0;0;0;0;0;0;0;0;0
558;ctc-network.pdf_558;The Center shall support the following status information about each HOV: network identifier (owner of HOV), HOV identifier, HOV name, Link Identifier, status, failure state, plan, state, status source, occupants, next rransition time.;NFR;1;0;0;0;0;0;0;0;0;0;0;0;0
559;ctc-network.pdf_559;To support HOV Lane control in other centers, the Center shall be able to support the following device control command for a HOV Lane: network identifier (owner of HOV), HOV lane identifier, username, password, Lane Plan, duration.;F;0;1;0;0;0;0;0;0;0;0;0;0;0
560;ctc-network.pdf_560;The Center shall support the following status information about each Parking Lot:  network identifier (owner of parking lot), parking lot identifier. parking lot name, location (latitude/longitude), status, capacit, utilization, entrance, restrictions, special capabilities.;F;0;1;0;0;0;0;0;0;0;0;0;0;0
561;ctc-network.pdf_561;The Center shall support the following status information about each School Zone: network identifier (owner of school zone), link identifier, school zone identifier, school zone name, location (latitude/longitude), status, failure status, state plan, state source.;F;0;1;0;0;0;0;0;0;0;0;0;0;0
562;ctc-network.pdf_562;To support School Zone control in other centers, the Center shall be able to support the following device control command for a School Zone: network identifier (owner of school zone), School Zone Identifier, Username, Password, Plan;F;0;1;0;0;0;0;0;0;0;0;0;0;0
563;ctc-network.pdf_563;The Center shall support the following status information about each Railroad Crossing: Network identifier (owner of railroad Crossing), Link Identifier, Rail Crossing Identifier, Rail Crossing Name, Location (latitude/longitude), Status, Rail Type, Estimated Time for Train to Clear of Intersection, Estimated Minutes to Train Arrival, Rail closing signal type.;NFR;1;0;0;0;0;0;0;0;0;0;0;0;0
564;ctc-network.pdf_564;The Center shall support the following status information about each Reversible Lane:  Network identifier (owner of reversible lane), Reversible Lane Identifier, Reversible Lane Name, Link Identifier, Indicator Status, Indicator Failure State, Plan, Direction, Direction Transition Time, Status Source.;F;0;1;0;0;0;0;0;0;0;0;0;0;0
565;ctc-network.pdf_565;To support Reversible Lane control in other centers, the Center shall be able to support the following device control command for a Reversible Lane: Network identifier (owner of reversible lane), Reversible Lane Identifier, Username, Password,  Plan, Duration.;F;0;1;0;0;0;0;0;0;0;0;0;0;0
566;ctc-network.pdf_566;The Center shall support the following status information about each Dynamic Lane: Network identifier (owner of dynamic lane), Link Identifier, Dynamic Lane Identifier, Dynamic Lane Name, Indicator Status, Failure State, Plan, Type, Transition Time.;F;0;1;0;0;0;0;0;0;0;0;0;0;0
567;ctc-network.pdf_567;To support Dynamic Lane control in other centers, the Center shall be able to support the following device control command for a Dynamic Lane: Network identifier (owner of dynamic lane), Dynamic Lane Identifier, Username, Password, Lane Plan, Duration.;F;0;1;0;0;0;0;0;0;0;0;0;0;0
568;ctc-network.pdf_568;The Center shall support the following status information about each Bus Stop: Network identifier (owner of bus stop), Link Identifier, Relative Link Location, Identifier, Name, Location (Node), Bus Routes, Frequency.;F;0;1;0;0;0;0;0;0;0;0;0;0;0
569;ctc-network.pdf_569;The Center shall support the following status information about each Bus Location: Network identifier (owner of bus), Link Identifier, Bus Identifier, Bus Name, Location (latitude/longitude), Schedule Adherence, Vehicle Attributes, Capacity.;F;0;1;0;0;0;0;0;0;0;0;0;0;0
570;ctc-network.pdf_570;The Center shall support the following status information about each Light/Commuter Stop: Network identifier (owner of stop), Link Identifier, Commuter / Light Rail Stop Identifier, Commuter / Light Rail Stop Name, Location, Routes, Frequency.;F;0;1;0;0;0;0;0;0;0;0;0;0;0
571;ctc-network.pdf_571;The Center shall support the following status information about each Light/Commuter Location: Network identifier (owner of train), Link Identifier, Commuter / Light Rail Identifier, Commuter / Light Rail Name, Location (latitude/location), Schedule Adherence, Vehicle Attributes, Capacity.;F;0;1;0;0;0;0;0;0;0;0;0;0;0
572;ctc-network.pdf_572;The Center shall support the following status information about each Park and Ride Lot: Network identifier (owner of lot), Park and Ride Lot Identifier, Park and Ride Lot Name, Location (latitude/location), Status, Capacity, Utilization, Entrance, Restrictions, Special Capabilities.;F;0;1;0;0;0;0;0;0;0;0;0;0;0
573;ctc-network.pdf_573;The Center shall support the following status information about each Vehicle Priority: Vehicle Identifier, Network identifier (owner of signal), Link Identifier, Intersection Identifier, Priority Request Status, Departure Time, Desired Arrival Time, Priority, Vehicle Classification, Service Strategy.;F;0;1;0;0;0;0;0;0;0;0;0;0;0
574;ctc-network.pdf_574;The Center shall support the following information about network device status: Network identifier, Number of DMSs, Number of LCSs, Number of CCTVs, Number of CCTV video inputs, Number of CCTV video outputs, Number of Ramp Meters, Number of HARs, Number of Traffic Signals, Number of ESSs, Number of HOVs, Number of Parking Lots, Number of School Zones, Number of Railroad Crossings, Number of Reversible Lanes, Number of Dynamic Lanes, DMS status data, LCS status data, CCTV status data, Video input channel identifiers, Video output channel identifiers, Ramp Meter status data, HAR status data, Traffic Signal status data, ESS status data, HOV status data, Parking Lot status data, School Zone status data, Railroad Crossing status data, Reversible Lane status data, Dynamic Lane status data.;F;0;1;0;0;0;0;0;0;0;0;0;0;0
575;ctc-network.pdf_575;The device status requestor and Center shall support the following information for command timeframe request: Network identifier, Device Type.;F;0;1;0;0;0;0;0;0;0;0;0;0;0
576;ctc-network.pdf_576;The device status requestor and Center shall support the following information for command timeframe request: Network identifier, Device Type, Days Commands Accepted, Times Commands Accepted.;F;0;1;0;0;0;0;0;0;0;0;0;0;0
577;ctc-network.pdf_577;The Data Collector shall be designed to support the storage of TMDD data elements and message set information.;F;0;1;0;0;0;0;0;0;0;0;0;0;0
578;ctc-network.pdf_578;The C2C Project shall utilize the TMDD standard (including message sets) to transmit information.;F;0;1;0;0;0;0;0;0;0;0;0;0;0
579;ctc-network.pdf_579;DATEX/ASN shall be used to transmit the TMDD message sets.;F;0;1;0;0;0;0;0;0;0;0;0;0;0
580;ctc-network.pdf_580;TCP/IP shall be used to transmit the DATEX/ASN data,;F;0;1;0;0;0;0;0;0;0;0;0;0;0
581;ctc-network.pdf_581;The map shall display interstates and state highways on the graphical map.;F;0;1;0;0;0;0;0;0;0;0;0;0;0
582;ctc-network.pdf_582;The basemap data shall be derived from the North Central Texas Council of Governments (NCTCOG) Geo- Data warehouse.;F;0;1;0;0;0;0;0;0;0;0;0;0;0
583;ctc-network.pdf_583;The map user shall be able to alter the current magnification (zoom level) of the map.;NFR;1;0;0;0;0;0;0;0;0;0;0;0;0
584;ctc-network.pdf_584;The map user shall be able to pan the map in each of the following directions: North, South, East or West.;NFR;1;0;0;0;0;0;0;0;0;0;0;0;0
585;ctc-network.pdf_585;Each link displayed on the map shall be color coded to provide a graphical depiction of speeds. ;F;0;1;0;0;0;0;0;0;0;0;0;0;0
586;ctc-network.pdf_586;A configuration file shall be provided to specify specific speed values. ;F;0;1;0;0;0;0;0;0;0;0;0;0;0
587;ctc-network.pdf_587;The color coding shall be as follows: Green - speeds > TBD MPH. ;F;0;1;0;0;0;0;0;0;0;0;0;0;0
588;ctc-network.pdf_588;Yellow - speeds between TBD and TBD MPH. Red – speeds below TBD MPH.;F;0;1;0;0;0;0;0;0;0;0;0;0;0
589;ctc-network.pdf_589;The map shall display the current incidents (as icons) known to the C2C Project.;F;0;1;0;0;0;0;0;0;0;0;0;0;0
590;ctc-network.pdf_590;The user shall be able to click on an incident icon to obtain further information about the incident.;NFR;1;0;0;0;0;0;0;0;0;0;0;0;0
591;ctc-network.pdf_591;All current incidents shall be displayed in tabular format with the following information contained in the table: Location, Type of incident (e.g., accident, lane closure), Severity of incident, Incident status, Travel direction, Effected lanes.;F;0;1;0;0;0;0;0;0;0;0;0;0;0
592;ctc-network.pdf_592;The map shall be capable of displaying the following for a DMS: Location, Current Message.;F;0;1;0;0;0;0;0;0;0;0;0;0;0
593;ctc-network.pdf_593;The map shall be capable of displaying the following for a LCS: Location, Current Signals.;F;0;1;0;0;0;0;0;0;0;0;0;0;0
594;ctc-network.pdf_594;The map shall be capable of displaying the following for a CCTV: Location, Status.;F;0;1;0;0;0;0;0;0;0;0;0;0;0
595;ctc-network.pdf_595;The remote Center Control GUI shall be designed to execute on a public network (e.g., Internet) and transmit equipment requests to the C-2-C software system.;F;0;1;0;0;0;0;0;0;0;0;0;0;0
596;ctc-network.pdf_596;When the GUI application is initiated, the user shall be prompted for the following information: Username, Password.;F;0;1;0;0;0;0;0;0;0;0;0;0;0
597;ctc-network.pdf_597;The user shall be provided with the capability to select a network identifier for a device command/control request.;F;0;1;0;0;0;0;0;0;0;0;0;0;0
598;ctc-network.pdf_598;Once an Center is selected, the user shall be able to select a DMS from a list and provide the following information: Target DMS, Message to be displayed, Beacons On/Off.;NFR;1;0;0;0;0;0;0;0;0;0;0;0;0
599;ctc-network.pdf_599;Once an Center is selected, the user shall be able to select a LCS from a list and provide the following information: Target LCS, Assignment of lane arrows.;NFR;1;0;0;0;0;0;0;0;0;0;0;0;0
600;ctc-network.pdf_600;Once an Center is selected, the user shall be able to issue a CCTV switching command: Source (input), Destination port (output).;NFR;1;0;0;0;0;0;0;0;0;0;0;0;0
601;ctc-network.pdf_601;Once an Center is selected, the user shall be able to select a CCTV from a list and provide the following information: Target CCTV, Device control including, Pan, Tilt, Zoom.;NFR;1;0;0;0;0;0;0;0;0;0;0;0;0
602;ctc-network.pdf_602;Once an Center is selected, the user shall be able to select a Ramp Meter from a list and provide the following information: Target Ramp Meter, Plan.;F;0;1;0;0;0;0;0;0;0;0;0;0;0
603;ctc-network.pdf_603;Once an Center is selected, the user shall be able to select a HAR from a list and provide the following information: Target HAR, Text to be sent to the HAR.;NFR;1;0;0;0;0;0;0;0;0;0;0;0;0
604;ctc-network.pdf_604;Once an Center is selected, the user shall be able to select a Traffic Signal from a list and provide the following information: Target Traffic Signal, Plan.;NFR;1;0;0;0;0;0;0;0;0;0;0;0;0
605;ctc-network.pdf_605;Once an Center is selected, the user shall be able to select  a HOV from a list and provide the following information: Target HOV, Plan.;NFR;1;0;0;0;0;0;0;0;0;0;0;0;0
606;ctc-network.pdf_606;Once an Center is selected, the user shall be able to select a School Zone from a list and provide the following information: Target School Zone, Plan.;F;0;1;0;0;0;0;0;0;0;0;0;0;0
607;ctc-network.pdf_607;Once an Center is selected, the user shall be able to select a Reversible Lane from a list and provide the following information: Target Reversible Lane, Plan.;F;0;1;0;0;0;0;0;0;0;0;0;0;0
608;ctc-network.pdf_608;Once an Center is selected, the user shall be able to select a Dynamic Lane from a list and provide the following information: Target Dynamic Lane, Plan.;F;0;1;0;0;0;0;0;0;0;0;0;0;0
609;ctc-network.pdf_609;The C2C Server shall execute in a Microsoft Windows NT environment;F;0;1;0;0;0;0;0;0;0;0;0;0;0
610;ctc-network.pdf_610;A DATEX/ASN runtime library shall be available on any computer communicating to the C2C project.;F;0;1;0;0;0;0;0;0;0;0;0;0;0
611;ctc-network.pdf_611;The web server application shall use ESRI's ARC Internet Map Server (ARC IMS) product for creating of map images.;F;0;1;0;0;0;0;0;0;0;0;0;0;0
612;ctc-network.pdf_612;The C2C shall execute in a Microsoft Windows NT environment;F;0;1;0;0;0;0;0;0;0;0;0;0;0
613;ctc-network.pdf_613;The C2C shall be implemented in the C/C++ programming language.;F;0;1;0;0;0;0;0;0;0;0;0;0;0
614;ctc-network.pdf_614;The C2C web interface shall be implemented using C/C++ and ESRI ARC IMS.;F;0;1;0;0;0;0;0;0;0;0;0;0;0
615;ctc-network.pdf_615;The Incident GUI shall be implemented using C/C++ and ESRI Map Objects.;F;0;1;0;0;0;0;0;0;0;0;0;0;0
616;ctc-network.pdf_616;The Remote Control GUI shall be implemented using C/C++ and ESRI Map Objects.;F;0;1;0;0;0;0;0;0;0;0;0;0;0
617;ctc-network.pdf_617;The C2C shall be able to operate in normal mode. ;F;0;1;0;0;0;0;0;0;0;0;0;0;0
618;ctc-network.pdf_618;In this mode the C2C receives data from all connected systems, including the Incident GUI, and combines the data into a single data store (database).;F;0;1;0;0;0;0;0;0;0;0;0;0;0
619;ctc-network.pdf_619;The C2C shall be able to operate in test mode. ;F;0;1;0;0;0;0;0;0;0;0;0;0;0
620;ctc-network.pdf_620;In this mode, the C2C performs normal mode operations and also logs activities.;NFR;1;0;0;0;0;0;0;0;0;0;0;0;0
621;warc III.pdf_621;The tools shall be able to process a set of multiple WARC files at the same time. For this purpose, the tools will allow you to choose/group them by: • explicit naming, • wildcard name matching, • size limitation, • number of items.;F;0;1;0;0;0;0;0;0;0;0;0;0;0
622;warc III.pdf_622;The tools shall be able to scale to process large collections using distributed processing and data transport (see FRS 10 and 11);F;0;1;0;0;0;0;0;0;0;0;0;0;0
623;warc III.pdf_623;The tools shall offer best possible performance to correctly process large collections (I/O bound).;F;0;1;0;0;0;0;0;0;0;0;0;0;0
624;warc III.pdf_624;The tools shall be able to run on multiple machines but will not provide functionality for dealing with hardware failures (out of scope).;F;0;1;0;0;0;0;0;0;0;0;0;0;0
625;warc III.pdf_625;Implementation of the tools shall avoid unnecessary technology dependencies and shall not include development of partner-specific integration technologies.;F;0;1;0;0;0;0;0;0;0;0;0;0;0
626;warc III.pdf_626;The tools shall be compliant with Java development environments, by using web services, RESTful API’s, etc.;F;0;1;0;0;0;0;0;0;0;0;0;0;0
627;warc III.pdf_627;The tools shall provide logging facilities, for example, to follow command progression, i.e. process duration, output levels, etc.;F;0;1;0;0;0;0;0;0;0;0;0;0;0
628;warc III.pdf_628;The tools shall provide enhanced usability by providing easy to adapt shell script wrappers for the major commands.;F;0;1;0;0;0;0;0;0;0;0;0;0;0
629;warc III.pdf_629;It shall be possible to operate the tools in modes that restrict their effects to selected collection subsets. For example, select by name (see NFR1), random sampling, etc.;F;0;1;0;0;0;0;0;0;0;0;0;0;0
630;warc III.pdf_630;The workflow system shall have a configurable management strategy for migration from ARCs to WARCs.;F;0;1;0;0;0;0;0;0;0;0;0;0;0
631;warc III.pdf_631;The migration workflow system will be driven by command line tools and scripts.;F;0;1;0;0;0;0;0;0;0;0;0;0;0
632;warc III.pdf_632;Migration configurations can be built with a Web User Interface.;F;0;1;0;0;0;0;0;0;0;0;0;0;0
633;warc III.pdf_633;Active migrations can be monitored, paused, and restarted (a console application) with a Web User Interface.;NFR;1;0;0;0;0;0;0;0;0;0;0;0;0
634;warc III.pdf_634;Pre and post conversion actions will be provided for at each level of the migration, e.g. record, WARC, job.;F;0;1;0;0;0;0;0;0;0;0;0;0;0
635;warc III.pdf_635;The migration workflow shall provide a clear Application Programming Interface (API) to handle the migration process and default configuration.;F;0;1;0;0;0;0;0;0;0;0;0;0;0
636;warc III.pdf_636;The migration API will require inclusion of only one header file.;F;0;1;0;0;0;0;0;0;0;0;0;0;0
637;warc III.pdf_637;A configuration must be provided explicitly, errors should be generated in the absence of a configuration.;F;0;1;0;0;0;0;0;0;0;0;0;0;0
638;warc III.pdf_638;The user shall be able to provide metadata related to the conversion that will be stored in the converted files (e.g., institution, context, crawler, collection name, ...).;NFR;1;0;0;0;0;0;0;0;0;0;0;0;0
639;warc III.pdf_639;It shall be possible to request that automatically generated migration metadata be stored in the converted files (e.g., OS/Kernel type, original ARC name, ARC size, ARC digests, conversion timestamp, ARC record offset, ...).;F;0;1;0;0;0;0;0;0;0;0;0;0;0
640;warc III.pdf_640;IIPC members should provide us with the default METADATA they want to be included for migration.;F;0;1;0;0;0;0;0;0;0;0;0;0;0
641;warc III.pdf_641;The migration workflow shall be able to call external tools and services (e.g., database queries, shell commands, web service).;F;0;1;0;0;0;0;0;0;0;0;0;0;0
642;warc III.pdf_642;The migration process shall use persistent, opaque, unique, and global identifiers for records access.;F;0;1;0;0;0;0;0;0;0;0;0;0;0
643;warc III.pdf_643;A (default) external tool (e.g., ClamAV) will be used to scan files before conversion (pre-conversion step).;F;0;1;0;0;0;0;0;0;0;0;0;0;0
644;warc III.pdf_644;The API should be flexible enough to allow external tools such as JHOVE, DROID to be used for file format identification.;F;0;1;0;0;0;0;0;0;0;0;0;0;0
645;warc III.pdf_645;The ARC to WARC migration should be able to run on multiple machines that will be easy to deploy. ;F;0;1;0;0;0;0;0;0;0;0;0;0;0
646;warc III.pdf_646;This may be achieved by using a simple messaging infrastructure.;F;0;1;0;0;0;0;0;0;0;0;0;0;0
647;warc III.pdf_647;Logging during the migration may be turned on/off at any time .;NFR;1;0;0;0;0;0;0;0;0;0;0;0;0
648;warc III.pdf_648;Software checkpoints (such as start-trans, end-trans) may be added during processing for managing atomic transactions (e.g., operations on a file, these must start and complete to be accepted in the migration), except where operating system limitations would prohibit it.;NFR;1;0;0;0;0;0;0;0;0;0;0;0;0
649;warc III.pdf_649;It shall be possible to perform a “dry-run migration”. That is, a blank conversion to generate useful reports (performance issues, bad ARCs, time estimation ...) without writing real WARC data (i.e. simulating only). Dry run is defined entirely by the configuration.;F;0;1;0;0;0;0;0;0;0;0;0;0;0
650;warc III.pdf_650;Deduplication may be run before migration, inside a batch process.;F;0;1;0;0;0;0;0;0;0;0;0;0;0
651;warc III.pdf_651;Duplicate detection shall find and report WARC records with the same checksums.;F;0;1;0;0;0;0;0;0;0;0;0;0;0
652;warc III.pdf_652;A centralised database will be used to store previously processed records, against which new ones will be compared.;F;0;1;0;0;0;0;0;0;0;0;0;0;0
653;warc III.pdf_653;To validate that the migration succeeded, arc_warc_verify will use the METADATA included in the newly generated WARC files to match records with their corresponding ARC files (see FR4, and FR5).;F;0;1;0;0;0;0;0;0;0;0;0;0;0
654;warc III.pdf_654;Core validation shall use payload checksum comparisons.;F;0;1;0;0;0;0;0;0;0;0;0;0;0
655;warc III.pdf_655;Sampling will be provided where applicable to quickly validate the conversions (FR 15.1 and FR 18 for example).;F;0;1;0;0;0;0;0;0;0;0;0;0;0
656;warc III.pdf_656;Validation shall use Heritrix’s arcreader to double check that the original ARC record was correctly converted to WARC.;F;0;1;0;0;0;0;0;0;0;0;0;0;0
657;warc III.pdf_657;It shall be possible to perform a round trip validation: migrate the newly created WARC file back to ARC and compare both checksums (NFR 5);F;0;1;0;0;0;0;0;0;0;0;0;0;0
658;warc III.pdf_658;It shall be possible to repackage WARC files by filtering records based on URL (regular expressions);F;0;1;0;0;0;0;0;0;0;0;0;0;0
659;warc III.pdf_659;It shall be possible to repackage WARC files by filtering records based on MIME-Types.;F;0;1;0;0;0;0;0;0;0;0;0;0;0
660;warc III.pdf_660;It shall be possible to repackage WARC files by filtering records based on size.;F;0;1;0;0;0;0;0;0;0;0;0;0;0
661;warc III.pdf_661;It shall be possible to repackage WARC files by filtering records based on timestamp (e.g., dates interval).;F;0;1;0;0;0;0;0;0;0;0;0;0;0
662;warc III.pdf_662;It shall be possible to repackage WARC files by filtering on any field in the WARC specification. ;F;0;1;0;0;0;0;0;0;0;0;0;0;0
663;warc III.pdf_663;Repackaging will allow pre and post record, file and job operations;F;0;1;0;0;0;0;0;0;0;0;0;0;0
664;warc III.pdf_664;Pre operation can prevent a file or record being processed by returning value;NFR;1;0;0;0;0;0;0;0;0;0;0;0;0
665;warc III.pdf_665;Each repackaged WARC file shall include a user-defined METADATA record which will describe the extraction context (e.g., filter used, involved WARC files, ... - see also FR4).;F;0;1;0;0;0;0;0;0;0;0;0;0;0
666;warc III.pdf_666;The migration framework shall provide tools to build reports from WARC files.;F;0;1;0;0;0;0;0;0;0;0;0;0;0
667;warc III.pdf_667;Repackaging filters can be used by the summary module.;F;0;1;0;0;0;0;0;0;0;0;0;0;0
668;warc III.pdf_668;It shall be possible to export summaries in various formats (e.g., XML, CSV).;F;0;1;0;0;0;0;0;0;0;0;0;0;0
669;warc III.pdf_669;Enhance the WARC browser to display aggregated WARCs summaries in its UI.;F;0;1;0;0;0;0;0;0;0;0;0;0;0
670;warc III.pdf_670;Enhance the WARC browser to display a manifest of WARC files and their locations.;F;0;1;0;0;0;0;0;0;0;0;0;0;0
671;warc III.pdf_671;Provide a ‘‘diff‘‘ tool to compare WARC sets based on defined criteria (e.g., timestamp, hostname, etc.).;F;0;1;0;0;0;0;0;0;0;0;0;0;0
672;warc III.pdf_672;Provide a tool to draw difference graphs between WARC collections (see FR 30).;F;0;1;0;0;0;0;0;0;0;0;0;0;0
673;warc III.pdf_673;Provide a way to view crawls deltas for quality assurance.;F;0;1;0;0;0;0;0;0;0;0;0;0;0
674;warc III.pdf_674;Implement WARC browser server side rewriting.;F;0;1;0;0;0;0;0;0;0;0;0;0;0
675;warc III.pdf_675;Integrate a proxy mode inside the WARC browser.;F;0;1;0;0;0;0;0;0;0;0;0;0;0
676;warc III.pdf_676;Integrate the full-text search (search-tools project) module with the WARC browser to provide users with WARC indexing/searching capabilities.;F;0;1;0;0;0;0;0;0;0;0;0;0;0
677;fishing.pdf_677;The ELSS must capture all data necessary for recording the fishing activities undertaken by a UK fishing vessel.;F;0;1;0;0;0;0;0;0;0;0;0;0;0
678;fishing.pdf_678;The ELSS must output the data as an XML file for transmission to the UK fisheries administrations’ ERS system.;F;0;1;0;0;0;0;0;0;0;0;0;0;0
679;fishing.pdf_679;The ELSS data must be validated against the UK XML/XSD before transmission from the fishing vessel.;F;0;1;0;0;0;0;0;0;0;0;0;0;0
680;fishing.pdf_680;The ELSS data must be transmitted at the required times set out below in Section 2.5.1.;F;0;1;0;0;0;0;0;0;0;0;0;0;0
681;fishing.pdf_681;Each ELSS data transmission will be acknowledged by a return message from the UK fisheries administrations’ ERS system.;F;0;1;0;0;0;0;0;0;0;0;0;0;0
682;fishing.pdf_682;There are four main Data Operations required to be processed by the ELSS. ;F;0;1;0;0;0;0;0;0;0;0;0;0;0
683;fishing.pdf_683;Data operation to capture and deliver formatted ELSS data for transmission by a vessel’s communications system(s) to the UK fisheries administrations’ ERS system (DAT).;F;0;1;0;0;0;0;0;0;0;0;0;0;0
684;fishing.pdf_684;Delete operation to capture and deliver a formatted deletion request for transmission by a vessel’s communications system(s) to the UK fisheries administrations’ ERS system to delete previously send data (DEL).;F;0;1;0;0;0;0;0;0;0;0;0;0;0
685;fishing.pdf_685;Correction operation to capture and deliver a formatted correction request for transmission by a vessel’s communications system(s) to the UK fisheries administrations’ ERS system to correct previously send data (COR).;F;0;1;0;0;0;0;0;0;0;0;0;0;0
686;fishing.pdf_686;Receipt of acknowledgment operation to match acknowledgement with original message and provide a record/report of acknowledged and un-acknowledged transmissions.;F;0;1;0;0;0;0;0;0;0;0;0;0;0
687;fishing.pdf_687;The ELSS Report Types to be transmitted from a vessel are: Departure (DEP), Fishing Activity (FAR), Relocation of Catch (RLC), Transhipment (TRA), Entry into Zone (COE), Exit from Zone (COX), Control Point Area (GBRCON), Discard (DIS), Prior Notification of Arrival to Port (PNO), End of Fishing (EOF), Return to Port (RTP), Landing Declaration (LAN).;F;0;1;0;0;0;0;0;0;0;0;0;0;0
688;fishing.pdf_688;The data definitions for each report type that are required to be transmitted from the ELSS of a UK fishing vessel are to be found in the annex to this specification. ;F;0;1;0;0;0;0;0;0;0;0;0;0;0
689;fishing.pdf_689;The data definitions and associated lists of valid codes are incorporated in the UK XML/XSD definitions.;F;0;1;0;0;0;0;0;0;0;0;0;0;0
690;fishing.pdf_690;These are available to all ELSS suppliers from the UK FMC.;F;0;1;0;0;0;0;0;0;0;0;0;0;0
691;fishing.pdf_691;The data definitions also provide for the capture of data items required for the submission of ELSS data to meet 3rd country requirements, e.g. Norway’s requirements that include haul by haul reporting.;F;0;1;0;0;0;0;0;0;0;0;0;0;0
692;fishing.pdf_692;The ELSS may also provide the means for recording additional data but this must not interfere with the data capture and submission functions as set out below.;F;0;1;0;0;0;0;0;0;0;0;0;0;0
693;fishing.pdf_693;The ELSS must provide data capture screens for the entry of the logbook, transhipment and landing declaration data that is required to be transmitted to the UK fisheries administrations’ ERS system.;F;0;1;0;0;0;0;0;0;0;0;0;0;0
694;fishing.pdf_694;The ELSS must use English (UK) localizations for all UK Electronic Logbook features.;F;0;1;0;0;0;0;0;0;0;0;0;0;0
695;fishing.pdf_695;All dates and times must be UTC.;F;0;1;0;0;0;0;0;0;0;0;0;0;0
696;fishing.pdf_696;The Electronic Logbook data may be populated from other, existing, onboard electronic systems, e.g. a GPS for inserting the date, time and location of transmission, or for inserting the same items at the time of capture, onboard weighing systems, existing onboard database(s) to avoid duplication of data entry.;F;0;1;0;0;0;0;0;0;0;0;0;0;0
697;fishing.pdf_697;The ELSS must provide the ability to print out the ELSS logbook data (including landing declarations) using an onboard printer.;F;0;1;0;0;0;0;0;0;0;0;0;0;0
698;fishing.pdf_698;Additionally a formatted electronic print file may be generated out of the ELSS. This print file can be made available to a master’s representative on-shore, e.g. by email over the onboard communications system(s). ;F;0;1;0;0;0;0;0;0;0;0;0;0;0
699;fishing.pdf_699;The ELSS must provide a means so that electronic print files are protected so that they cannot be modified in any way once generated and distributed.;NFR;1;0;0;0;0;0;0;0;0;0;0;0;0
700;fishing.pdf_700;Generation of hard copies of the Electronic Logbook required when fishing in 3rd country or Regional Fisheries waters, e.g. NAFO, Faroese and Norwegian waters.;F;0;1;0;0;0;0;0;0;0;0;0;0;0
701;fishing.pdf_701;Generation of a hard copy logsheet or landing declaration to act as a transport or takeover document.;F;0;1;0;0;0;0;0;0;0;0;0;0;0
702;fishing.pdf_702;Generation of a hard copy for providing regulatory returns for Cod and Hake effort reporting.;F;0;1;0;0;0;0;0;0;0;0;0;0;0
703;fishing.pdf_703;The ELSS must provide Electronic Logbook data for transmission to the UK fisheries administrations’ ERS system in accordance with the frequency requirements defined below (Section 5.1).;F;0;1;0;0;0;0;0;0;0;0;0;0;0
704;fishing.pdf_704;The ELSS should at least be able to transmit data via email, either by being included in a packaged solution with an email system or by linking with an existing on-board email service. ;F;0;1;0;0;0;0;0;0;0;0;0;0;0
705;fishing.pdf_705;Data is required to be emailed as an xml document attached to an email with a standard Subject header and sent to the email address of the UK fisheries administrations’ ERS system.;F;0;1;0;0;0;0;0;0;0;0;0;0;0
706;fishing.pdf_706;The subject header must consist of a character string containing ‘ERS – ‘ prefixed to the contents of the GBRRN attribute of the Electronic Logbook data being transmitted. The GBRRN attribute is defined in the UK XML/XSD. ;F;0;1;0;0;0;0;0;0;0;0;0;0;0
707;fishing.pdf_707;The GBRRN attribute is defined uniquely as the vessels’ RSS Number appended to the current date (in YYYYMMDD format) and a 6 digit sequence number, e.g. RSSNumber+YYYYMMDD+999999. An example of the contents of an email subject could be ERS – A1234520090623000001.;F;0;1;0;0;0;0;0;0;0;0;0;0;0
708;fishing.pdf_708;The xml document file name should be based upon the GBRRN attribute defined in the UK XML/XSD. An example of this format could be A1234520090623000001. ;F;0;1;0;0;0;0;0;0;0;0;0;0;0
709;fishing.pdf_709;The RSS Number will require to be padded with trailing X’s to ensure that it is always 6 characters in length.;F;0;1;0;0;0;0;0;0;0;0;0;0;0
710;fishing.pdf_710;Each file should have the suffix of .xml, e.g. A1234520090623000001.xml.;F;0;1;0;0;0;0;0;0;0;0;0;0;0
711;fishing.pdf_711;All xml documents attached to emails to the UK fisheries administrations’ ERS system must be encrypted using PGP.;NFR;1;0;0;0;0;0;0;0;0;0;0;0;0
712;fishing.pdf_712;It is recognised that communications methods, other than email, are available for data transmission. ;F;0;1;0;0;0;0;0;0;0;0;0;0;0
713;fishing.pdf_713;If an alternative is proposed, this should be advised to the Validation Authority and if feasible and practicable the UK Fisheries Administrations will endeavour to extend their ERS system to accommodate alternative methods.;F;0;1;0;0;0;0;0;0;0;0;0;0;0
714;fishing.pdf_714;The ELSS must permit the Master of the vessel to generate formatted data for transmission to the UK fisheries administrations’ ERS system.;F;0;1;0;0;0;0;0;0;0;0;0;0;0
715;fishing.pdf_715;There are 2 categories of transmission, those that must be generated automatically by the ELSS and those that can be generated and transmitted under the control of the Master of the vessel.;F;0;1;0;0;0;0;0;0;0;0;0;0;0
716;fishing.pdf_716;The ELSS must provide facilities to capture and deliver for transmission corrections to previously successfully transmitted data. ;F;0;1;0;0;0;0;0;0;0;0;0;0;0
717;fishing.pdf_717;"Data corrections must not be transmitted piecemeal; the entire report containing one or more corrected items must be transmitted.";F;0;1;0;0;0;0;0;0;0;0;0;0;0
718;fishing.pdf_718;There is no requirement to identify the data items that have been corrected in the generated corrected report. ;F;0;1;0;0;0;0;0;0;0;0;0;0;0
719;fishing.pdf_719;All corrections must be easily identifiable within the ELSS user interface.;F;0;1;0;0;0;0;0;0;0;0;0;0;0
720;fishing.pdf_720;The ELSS must only permit correction messages to be generated and sent for reports sent during a current trip up to the submission of the End of Fishing report for that voyage;NFR;1;0;0;0;0;0;0;0;0;0;0;0;0
721;fishing.pdf_721;The ELSS must provide facilities to transmit deletions to previously transmitted data.;F;0;1;0;0;0;0;0;0;0;0;0;0;0
722;fishing.pdf_722;The ELSS must only permit deletion messages to be generated and sent for reports sent during a current trip up to the End of Fishing report for that voyage.;NFR;1;0;0;0;0;0;0;0;0;0;0;0;0
723;fishing.pdf_723;All deletions must be easily identifiable within the ELSS user interface.;F;0;1;0;0;0;0;0;0;0;0;0;0;0
724;fishing.pdf_724;The ELSS must be able to receive acknowledgement (RET) messages transmitted from the UK fisheries administrations’ ERS system. ;F;0;1;0;0;0;0;0;0;0;0;0;0;0
725;fishing.pdf_725;The ELSS must match each acknowledgement message with the appropriate transmitted data operation, deletion or correction report.;F;0;1;0;0;0;0;0;0;0;0;0;0;0
726;fishing.pdf_726;The ELSS must be able to confirm that a transmission has been successfully acknowledged or display any error message should the ELSS receive a negative acknowledgement message.;NFR;1;0;0;0;0;0;0;0;0;0;0;0;0
727;fishing.pdf_727;Prior to registering a product for approval, a test address for all test email transmissions and test logon details to the UK fisheries administrations’ ERS system will be provided on request.;F;0;1;0;0;0;0;0;0;0;0;0;0;0
728;fishing.pdf_728;All requests should be made by contacting the Validation Authority by email in the first instance.;F;0;1;0;0;0;0;0;0;0;0;0;0;0
729;fishing.pdf_729;Once operational the UK XML/XSD allows for a test message to be sent to the UK fisheries administrations’ ERS system.;F;0;1;0;0;0;0;0;0;0;0;0;0;0
730;fishing.pdf_730;This test facility must be used to send test transmissions to establish that the communications between the vessel and the UK fisheries administrations’ ERS system are fully operational.;F;0;1;0;0;0;0;0;0;0;0;0;0;0
731;fishing.pdf_731;The UK fisheries administrations’ ERS system will acknowledge any test messages but will not store any data that has been transmitted.;F;0;1;0;0;0;0;0;0;0;0;0;0;0
732;fishing.pdf_732;ELSS must retain all logbook reports and any corrections on the system at least until the end of each trip, i.e. on submission of the electronic landing declaration or of a transhipment report.;F;0;1;0;0;0;0;0;0;0;0;0;0;0
733;fishing.pdf_733;Any ELSS software updates must not impact upon the ELSS’s ability to meet the requirements set out in this document and other test documentation . ;F;0;1;0;0;0;0;0;0;0;0;0;0;0
734;fishing.pdf_734;If it does then the product must be submitted for re-approval, and can not be deployed by fishing vessels until this is granted and the new version id is published on the UKFA web site lists;F;0;1;0;0;0;0;0;0;0;0;0;0;0
735;fishing.pdf_735;One username/password must be provided for the owner of each vessel;NFR;1;0;0;0;0;0;0;0;0;0;0;0;0
736;fishing.pdf_736;The owner is then able to set up subsidiary users such as the master of the vessel with their own username and password.;NFR;1;0;0;0;0;0;0;0;0;0;0;0;0
737;fishing.pdf_737;"The username is required to be recorded in each report completed and in each transmission made; the person who has entered the data is required to “sign” the Electronic Logbook data stating that they are aware of the responsibilities/liabilities they are committing to in completing and / or transmitting a report.";NFR;1;0;0;0;0;0;0;0;0;0;0;0;0
738;fishing.pdf_738;Each copy of the ELSS installed must be provided with a unique (internal?) number that is automatically entered into each transmission to identify the instance of the ELSS from which the report has been transmitted.;F;0;1;0;0;0;0;0;0;0;0;0;0;0
739;fishing.pdf_739;ELSS must only be supplied for use at sea and loaded onto an onboard system and is not to be provided for onshore use by agents or representatives. ;F;0;1;0;0;0;0;0;0;0;0;0;0;0
740;fishing.pdf_740;Onshore entry is to be made through the ERS website or by use of the offline submission methods to be promulgated by the UK fisheries administrations, e.g. an emailed spreadsheet CSV formatted file.;F;0;1;0;0;0;0;0;0;0;0;0;0;0
741;fishing.pdf_741;To this end the UK administrations will provide the Owner with the means for his agent(s) to logon to the ERS website to view the vessel trip record to date and the logbook numbers used, to aid their completion of the reports they wish to submit from their offices.;F;0;1;0;0;0;0;0;0;0;0;0;0;0
742;fishing.pdf_742;Product MUST provide data capture screens for the entry C of the logbook, transhipment and landing declaration data that is required to be transmitted to the UK fisheries administrations’ ERS system.;F;0;1;0;0;0;0;0;0;0;0;0;0;0
743;fishing.pdf_743;Product MUST provide a means for fisherman to C manually enter required Electronic Logbook and Landing Declaration information.;F;0;1;0;0;0;0;0;0;0;0;0;0;0
744;fishing.pdf_744;Product MAY provide automated features for populating O the Electronic Logbook information (e.g. interfacing with a GPS feature for inserting the location, date, time etc).;F;0;1;0;0;0;0;0;0;0;0;0;0;0
745;fishing.pdf_745;Product SHOULD provide Man-Machine Interface O factors suitable for operation of the ELSS on a moving/swaying platform;F;0;1;0;0;0;0;0;0;0;0;0;0;0
746;fishing.pdf_746;Product MUST use English (UK) localization for all UK C Electronic Logbook features.;F;0;1;0;0;0;0;0;0;0;0;0;0;0
747;fishing.pdf_747;Product MUST use UTC for all dates and times C Product MUST provide a means to provide a hard copy C print out of the Electronic Logbook and Landing Declaration using an onboard printer.;F;0;1;0;0;0;0;0;0;0;0;0;0;0
748;fishing.pdf_748;Product MAY provide an electronic copy of the O Electronic Logbook or Landing Declaration to be transmitted and printed on-shore.;F;0;1;0;0;0;0;0;0;0;0;0;0;0
749;fishing.pdf_749;Product MUST provide a means so that electronic print files are protected so that they are not able to be modified in any way once generated and distributed;NFR;1;0;0;0;0;0;0;0;0;0;0;0;0
750;fishing.pdf_750;Product MAY provide features to facilitate other print O requirements, including: Generation of hard copies of the Electronic Logbook when fishing in 3rd country or Regional Fisheries waters, e.g. NAFO, Faroese and Norwegian waters. 􏰀 Generation of a hard copy Electronic Logbook or landing declaration as a transport or takeover document, Generation of a hard copy for providing regulatory return.;F;0;1;0;0;0;0;0;0;0;0;0;0;0
751;home 1.3.pdf_751;The DigitalHome System shall allow a web-ready computer, cell phone or PDA to control a home's temperature, humidity, lights, security, and the state of small appliances.;F;0;1;0;0;0;0;0;0;0;0;0;0;0
752;home 1.3.pdf_752;The communication center of the DH system shall be a DH home web server, through which a user shall be able to monitor and control home devices and systems.;F;0;1;0;0;0;0;0;0;0;0;0;0;0
753;home 1.3.pdf_753;Each DigitalHome shall contain a master control device (the DH Gateway Device) that connects to the home’s broadband Internet connection, and uses wireless communication to send and receive communication between the DigitalHome system and the home devices and systems.;F;0;1;0;0;0;0;0;0;0;0;0;0;0
754;home 1.3.pdf_754;The DigitalHome shall be equipped with various environmental controllers and sensors (temperature controller-sensors: thermostats, humidity controller-sensors: humidistats, contact sensors, security sound and light alarms, and power switches).;NFR;1;0;0;0;0;0;0;0;0;0;0;0;0
755;home 1.3.pdf_755;Using wireless communication, sensor values can be read and saved in the home database.;F;0;1;0;0;0;0;0;0;0;0;0;0;0
756;home 1.3.pdf_756;Controller values can be sent to controllers to change the DH environment.;NFR;1;0;0;0;0;0;0;0;0;0;0;0;0
757;home 1.3.pdf_757;The DigitalHome programmable thermostat shall allow a user to monitor and control a home’s temperature from any location, using a web ready computer, cell phone, or PDA.;F;0;1;0;0;0;0;0;0;0;0;0;0;0
758;home 1.3.pdf_758;A DH user shall be able to read the temperature at a thermostat position.;NFR;1;0;0;0;0;0;0;0;0;0;0;0;0
759;home 1.3.pdf_759;A DH user shall be able to set the thermostat temperatures to between 60 °F and 80 °F, inclusive, at one degree increments.;NFR;1;0;0;0;0;0;0;0;0;0;0;0;0
760;home 1.3.pdf_760;Up to eight thermostats shall be placed in rooms throughout the home.;F;0;1;0;0;0;0;0;0;0;0;0;0;0
761;home 1.3.pdf_761;The thermostats may be controlled individually or collectively, so that temperature can be controlled at different levels in different home spaces.;F;0;1;0;0;0;0;0;0;0;0;0;0;0
762;home 1.3.pdf_762;A single thermostat shall be placed in an enclosed space (e.g., a room in the house) for which the air temperature is to be controlled.;F;0;1;0;0;0;0;0;0;0;0;0;0;0
763;home 1.3.pdf_763;For each thermostat, up to twenty-four one hour settings per day for every day of the week can be scheduled.;F;0;1;0;0;0;0;0;0;0;0;0;0;0
764;home 1.3.pdf_764;If a thermostat device allows a user to make a manual temperature setting, the setting shall remain in effect until the end of the planned or default time period, at which time the planned or default setting will be used for the next time period.;F;0;1;0;0;0;0;0;0;0;0;0;0;0
765;home 1.3.pdf_765;A thermostat unit shall communicate, through wireless signals, with the master control unit.;F;0;1;0;0;0;0;0;0;0;0;0;0;0
766;home 1.3.pdf_766;The system shall support Fahrenheit and Celsius temperature values.;F;0;1;0;0;0;0;0;0;0;0;0;0;0
767;home 1.3.pdf_767;The system shall be compatible with a centralized HVAC (Heating, Ventilation and Air Conditioning) systems: gas, oil, electricity, solar, or a combination of two or more. ;F;0;1;0;0;0;0;0;0;0;0;0;0;0
768;home 1.3.pdf_768;The system shall adhere to the standards, policies and procedures of the American Society of Heating, Refrigerating and Air-Conditioning Engineers [ASHRAE 2010].;F;0;1;0;0;0;0;0;0;0;0;0;0;0
769;home 1.3.pdf_769;The DigitalHome programmable humidistat shall allow a user to monitor and control a home’s humidity from any location, using a web ready computer, cell phone, or PDA.;F;0;1;0;0;0;0;0;0;0;0;0;0;0
770;home 1.3.pdf_770;A DH user shall be able to read the humidity at a humidistat position.;NFR;1;0;0;0;0;0;0;0;0;0;0;0;0
771;home 1.3.pdf_771;A DH user shall be able to set the humidity level for a humidistat, from 30% to 60%, inclusive a 1% increments.;NFR;1;0;0;0;0;0;0;0;0;0;0;0;0
772;home 1.3.pdf_772;Up to eight humidistats shall be placed in rooms throughout the home.;F;0;1;0;0;0;0;0;0;0;0;0;0;0
773;home 1.3.pdf_773;A single humidistat shall be placed in an enclosed space (e.g., a room in the house) for which the humidity is to be controlled.;F;0;1;0;0;0;0;0;0;0;0;0;0;0
774;home 1.3.pdf_774;If a humdistat device allows a user to make a manual temperature setting, the setting shall remain in effect until the end of the planned or default time period, at which time the planned or default setting will be used for the next time period.;F;0;1;0;0;0;0;0;0;0;0;0;0;0
775;home 1.3.pdf_775;For each humidistat, up to twenty-four one hour settings per day for every day of the week can be scheduled.;F;0;1;0;0;0;0;0;0;0;0;0;0;0
776;home 1.3.pdf_776;A DigitalHome system shall use wireless signals to communicate, through the master control unit, with the humidistats.;F;0;1;0;0;0;0;0;0;0;0;0;0;0
777;home 1.3.pdf_777;The DigitalHome security system consists of contact sensors and a set security alarms.;NFR;1;0;0;0;0;0;0;0;0;0;0;0;0
778;home 1.3.pdf_778;A DigitalHome system shall be able to manage up to fifty door and window contact sensors.;F;0;1;0;0;0;0;0;0;0;0;0;0;0
779;home 1.3.pdf_779;A DigitalHome system shall be able to activate both light and sound alarms: one sound alarm and one light alarm subsystem, with multiple lights.;F;0;1;0;0;0;0;0;0;0;0;0;0;0
780;home 1.3.pdf_780;When a security breach occurs and a contact sensor is set OPEN, the alarm system shall be activated.;NFR;1;0;0;0;0;0;0;0;0;0;0;0;0
781;home 1.3.pdf_781;The DigitalHome programmable Appliance Manager shall provide for management of a home’s small appliances, including lighting units, by allowing a user to turn them on or off as desired.;F;0;1;0;0;0;0;0;0;0;0;0;0;0
782;home 1.3.pdf_782;The Appliance Manager shall be able to manage up to one hundred 115 volt, 10 amp power switches.;F;0;1;0;0;0;0;0;0;0;0;0;0;0
783;home 1.3.pdf_783;The system shall be able to provide information about the state of a power switch (OFF or ON), indicating the whether an appliance connected to the power switch is OFF or ON.;NFR;1;0;0;0;0;0;0;0;0;0;0;0;0
784;home 1.3.pdf_784;The system shall be able to change the state of a power switch (OFF to ON, or ON to OFF), in turn changing the state of an appliance connected to the power switch.;NFR;1;0;0;0;0;0;0;0;0;0;0;0;0
785;home 1.3.pdf_785;If a user changes the state of power switch device manually, the device shall remain in that state until the end of the planned or default time period, at which time the planned or default setting will be used for the next time period.;NFR;1;0;0;0;0;0;0;0;0;0;0;0;0
786;home 1.3.pdf_786;DigitalHome Planner shall provide a user with the capability to direct the system to set various preset home parameters (temperature, humidity, security contacts, and on/off appliance/light status) for certain time periods.;NFR;1;0;0;0;0;0;0;0;0;0;0;0;0
787;home 1.3.pdf_787;DigitalHome provides a monthly planner.;F;0;1;0;0;0;0;0;0;0;0;0;0;0
788;home 1.3.pdf_788;For a given month and year, a user shall be able to create or modify a month plan that specifies for each day, for up to four daily time periods, the environmental parameter settings (temperature, humidity, contact sensors and power switches).;NFR;1;0;0;0;0;0;0;0;0;0;0;0;0
789;home 1.3.pdf_789;A user shall be able to override planned parameter values, through the DH website, or if available, through manual switches on household devices;F;0;1;0;0;0;0;0;0;0;0;0;0;0
790;home 1.3.pdf_790;For a given month and year, in the past two years, DigitalHome shall be able to provide a report on the management and control of the home.;NFR;1;0;0;0;0;0;0;0;0;0;0;0;0
791;home 1.3.pdf_791;The month report shall contain daily average, maximum (with time) and minimum (with time) values of temperature and humidity for each thermostat and humidistat, respectively.;F;0;1;0;0;0;0;0;0;0;0;0;0;0
792;home 1.3.pdf_792;The month report shall provide the day and time for which any security breaches occurred, that is, when the security alarms were activated.;NFR;1;0;0;0;0;0;0;0;0;0;0;0;0
793;home 1.3.pdf_793;The month report shall provide a section that indicates the periods of time when the DH System was not in operation..;F;0;1;0;0;0;0;0;0;0;0;0;0;0
794;home 1.3.pdf_794;Displays of environmental conditions (temperature, humidity, contact sensors and power switches) shall be updated at least every two seconds.;F;0;1;0;0;0;0;0;0;0;0;0;0;0
795;home 1.3.pdf_795;Sensor (temperature, humidity, contact sensor, power state) shall have a minimum data acquisition rate of 10 Hz.;F;0;1;0;0;0;0;0;0;0;0;0;0;0
796;home 1.3.pdf_796;An environmental sensor or controller device shall have to be within 1000 feet of the master control device, in order to be in communication with the system.;F;0;1;0;0;0;0;0;0;0;0;0;0;0
797;home 1.3.pdf_797;The DigitalHome System must be highly reliable with no more than 1 failure per 10,000 hours of operation.;F;0;1;0;0;0;0;0;0;0;0;0;0;0
798;home 1.3.pdf_798;The Digital Home System shall incorporate backup and recovery mechanisms.;F;0;1;0;0;0;0;0;0;0;0;0;0;0
799;home 1.3.pdf_799;The DH System will backup all system data (configuration, default parameter settings, planning, and usage data) on a daily basis, with the backup time set by the DH Technician at system set up.;F;0;1;0;0;0;0;0;0;0;0;0;0;0
800;home 1.3.pdf_800;If the DH System fails (due to power loss, loss of internet access, or other software or hardware failure), the system recovery mechanism shall restore system data (configuration, default parameter settings, planning, and usage data) from the most recent backup.;NFR;1;0;0;0;0;0;0;0;0;0;0;0;0
801;home 1.3.pdf_801;All DigitalHome operations shall incorporate exception handling so that the system responds to a user with a clear, descriptive message when an error or an exceptional condition occurs.;NFR;1;0;0;0;0;0;0;0;0;0;0;0;0
802;home 1.3.pdf_802;Although there are no specific safety requirements, high system reliability is important to insure there are no system failures in carrying out user requests. ;NFR;1;0;0;0;0;0;0;0;0;0;0;0;0
803;home 1.3.pdf_803;Such failures might affect the safety of home dwellers (e.g., security breaches, inadequate lighting in dark spaces, inappropriate temperature and humidity for people who are in ill-health, or powering certain appliances when young children are present).;F;0;1;0;0;0;0;0;0;0;0;0;0;0
804;home 1.3.pdf_804;Upon installation, a DigitalHome user account shall be established. ;NFR;1;0;0;0;0;0;0;0;0;0;0;0;0
805;home 1.3.pdf_805;The DigitalHome web system shall provide for authentication and information encryption through a recognized reliable and effective security technology, such as Transport Layer Security.;NFR;1;0;0;0;0;0;0;0;0;0;0;0;0
806;home 1.3.pdf_806;Log in to an account shall require entry of an account name and a password.;NFR;1;0;0;0;0;0;0;0;0;0;0;0;0
807;home 1.3.pdf_807;"The development of the DH system shall use methods and techniques such as the following to support system maintenance: Documentation of requirements, design, and code, Use of abstraction, information hiding and module independence in system design; and Use of IEEE standards [IEEE830, IEEE1008, IEEE1016, IEEE1028] and the HomeOwner Coding Standard [HO4710].";F;0;1;0;0;0;0;0;0;0;0;0;0;0
808;home 1.3.pdf_808;Although the product produced under this document will be a “prototype” version, all modules and components of this prototype version shall be designed and implemented in such a manner that it may be incorporated in a fully specified commercial version of the DigitalHome System.;F;0;1;0;0;0;0;0;0;0;0;0;0;0
809;home 1.3.pdf_809;All system documents (Software Requirements Specification, Architectural Design Specification, Module Detailed Design, Module Source Code, and all Test Plans) shall be up-to-date, use the Homeowner document format [HO2305] and reside in the HomeOwner Document Archive at completion of the project.;F;0;1;0;0;0;0;0;0;0;0;0;0;0
810;home 1.3.pdf_810;HomeOwner has designated object-oriented development, using UML 2.0, as the preferred method for development of software for HomeOwner products. Exceptions to this rule must be approved by the CIO.;F;0;1;0;0;0;0;0;0;0;0;0;0;0
811;home 1.3.pdf_811;The DigitalHome System shall provide users with online documentation about the DigitalHome system installed in their home. ;F;0;1;0;0;0;0;0;0;0;0;0;0;0
812;home 1.3.pdf_812;The user documentation shall include the following: An FAQ section – a set of “Frequently Asked Questions” about use and maintenance of the DigitalHome System (e.g., “How do I change my password?”, “Where to I go to get DigitalHome support?”), ;F;0;1;0;0;0;0;0;0;0;0;0;0;0
813;home 1.3.pdf_813;The user documentation shall include the following: A section that explains how DH parameters are set and sensor values are read. ;F;0;1;0;0;0;0;0;0;0;0;0;0;0
814;home 1.3.pdf_814;This shall include information on limitations and constraints on parameter settings and sensor reading accuracy.;F;0;1;0;0;0;0;0;0;0;0;0;0;0
815;home 1.3.pdf_815;The user documentation shall include the following: A section that describes how to use the DH Planner.;F;0;1;0;0;0;0;0;0;0;0;0;0;0
816;nlm.doc_816;Allows resources to be reviewed before a decision is made whether they should be retained.;F;0;1;0;0;0;0;0;0;0;0;0;0;0
817;nlm.doc_817;Some metadata checks and data conversion may be necessary to allow initial materials to be reviewed;F;0;1;0;0;0;0;0;0;0;0;0;0;0
818;nlm.doc_818;Allows for a definition of the audience for whom the information is intended, who is given access rights, and length of retention.;F;0;1;0;0;0;0;0;0;0;0;0;0;0
819;nlm.doc_819;Allows for temporary storage outside of the repository (this is optional for certain NLM collections).;F;0;1;0;0;0;0;0;0;0;0;0;0;0
820;nlm.doc_820;Supports workflow of digital objects in this order: Receive and track content from producers, Normalize content – the conversion into a common format for final ingestion into the repository, Validate content based on submitter, expected format, file quality, duplication (e.g., existence of object in repository), and completeness,Review content as a method of the selection process, Accept or reject content or file format.;F;0;1;0;0;0;0;0;0;0;0;0;0;0
821;nlm.doc_821;A minimal set of identifying information/metadata concerning rejection decisions must be recorded.;F;0;1;0;0;0;0;0;0;0;0;0;0;0
822;nlm.doc_822;A minimal set of identifying information/metadata concerning rejected submissions should provide a mechanism to eliminate the need to review some resubmissions. ;F;0;1;0;0;0;0;0;0;0;0;0;0;0
823;nlm.doc_823;Certain reasons for rejection should prevent a possible resubmission.;F;0;1;0;0;0;0;0;0;0;0;0;0;0
824;nlm.doc_824;Allows notification of producers and donors about rejected content.;F;0;1;0;0;0;0;0;0;0;0;0;0;0
825;nlm.doc_825;Accepts content from physical media (DVDs, external drives, etc.) or via electronic transfer (FTP) from producers.;F;0;1;0;0;0;0;0;0;0;0;0;0;0
826;nlm.doc_826;Accepts content in numerous file types/formats: TIFF images for storage, XML text, audio, streaming video, and PDF.;F;0;1;0;0;0;0;0;0;0;0;0;0;0
827;nlm.doc_827;Accepts SIPS in the following formats: XML, MARC, MARC XML, MODS, EAD, DC, TEI, etc.;F;0;1;0;0;0;0;0;0;0;0;0;0;0
828;nlm.doc_828;Accepts the following types of digital objects: Articles, journals, images, monographs, audio files, video files, websites, numeric data, text files, and databases.;F;0;1;0;0;0;0;0;0;0;0;0;0;0
829;nlm.doc_829;"Examples of conversions may include: upgrading the version of software being submitted; converting one program to another";F;0;1;0;0;0;0;0;0;0;0;0;0;0
830;nlm.doc_830;Conversion needs only to preserve content, not the look, feel and experience of the original.;F;0;1;0;0;0;0;0;0;0;0;0;0;0
831;nlm.doc_831;Prompts a request for resubmission to the Content Originator if an error of transmission or receipt occurs.;F;0;1;0;0;0;0;0;0;0;0;0;0;0
832;nlm.doc_832;Error message feature is configurable for all types of errors.;F;0;1;0;0;0;0;0;0;0;0;0;0;0
833;nlm.doc_833;System generates an error log.;NFR;1;0;0;0;0;0;0;0;0;0;0;0;0
834;nlm.doc_834;Allows retention of metadata for files rejected but not replaced.;F;0;1;0;0;0;0;0;0;0;0;0;0;0
835;nlm.doc_835;Transmission problems allow rejection of entire packages.;F;0;1;0;0;0;0;0;0;0;0;0;0;0
836;nlm.doc_836;Other problems will allow rejection of entire package or part of a package, depending on content.;F;0;1;0;0;0;0;0;0;0;0;0;0;0
837;nlm.doc_837;Maintains log of messages sent concerning resubmissions.;F;0;1;0;0;0;0;0;0;0;0;0;0;0
838;nlm.doc_838;Accommodates a resubmitted SIP in case of errors resulting from the SIP submission.;F;0;1;0;0;0;0;0;0;0;0;0;0;0
839;nlm.doc_839;Has the option of sending a configurable automatic system confirmation receipt of SIP to producer based on type of resource, file, producer, etc.;F;0;1;0;0;0;0;0;0;0;0;0;0;0
840;nlm.doc_840;Stores and tracks versions of a document/file/image. Links /connections between versions are created and maintained.;NFR;1;0;0;0;0;0;0;0;0;0;0;0;0
841;nlm.doc_841;"Assigns a unique identifier to each object. Submitted content may be composed of multiple items, and the system must maintain the relationship between the parent object and any subsequent child objects (i.e., tracking of unique identifiers for child objects and the parent object; possible inheritance of parent object identifier to child objects).";F;0;1;0;0;0;0;0;0;0;0;0;0;0
842;nlm.doc_842;Keeps an audit trail of all actions.;NFR;1;0;0;0;0;0;0;0;0;0;0;0;0
843;nlm.doc_843;Performs virus checking on SIP.;NFR;1;0;0;0;0;0;0;0;0;0;0;0;0
844;nlm.doc_844;Validates automatically the successful transfer of the SIP to a staging area using Cyclic Redundancy Check (CRCs) or checksums associated with each data file.;NFR;1;0;0;0;0;0;0;0;0;0;0;0;0
845;nlm.doc_845;Verifies the validity of the submission based on submitter, expected format, file quality, duplication (e.g., existence of object in repository), and completeness.;F;0;1;0;0;0;0;0;0;0;0;0;0;0
846;nlm.doc_846;Allows NLM staff to display and perform manual/visual quality control assurance on staged SIPs via a user-friendly GUI interface.;F;0;1;0;0;0;0;0;0;0;0;0;0;0
847;nlm.doc_847;Any QA errors shall prompt a request for resubmission and/or internal action.;F;0;1;0;0;0;0;0;0;0;0;0;0;0
848;nlm.doc_848;Internal action may result in creation of a digital object in another preferred format.;F;0;1;0;0;0;0;0;0;0;0;0;0;0
849;nlm.doc_849;Allows NLM staff to accept or reject the SIPs at file or batch level.;NFR;1;0;0;0;0;0;0;0;0;0;0;0;0
850;nlm.doc_850;Generates statistical and error reports.;F;0;1;0;0;0;0;0;0;0;0;0;0;0
851;nlm.doc_851;Ability to adjust the level of manual quality control needed based on the origin of the file.;F;0;1;0;0;0;0;0;0;0;0;0;0;0
852;nlm.doc_852;Keeps an audit trail of all actions.;NFR;1;0;0;0;0;0;0;0;0;0;0;0;0
853;nlm.doc_853;Generates AIPs for Repository Storage by transforming SIPs to conform to repository’s data formatting standards.;F;0;1;0;0;0;0;0;0;0;0;0;0;0
854;nlm.doc_854;Issues report requests to Data Management to obtain reports of information to produce Descriptive Information (metadata) that completes the AIP, as covered in 7.1.1.10 and 7.1.1.13.;F;0;1;0;0;0;0;0;0;0;0;0;0;0
855;nlm.doc_855;Capable of interacting with other parts of the system to obtain additional information as needed.;F;0;1;0;0;0;0;0;0;0;0;0;0;0
856;nlm.doc_856;Keeps an audit trail of all actions.;NFR;1;0;0;0;0;0;0;0;0;0;0;0;0
857;nlm.doc_857;Converts data as described in 7.1.1.10.;F;0;1;0;0;0;0;0;0;0;0;0;0;0
858;nlm.doc_858;AIPs may consist of both masters files and derivatives.;F;0;1;0;0;0;0;0;0;0;0;0;0;0
859;nlm.doc_859;Allows entry and validation of additional metadata (e.g. subject headings, names, dates, “curatorial” descriptive metadata - evaluative information that explains why an object is important, whether it was part of a larger collection (e.g., an exhibit), etc.).;NFR;1;0;0;0;0;0;0;0;0;0;0;0;0
860;nlm.doc_860;Is able to validate specified metadata elements;NFR;1;0;0;0;0;0;0;0;0;0;0;0;0
861;nlm.doc_861;Allows metadata to be stored in a database in a manner that conforms to repository reformatting and linked to their corresponding objects via an identifier.;F;0;1;0;0;0;0;0;0;0;0;0;0;0
862;nlm.doc_862;Basic descriptive metadata will also be stored with the objects (e.g., unique identifier, title and date stored in the TIFF header) so that the objects can still be identified in the event that information in the database is corrupted.;F;0;1;0;0;0;0;0;0;0;0;0;0;0
863;nlm.doc_863;See Appendix D for examples of TIFF header metadata requirements.;F;0;1;0;0;0;0;0;0;0;0;0;0;0
864;nlm.doc_864;Is able to recognize required descriptive elements.;F;0;1;0;0;0;0;0;0;0;0;0;0;0
865;nlm.doc_865;Recognizes and documents relations among files.;F;0;1;0;0;0;0;0;0;0;0;0;0;0
866;nlm.doc_866;Keeps an audit trail of all actions.;NFR;1;0;0;0;0;0;0;0;0;0;0;0;0
867;nlm.doc_867;Transfers the AIPs to Archival Storage.;F;0;1;0;0;0;0;0;0;0;0;0;0;0
868;nlm.doc_868;Includes a storage request which provides a storage confirmation for the AIP.;F;0;1;0;0;0;0;0;0;0;0;0;0;0
869;nlm.doc_869;Transfers the Descriptive Information to Data Management.;F;0;1;0;0;0;0;0;0;0;0;0;0;0
870;nlm.doc_870;Sends confirmation notification when transfer to archival storage is completed.;F;0;1;0;0;0;0;0;0;0;0;0;0;0
871;nlm.doc_871;Stores the identification information in the Data Management database to support search and retrieval of AIPs in Archive Storage.;F;0;1;0;0;0;0;0;0;0;0;0;0;0
872;nlm.doc_872;Identifiers are the link between Data Management and digital objects.;F;0;1;0;0;0;0;0;0;0;0;0;0;0
873;nlm.doc_873;AIPS and Descriptive Information will be put back together when objects are accessed.;NFR;1;0;0;0;0;0;0;0;0;0;0;0;0
874;nlm.doc_874;Keeps an audit trail of all actions.;NFR;1;0;0;0;0;0;0;0;0;0;0;0;0
875;nlm.doc_875;Receives AIPs from Ingest.;F;0;1;0;0;0;0;0;0;0;0;0;0;0
876;nlm.doc_876;Moves and adds AIPs to storage within the repository;F;0;1;0;0;0;0;0;0;0;0;0;0;0
877;nlm.doc_877;Generates confirmation, statistical and error reports for the AIP process.;F;0;1;0;0;0;0;0;0;0;0;0;0;0
878;nlm.doc_878;Keeps an audit trail of all actions.;NFR;1;0;0;0;0;0;0;0;0;0;0;0;0
879;nlm.doc_879;Monitors and ensures that AIPs are not corrupted during transfers.;NFR;1;0;0;0;0;0;0;0;0;0;0;0;0
880;nlm.doc_880;Conforms to NLM security policies and requirements to ensure the appropriate level of protection for the AIPs.;NFR;1;0;0;0;0;0;0;0;0;0;0;0;0
881;nlm.doc_881;Keeps an audit trail of all actions.;NFR;1;0;0;0;0;0;0;0;0;0;0;0;0
882;nlm.doc_882;Able to refresh/replace the media on which repository holdings are stored without service interruption, and update corresponding metadata as appropriate.;F;0;1;0;0;0;0;0;0;0;0;0;0;0
883;nlm.doc_883;Able to ensure that Content Information and Preservation Description Information (PDI) are not altered.;NFR;1;0;0;0;0;0;0;0;0;0;0;0;0
884;nlm.doc_884;Provides statistically acceptable assurance that no components of the AIP are corrupted during any internal Archival Storage data transfer.;F;0;1;0;0;0;0;0;0;0;0;0;0;0
885;nlm.doc_885;Performs routine and special data integrity checking such as Cyclic Redundancy Checks (CRC) or checksums for each individual file and generates error reports.;NFR;1;0;0;0;0;0;0;0;0;0;0;0;0
886;nlm.doc_886;Provides disaster recovery capabilities including data backup, off-site data storage, data recovery, etc.;F;0;1;0;0;0;0;0;0;0;0;0;0;0
887;nlm.doc_887;Provides AIPs to Access to generate Dissemination Information Packages (DIPs).;F;0;1;0;0;0;0;0;0;0;0;0;0;0
888;nlm.doc_888;Keeps an audit trail of all actions.;NFR;1;0;0;0;0;0;0;0;0;0;0;0;0
889;nlm.doc_889;Maintains the integrity of the Data Management database which contains both metadata and system information.;NFR;1;0;0;0;0;0;0;0;0;0;0;0;0
890;nlm.doc_890;Provides internal validation such as referential integrity of the contents of the database.;NFR;1;0;0;0;0;0;0;0;0;0;0;0;0
891;nlm.doc_891;Creates and maintains schema or table definitions required to support Data Management functions.;F;0;1;0;0;0;0;0;0;0;0;0;0;0
892;nlm.doc_892;Has capability to create, maintain, and access customized user views of the contents of this storage.;F;0;1;0;0;0;0;0;0;0;0;0;0;0
893;nlm.doc_893;Query requests are received from other functions (for example, Ingest, Access, and Administration).;NFR;1;0;0;0;0;0;0;0;0;0;0;0;0
894;nlm.doc_894;The query request may require data to be sourced from different storage locations.;F;0;1;0;0;0;0;0;0;0;0;0;0;0
895;nlm.doc_895;Generates a result set.;F;0;1;0;0;0;0;0;0;0;0;0;0;0
896;nlm.doc_896;Allows query requests against all metadata used to manage the repository.;F;0;1;0;0;0;0;0;0;0;0;0;0;0
897;nlm.doc_897;Keeps an audit trail of all actions.;NFR;1;0;0;0;0;0;0;0;0;0;0;0;0
898;nlm.doc_898;Supports the production of management information reports and statistics.;F;0;1;0;0;0;0;0;0;0;0;0;0;0
899;nlm.doc_899;Receives report requests from other NLM Digital Repository functions (for example, Ingest, Access, Administration).;NFR;1;0;0;0;0;0;0;0;0;0;0;0;0
900;nlm.doc_900;Has capability to generate database update confirmation, statistical and error reports to Ingest.;F;0;1;0;0;0;0;0;0;0;0;0;0;0
901;nlm.doc_901;Has capability to generate reports in an ad-hoc manner, automatically, or to be triggered by a reporting calendar or by a specific system event.;F;0;1;0;0;0;0;0;0;0;0;0;0;0
902;nlm.doc_902;Has capability to generate and provide reports such as summaries of repository holdings by category, usage statistics for access to repository holdings, and descriptive information for a specific AIP.;F;0;1;0;0;0;0;0;0;0;0;0;0;0
903;nlm.doc_903;Reports may be specific to a time period or set of time periods.;F;0;1;0;0;0;0;0;0;0;0;0;0;0
904;nlm.doc_904;Keeps an audit trail of all actions.;NFR;1;0;0;0;0;0;0;0;0;0;0;0;0
905;nlm.doc_905;Receives updates from other NLM Digital Repository functions (for example, Ingest and Administration).;NFR;1;0;0;0;0;0;0;0;0;0;0;0;0
906;nlm.doc_906;Allows updates to be submitted in batches.;F;0;1;0;0;0;0;0;0;0;0;0;0;0
907;nlm.doc_907;Allows online updates to individual records by authorized staff.;NFR;1;0;0;0;0;0;0;0;0;0;0;0;0
908;nlm.doc_908;Has capability to generate and provide management reports and statistics such as summaries of updates by category, user codes, etc.;F;0;1;0;0;0;0;0;0;0;0;0;0;0
909;nlm.doc_909;There may be a need to coordinate updates with metadata held in other systems.;F;0;1;0;0;0;0;0;0;0;0;0;0;0
910;nlm.doc_910;Keeps an audit trail of all actions.;NFR;1;0;0;0;0;0;0;0;0;0;0;0;0
911;nlm.doc_911;Audits submissions to ensure that they meet archive/repository standards.;F;0;1;0;0;0;0;0;0;0;0;0;0;0
912;nlm.doc_912;Maintains configuration management of the system hardware and software.;F;0;1;0;0;0;0;0;0;0;0;0;0;0
913;nlm.doc_913;Has capability to inventory, report on and migrate the contents of the repository.;F;0;1;0;0;0;0;0;0;0;0;0;0;0
914;nlm.doc_914;Ensures data integrity for version upgrades and format migration.;NFR;1;0;0;0;0;0;0;0;0;0;0;0;0
915;nlm.doc_915;Tracks negotiation status, written submission agreements and maintains schedules.;F;0;1;0;0;0;0;0;0;0;0;0;0;0
916;nlm.doc_916;Able to add and edit terms of agreement, based on access of level of user.;NFR;1;0;0;0;0;0;0;0;0;0;0;0;0
917;nlm.doc_917;Submission schedules may be set on a periodic or ad-hoc basis.;F;0;1;0;0;0;0;0;0;0;0;0;0;0
918;nlm.doc_918;Submission volumes and schedules are managed and monitored.;F;0;1;0;0;0;0;0;0;0;0;0;0;0
919;nlm.doc_919;Able to store terms of agreements, and use them to monitor/review/process submissions.;F;0;1;0;0;0;0;0;0;0;0;0;0;0
920;nlm.doc_920;Keeps an audit trail of all actions.;NFR;1;0;0;0;0;0;0;0;0;0;0;0;0
921;nlm.doc_921;Monitors functionality of the entire repository.;F;0;1;0;0;0;0;0;0;0;0;0;0;0
922;nlm.doc_922;Maintains integrity of system configuration.;NFR;1;0;0;0;0;0;0;0;0;0;0;0;0
923;nlm.doc_923;Audits system operations, performance and usage.;NFR;1;0;0;0;0;0;0;0;0;0;0;0;0
924;nlm.doc_924;Sends requests for system information to Data Management and receives reports.;F;0;1;0;0;0;0;0;0;0;0;0;0;0
925;nlm.doc_925;Receives operational statistics from Archival Storage.;F;0;1;0;0;0;0;0;0;0;0;0;0;0
926;nlm.doc_926;Summarizes reports and provides repository performance information and repository holdings inventory reports to Preservation Planning.;F;0;1;0;0;0;0;0;0;0;0;0;0;0
927;nlm.doc_927;Sends performance information to Establish Standards and Polices.;F;0;1;0;0;0;0;0;0;0;0;0;0;0
928;nlm.doc_928;Receives migration packages from Preservation Planning.;F;0;1;0;0;0;0;0;0;0;0;0;0;0
929;nlm.doc_929;Develops and implements plans for system evolution.;F;0;1;0;0;0;0;0;0;0;0;0;0;0
930;nlm.doc_930;Submits change requests, procedures and tools to Archive Information Update.;F;0;1;0;0;0;0;0;0;0;0;0;0;0
931;nlm.doc_931;Receives change requests, actions and tools from the Manage System Configuration function.;F;0;1;0;0;0;0;0;0;0;0;0;0;0
932;nlm.doc_932;Requests DIPs from the Access function.;F;0;1;0;0;0;0;0;0;0;0;0;0;0
933;nlm.doc_933;Updates contents of DIPs and resubmits them as SIPs to Ingest.;F;0;1;0;0;0;0;0;0;0;0;0;0;0
934;nlm.doc_934;Deletes AIPs from the repository. This may require the removal of the digital object’s files, and the retention of associated metadata, or the removal of both the files and metadata.;F;0;1;0;0;0;0;0;0;0;0;0;0;0
935;nlm.doc_935;Coordinates the removal of an AIP with the maintenance of metadata held in other systems. Provides an alert that other systems need to be updated.;F;0;1;0;0;0;0;0;0;0;0;0;0;0
936;nlm.doc_936;Schedules and performs file migrations.;F;0;1;0;0;0;0;0;0;0;0;0;0;0
937;nlm.doc_937;Keeps an audit trail of all actions.;NFR;1;0;0;0;0;0;0;0;0;0;0;0;0
938;nlm.doc_938;Establishes and maintains NLM Digital Repository best policies, practices and procedures, including those outlined in Sections 6.1 and 6.2.;F;0;1;0;0;0;0;0;0;0;0;0;0;0
939;nlm.doc_939;Establishes workflows and business processes for NLM Digital Repository functions.;F;0;1;0;0;0;0;0;0;0;0;0;0;0
940;nlm.doc_940;Develops multiple preservation strategies dependent upon, and specific to, the nature of digital material.;F;0;1;0;0;0;0;0;0;0;0;0;0;0
941;nlm.doc_941;Receives recommendations for system enhancement and proposals for new procedures from Preservation Planning.;F;0;1;0;0;0;0;0;0;0;0;0;0;0
942;nlm.doc_942;Receives performance information and holdings inventory information from Manage System Configuration.;F;0;1;0;0;0;0;0;0;0;0;0;0;0
943;nlm.doc_943;Provides approved standards, procedures and migration goals to Preservation Planning.;F;0;1;0;0;0;0;0;0;0;0;0;0;0
944;nlm.doc_944;Develops storage management policies including migration policies.;F;0;1;0;0;0;0;0;0;0;0;0;0;0
945;nlm.doc_945;Develops database administration policies.;F;0;1;0;0;0;0;0;0;0;0;0;0;0
946;nlm.doc_946;Develops disaster recovery policies and procedures.;F;0;1;0;0;0;0;0;0;0;0;0;0;0
947;nlm.doc_947;Determines security policies including the application of error control techniques.;NFR;1;0;0;0;0;0;0;0;0;0;0;0;0
948;nlm.doc_948;Audits data in SIPs or AIPs to ensure that they meet specified requirements.;NFR;1;0;0;0;0;0;0;0;0;0;0;0;0
949;nlm.doc_949;Checks and records required metadata appropriately in the database. Note: Metadata requirements may vary dependent on the information package type (SIP or AIP).;F;0;1;0;0;0;0;0;0;0;0;0;0;0
950;nlm.doc_950;Rejects components of information packages that do not meet requirements.;F;0;1;0;0;0;0;0;0;0;0;0;0;0
951;nlm.doc_951;Provides audit reports to the Ingest QA function.;NFR;1;0;0;0;0;0;0;0;0;0;0;0;0
952;nlm.doc_952;Keeps an audit trail of all actions.;NFR;1;0;0;0;0;0;0;0;0;0;0;0;0
953;nlm.doc_953;Maintains a record of event-driven events and compares it to the contents of the repository.;NFR;1;0;0;0;0;0;0;0;0;0;0;0;0
954;nlm.doc_954;Generates dissemination requests to Access if needed data are available.;F;0;1;0;0;0;0;0;0;0;0;0;0;0
955;nlm.doc_955;Generates orders on a periodic basis (e.g., to update a database).;F;0;1;0;0;0;0;0;0;0;0;0;0;0
956;nlm.doc_956;Keeps an audit trail of all actions.;NFR;1;0;0;0;0;0;0;0;0;0;0;0;0
957;nlm.doc_957;Interacts with repository users and content providers to track changes in their service requirements and available product technologies.;F;0;1;0;0;0;0;0;0;0;0;0;0;0
958;nlm.doc_958;Provides reports to the Develop Preservation Strategies and Standards function.;F;0;1;0;0;0;0;0;0;0;0;0;0;0
959;nlm.doc_959;Provides requirements alerts to the Develop Preservation Strategies and Standards function.;F;0;1;0;0;0;0;0;0;0;0;0;0;0
960;nlm.doc_960;Sends preservation requirements to Develop Packaging Designs.;F;0;1;0;0;0;0;0;0;0;0;0;0;0
961;nlm.doc_961;The Repository System keeps an audit trail of all actions.;NFR;1;0;0;0;0;0;0;0;0;0;0;0;0
962;nlm.doc_962;NLM monitors emerging technologies in order to maintain and improve the architecture.;F;0;1;0;0;0;0;0;0;0;0;0;0;0
963;nlm.doc_963;NLM monitors computing platforms (i.e., hardware and software) to identify technologies which could cause system obsolescence.;NFR;1;0;0;0;0;0;0;0;0;0;0;0;0
964;nlm.doc_964;NLM monitors information standards, including metadata standards and data interface standards.;F;0;1;0;0;0;0;0;0;0;0;0;0;0
965;nlm.doc_965;The Repository System keeps an audit trail of all actions.;NFR;1;0;0;0;0;0;0;0;0;0;0;0;0
966;nlm.doc_966;Develops and recommends strategies and best practices to enable the repository to anticipate future changes in the Designated Community service requirements that would require migration of some current repository holdings or new submissions.;F;0;1;0;0;0;0;0;0;0;0;0;0;0
967;nlm.doc_967;Develops and recommends strategies and best practices to enable the repository to anticipate technology trends that would require migration of some current repository holdings or new submissions.;F;0;1;0;0;0;0;0;0;0;0;0;0;0
968;nlm.doc_968;Receives reports from Monitor Designated Communities.;F;0;1;0;0;0;0;0;0;0;0;0;0;0
969;nlm.doc_969;Receives reports from Monitor Technology.;F;0;1;0;0;0;0;0;0;0;0;0;0;0
970;nlm.doc_970;Receives performance information from Administration.;F;0;1;0;0;0;0;0;0;0;0;0;0;0
971;nlm.doc_971;Receives inventory reports from Administration.;F;0;1;0;0;0;0;0;0;0;0;0;0;0
972;nlm.doc_972;Receives summarized consumer comments from Administration.;F;0;1;0;0;0;0;0;0;0;0;0;0;0
973;nlm.doc_973;Sends recommendations on system evolution to Administration.;F;0;1;0;0;0;0;0;0;0;0;0;0;0
974;nlm.doc_974;Receives external data standards from Monitor Technology.;F;0;1;0;0;0;0;0;0;0;0;0;0;0
975;nlm.doc_975;Produces profiles of those standards that are sent to Administration as proposals on their potential usage.;F;0;1;0;0;0;0;0;0;0;0;0;0;0
976;nlm.doc_976;Receives issues from Develop Packaging Designs and Migration Plans in the case of unanticipated submission requirements.;F;0;1;0;0;0;0;0;0;0;0;0;0;0
977;nlm.doc_977;Responds with advice to handle new requirements.;F;0;1;0;0;0;0;0;0;0;0;0;0;0
978;nlm.doc_978;Receives from Administration and reviews disaster recovery policies and procedures.;F;0;1;0;0;0;0;0;0;0;0;0;0;0
979;nlm.doc_979;The Repository System keeps an audit trail of all actions.;NFR;1;0;0;0;0;0;0;0;0;0;0;0;0
980;nlm.doc_980;Develops new IP designs and detailed migration plans and prototypes to implement Administration policies and directives.;F;0;1;0;0;0;0;0;0;0;0;0;0;0
981;nlm.doc_981;Provides advice on the application of these IP designs and migration plans to specific repository holdings and submissions.;F;0;1;0;0;0;0;0;0;0;0;0;0;0
982;nlm.doc_982;Receives repository approved standards and migration goals from Administration. ;F;0;1;0;0;0;0;0;0;0;0;0;0;0
983;nlm.doc_983;Standards include format standards, metadata standards and documentation standards.;F;0;1;0;0;0;0;0;0;0;0;0;0;0
984;nlm.doc_984;Applies these standards to preservation requirements.;F;0;1;0;0;0;0;0;0;0;0;0;0;0
985;nlm.doc_985;Provides AIP and SIP template designs to Administration.;F;0;1;0;0;0;0;0;0;0;0;0;0;0
986;nlm.doc_986;Provides customization advice and AIP/SIP review to Administration on the application of those designs.;F;0;1;0;0;0;0;0;0;0;0;0;0;0
987;nlm.doc_987;Requests and receives advice from Develop Preservation Strategies and Standards if submissions are encountered that are not covered by existing standards and procedures.;F;0;1;0;0;0;0;0;0;0;0;0;0;0
988;nlm.doc_988;Develops new AIP designs in response to migration goals.;F;0;1;0;0;0;0;0;0;0;0;0;0;0
989;nlm.doc_989;Develops prototype software in response to migration goals.;F;0;1;0;0;0;0;0;0;0;0;0;0;0
990;nlm.doc_990;Develops test plans in response to migration goals.;F;0;1;0;0;0;0;0;0;0;0;0;0;0
991;nlm.doc_991;Develops community review plans in response to migration goals.;F;0;1;0;0;0;0;0;0;0;0;0;0;0
992;nlm.doc_992;Develops implementation plans for phasing in new AIPs in response to migration goals.;F;0;1;0;0;0;0;0;0;0;0;0;0;0
993;nlm.doc_993;Consults with other functional areas and the Designated Community.;F;0;1;0;0;0;0;0;0;0;0;0;0;0
994;nlm.doc_994;Once the migration plan, associated AIP designs, and software have been tested and approved, sends the entire migration package to Administration, which will schedule and perform the actual migration.;F;0;1;0;0;0;0;0;0;0;0;0;0;0
995;nlm.doc_995;The Repository System keeps an audit trail of all actions.;NFR;1;0;0;0;0;0;0;0;0;0;0;0;0
996;nlm.doc_996;Controls access to data in the repository based on multiple permission levels. These permission levels determine the create/edit/read/delete privileges granted users.;NFR;1;0;0;0;0;0;0;0;0;0;0;0;0
997;nlm.doc_997;General Public Access: Allows restriction to access by the general public, based on licensing terms, time period (embargo periods), location (IP range restrictions), restricted workstation access as well as other possible legal restrictions.;NFR;1;0;0;0;0;0;0;0;0;0;0;0;0
998;nlm.doc_998;NIH Employee Access: Allows restriction to access by NIH employees, based on licensing terms, time period (embargo periods), location (IP range restrictions), restricted workstation access as well as other possible legal restrictions.;NFR;1;0;0;0;0;0;0;0;0;0;0;0;0
999;nlm.doc_999;NLM Staff Metadata Access: Provides an NLM Staff Level allowing access to staff to add or edit descriptive metadata (without changing the files themselves) for production and work related needs such as cataloging, indexing and modifying metadata.;NFR;1;0;0;0;0;0;0;0;0;0;0;0;0
1000;nlm.doc_1000;NLM Staff Maintenance Access: Provides a restricted NLM Staff Level, allowing specific NLM staff to work with the data itself: adding new files, checking the quality of digital files, manipulating images, editing technical (i.e. preservation) metadata, performing format conversions and migrations (e.g., from tiff to pdf, tiff to jpeg2000, etc.), and investigating problems with the system.;NFR;1;0;0;0;0;0;0;0;0;0;0;0;0
1001;nlm.doc_1001;NLM System Administration/Programming Access: Provides an NLM Administrative/Programming Level, ultimate rights to the system, required for its management, development, and for assigning appropriate rights to users.;NFR;1;0;0;0;0;0;0;0;0;0;0;0;0
1002;nlm.doc_1002;Access mechanisms must be sufficiently granular to allow the identification of individual users, in order to maintain audit logs of actions performed by users.;NFR;1;0;0;0;0;0;0;0;0;0;0;0;0
1003;nlm.doc_1003;Access rights and conditions to materials and the directories/folders in which they are kept must provide for one or more of the following basic privileges, either alone or in combination: Create/Write access, Edit access, Read access, Delete access.;NFR;1;0;0;0;0;0;0;0;0;0;0;0;0
1004;nlm.doc_1004;Access rights may be associated with the metadata relating to an individual object, i.e. the object may be embargoed, with limited internal staff access being available to metadata.  ;NFR;1;0;0;0;0;0;0;0;0;0;0;0;0
1005;nlm.doc_1005;Both an object and its related metadata may be embargoed in terms of public access.;NFR;1;0;0;0;0;0;0;0;0;0;0;0;0
1006;nlm.doc_1006;The system will need to accommodate: computer interface access, defining access for a specific individual user or group of users the ability to assign different levels of access to different individuals and groups of users, either in a pre-defined role or in an ad hoc assignment;NFR;1;0;0;0;0;0;0;0;0;0;0;0;0
1007;nlm.doc_1007;Access rights and conditions of use will be held for each digital object and its related metadata.;NFR;1;0;0;0;0;0;0;0;0;0;0;0;0
1008;nlm.doc_1008;Access rights and conditions of use will be machine readable and actionable.;F;0;1;0;0;0;0;0;0;0;0;0;0;0
1009;nlm.doc_1009;Access conditions may be specific to a digital object.;F;0;1;0;0;0;0;0;0;0;0;0;0;0
1010;nlm.doc_1010;Access rights and conditions can be inherited from a parent object to any objects designated as a child object.;NFR;1;0;0;0;0;0;0;0;0;0;0;0;0
1011;nlm.doc_1011;Access rights and conditions can be assigned to an object on an individual basis, or on a group of identified objects at one time.;NFR;1;0;0;0;0;0;0;0;0;0;0;0;0
1012;nlm.doc_1012;"Access status include the following conditions: Free access, where items are freely available via internal or external delivery mechanisms to all users, Restricted access, where access requires permission or satisfaction of some criteria; authorized user access is via an internal or a secure delivery mechanism; conditions can include: User type/status (general public, NIH staff, NLM staff, administrative staff) – access dependent on who the user is in relationship to NLM and NIH, Location – access restricted to specific IP location or physical location (specific workstation), Time period – access regulated by a designated embargo, Concurrent users – access regulated by the number of concurrent users allowed to access an object at a given time.";NFR;1;0;0;0;0;0;0;0;0;0;0;0;0
1013;nlm.doc_1013;Objects in the repository are accessible for computational use/machine accessibility such as data mining or automated document retrieval.;F;0;1;0;0;0;0;0;0;0;0;0;0;0
1014;nlm.doc_1014;Retains access to metadata for deleted or retracted content. (Access may restricted to NLM staff only).;NFR;1;0;0;0;0;0;0;0;0;0;0;0;0
1015;nlm.doc_1015;Allows metadata harvesting by other institutions following the OAI-PMH guidelines.;F;0;1;0;0;0;0;0;0;0;0;0;0;0
1016;nlm.doc_1016;Searches interface will be web-accessible and must be Section 508 compliant.;F;0;1;0;0;0;0;0;0;0;0;0;0;0
1017;nlm.doc_1017;Provides metadata searching.;F;0;1;0;0;0;0;0;0;0;0;0;0;0
1018;nlm.doc_1018;Provides full text searching.;F;0;1;0;0;0;0;0;0;0;0;0;0;0
1019;nlm.doc_1019;Provides standard boolean search functions.;F;0;1;0;0;0;0;0;0;0;0;0;0;0
1020;nlm.doc_1020;Provides proximity searching.;F;0;1;0;0;0;0;0;0;0;0;0;0;0
1021;nlm.doc_1021;"Provides ""more like this"" functionality.";F;0;1;0;0;0;0;0;0;0;0;0;0;0
1022;nlm.doc_1022;Search results display should include: Date sort display, Relevancy ranking display, Author alphabetic display, Source alphabetic display.;F;0;1;0;0;0;0;0;0;0;0;0;0;0
1023;nlm.doc_1023;"Relevancy ranking should be manipulable via system systems; ideally, user defined settings should also be provided.";F;0;1;0;0;0;0;0;0;0;0;0;0;0
1024;nlm.doc_1024;Image searching should be provided, including: Figure/description search, Actual image search (like chemical structure search/ draw sample image and find something similar).;F;0;1;0;0;0;0;0;0;0;0;0;0;0
1025;nlm.doc_1025;Provides sound/audio searching.;F;0;1;0;0;0;0;0;0;0;0;0;0;0
1026;nlm.doc_1026;Provides federated searching of different repository sites.;F;0;1;0;0;0;0;0;0;0;0;0;0;0
1027;nlm.doc_1027;Advanced search features should include: Search history, Saved searches, Saved citation lists/bibliographies, Alerts, Functions (topic updates, issue update, cited references, correction notices, etc), Formats (email, rss, podcasts, others), Dynamic selection of delivery media without recreating search query, Limits (like LocatorPlus / PubMed functions).;F;0;1;0;0;0;0;0;0;0;0;0;0;0
1028;nlm.doc_1028;System should provide a variety of standard display formats, including the ability for the user to customize the search results display as desired.;F;0;1;0;0;0;0;0;0;0;0;0;0;0
1029;nlm.doc_1029;Alternate search interfaces should be available for searching via alternate mechanisms such as handhelds and PDAs.;F;0;1;0;0;0;0;0;0;0;0;0;0;0
1030;nlm.doc_1030;Provides access to the appropriate copy of the identified item (text, image, video, etc.) for the user.;NFR;1;0;0;0;0;0;0;0;0;0;0;0;0
1031;nlm.doc_1031;Search result integration with library holdings (like current LinkOut function).;F;0;1;0;0;0;0;0;0;0;0;0;0;0
1032;nlm.doc_1032;Provides quick response time.;F;0;1;0;0;0;0;0;0;0;0;0;0;0
1033;nlm.doc_1033;Allows searching by outside search engines such as FirstGov, Google and Yahoo, according to current NLM protocols and security policies.;NFR;1;0;0;0;0;0;0;0;0;0;0;0;0
1034;nlm.doc_1034;Allows for external access to other repositories or systems performing web harvesting functions according to the NLM Repository's accepted standards and protocols for automated access ( in accordance to NLM robot.txt files and other instructional materials for harvesting and external access).;F;0;1;0;0;0;0;0;0;0;0;0;0;0
1035;nlm.doc_1035;Supports use of multiple languages and non-Roman scripts in search, retrieval and display.;F;0;1;0;0;0;0;0;0;0;0;0;0;0
1036;nlm.doc_1036;Provides access to all versions of digital objects in the repository.;F;0;1;0;0;0;0;0;0;0;0;0;0;0
1037;nlm.doc_1037;Provides system settings and user-defined settings for search functions.;F;0;1;0;0;0;0;0;0;0;0;0;0;0
1038;nlm.doc_1038;Data returned as a result of a dissemination request may consist of: one or more digital objects and associated metadata, one or more items of metadata, a response that indicates the User is not authorized to access the material requested, supports the bulk extraction of files/objects and /or associated metadata.;NFR;1;0;0;0;0;0;0;0;0;0;0;0;0
1039;nlm.doc_1039;Generation function accepts a dissemination request.;F;0;1;0;0;0;0;0;0;0;0;0;0;0
1040;nlm.doc_1040;Generation function retrieves the AIP from Archival Storage and moves a copy of the data to a staging area for further processing;F;0;1;0;0;0;0;0;0;0;0;0;0;0
1041;nlm.doc_1041;Generation function creates and sends a report request to Data Management to obtain appropriate metadata.;F;0;1;0;0;0;0;0;0;0;0;0;0;0
1042;nlm.doc_1042;The prepared DIP response is placed in the staging area and a message is generated and sent to Coordinate Access Activities that the DIP is ready for delivery.;F;0;1;0;0;0;0;0;0;0;0;0;0;0
1043;nlm.doc_1043;If special processing is required, the Generate function accesses data objects in staging storage and applies the requested processes.;F;0;1;0;0;0;0;0;0;0;0;0;0;0
1044;nlm.doc_1044;Keeps an audit trail of all actions.;NFR;1;0;0;0;0;0;0;0;0;0;0;0;0
1045;nlm.doc_1045;Display interface is web-accessible.;F;0;1;0;0;0;0;0;0;0;0;0;0;0
1046;nlm.doc_1046;Has export function to provide XML output for batch downloads (similar to Eutilities in PubMed);F;0;1;0;0;0;0;0;0;0;0;0;0;0
1047;nlm.doc_1047;Allows user to save digital content to a hard-drive, to e-mail document and to save search results.;F;0;1;0;0;0;0;0;0;0;0;0;0;0
1048;nlm.doc_1048;A response request is received from Coordinate Access Activities. ;F;0;1;0;0;0;0;0;0;0;0;0;0;0
1049;nlm.doc_1049;The intended recipient is identified, the appropriated transmission procedure determined and the online responses are placed in a staging area in preparation for delivery.;F;0;1;0;0;0;0;0;0;0;0;0;0;0
1050;nlm.doc_1050;Once the response has been sent, an appropriate confirmation message is returned to the Coordinate Access Activities section.;F;0;1;0;0;0;0;0;0;0;0;0;0;0
1051;nlm.doc_1051;Keeps an audit trail of all actions.;NFR;1;0;0;0;0;0;0;0;0;0;0;0;0
1052;nlm.doc_1052;System should accept metadata associated with objects in at least the following formats: All NLM DTDs, Dublin Core, MARC21, MARCXML, ONIX, MODS, EAD, TEI.;F;0;1;0;0;0;0;0;0;0;0;0;0;0
1053;nlm.doc_1053;System should have built-in checks on the incoming metadata. Records not containing the minimally defined set of fields should be flagged as problems, either to be returned to the submitter, or sent locally for metadata enhancement.;F;0;1;0;0;0;0;0;0;0;0;0;0;0
1054;nlm.doc_1054;System should have a user-friendly method of mapping non-standard metadata elements into approved NLM elements.;F;0;1;0;0;0;0;0;0;0;0;0;0;0
1055;nlm.doc_1055;Once ingested, metadata should be stored in a single common format. This format should be one that ensures against data loss, and allows a variety of access/distribution options, such as all the schemes mentioned above.;F;0;1;0;0;0;0;0;0;0;0;0;0;0
1056;nlm.doc_1056;System must have the ability to allow for metadata updates.;F;0;1;0;0;0;0;0;0;0;0;0;0;0
1057;nlm.doc_1057;System must have the ability to search and display metadata, preferably in a user-conformable, human readable display as well as in its native format for machine harvesting and manipulation.;F;0;1;0;0;0;0;0;0;0;0;0;0;0
1058;nlm.doc_1058;Objects in the repository shall have sufficient technical metadata to assure functionality (e.g. viewing and display) in the present and enable forward migration for future accessibility and use. Technical metadata requirements for objects created by NLM will be developed on a format-specific basis.;F;0;1;0;0;0;0;0;0;0;0;0;0;0
1059;cctns.pdf_1059;The solution should provide detailed context-sensitive help material for all the possible actions and scenarios on all user interfaces in the application.;F;0;1;0;0;0;0;0;0;0;0;0;0;0
1060;cctns.pdf_1060;The help should be accessible to the users both in the offline and online mode.;F;0;1;0;0;0;0;0;0;0;0;0;0;0
1061;cctns.pdf_1061;The solution should provide an interface for the user to log any defects or enhancement requests on the application and track thereafter.;NFR;1;0;0;0;0;0;0;0;0;0;0;0;0
1062;cctns.pdf_1062;The solution should send alerts (e.g., email, SMS) to the user if the user chooses to whenever any action has been taken on the alert;F;0;1;0;0;0;0;0;0;0;0;0;0;0
1063;cctns.pdf_1063;The solution should enable the user to track the submitted defect or enhancement request.;NFR;1;0;0;0;0;0;0;0;0;0;0;0;0
1064;cctns.pdf_1064;The solution should enable the help-desk user to view the reports on the submitted defects or enhancement requests category-wise, status-wise, and age- wise.;F;0;1;0;0;0;0;0;0;0;0;0;0;0
1065;cctns.pdf_1065;The support solution should be accessible to the users both from within the application and also outside the application through a browser interface.;F;0;1;0;0;0;0;0;0;0;0;0;0;0
1066;cctns.pdf_1066;Once the audit trail functionality has been activated, the System must track events without manual intervention, and store in the audit trail information about them.;NFR;1;0;0;0;0;0;0;0;0;0;0;0;0
1067;cctns.pdf_1067;The System must maintain the audit trail for as long as required, which will be at least for the life of the case to which it refers.;NFR;1;0;0;0;0;0;0;0;0;0;0;0;0
1068;cctns.pdf_1068;The System must ensure that audit trail data is available for inspection on request, so that a specific event can be identified and all related data made accessible, and that this can be achieved by authorised external personnel who have little or no familiarity with the system.;NFR;1;0;0;0;0;0;0;0;0;0;0;0;0
1069;cctns.pdf_1069;The System must be able to export audit trails for specified cases (without affecting the audit trail stored by the System). ;NFR;1;0;0;0;0;0;0;0;0;0;0;0;0
1070;cctns.pdf_1070;"These options are presented in order of increasing security. Note that the requirement in the third option (i.e. the most stringent) implies that the System must not include such cases in any count of search results; this level of security is normally appropriate for cases dealing with matters such as national security.";F;0;1;0;0;0;0;0;0;0;0;0;0;0
1071;cctns.pdf_1071;The System must be able to capture and store violations (i.e. A user’s attempts to access a case to which he is denied access), and (where violations can validly be attempted) attempted violations, of access control mechanisms.;NFR;1;0;0;0;0;0;0;0;0;0;0;0;0
1072;cctns.pdf_1072;The System should be able to provide reports for actions on cases organised by workstation and (where technically appropriate) by network address.;F;0;1;0;0;0;0;0;0;0;0;0;0;0
1073;cctns.pdf_1073;The System must allow the user to limit access to cases to specified users or user groups.;NFR;1;0;0;0;0;0;0;0;0;0;0;0;0
1074;cctns.pdf_1074;The system should provide for role-based control for the functionality within the system.;F;0;1;0;0;0;0;0;0;0;0;0;0;0
1075;cctns.pdf_1075;The System must allow a user to be a member of more than one group.;F;0;1;0;0;0;0;0;0;0;0;0;0;0
1076;cctns.pdf_1076;The System must allow only admin-users to set up user profiles and allocate users to groups.;NFR;1;0;0;0;0;0;0;0;0;0;0;0;0
1077;cctns.pdf_1077;The System should allow a user to stipulate which other users or groups can access cases.;NFR;1;0;0;0;0;0;0;0;0;0;0;0;0
1078;cctns.pdf_1078;The System must allow changes to security attributes for groups or users (such as access rights, security level, privileges, password allocation and management) to be made only by super-user.;NFR;1;0;0;0;0;0;0;0;0;0;0;0;0
1079;cctns.pdf_1079;"If a user requests access to, or searches for, a case which he does not have the right to access, the System must provide one of the following responses (selectable at configuration time): display title and metadata; display the existence of a case but not its title or other metadata; do not display any case information or indicate its existence in any way, these options are presented in order of increasing security, note that the requirement in the third option (i.e. the most stringent) implies that the System must not include such cases in any count of search results; this level of security is normally appropriate for cases dealing with matters such as national security.";NFR;1;0;0;0;0;0;0;0;0;0;0;0;0
1080;cctns.pdf_1080;"These options are presented in order of increasing security. Note that the requirement in the third option (i.e. the most stringent) implies that the System must not include such cases in any count of search results; this level of security is normally appropriate for cases dealing with matters such as national security.";F;0;1;0;0;0;0;0;0;0;0;0;0;0
1081;cctns.pdf_1081;If a user performs a quick or advanced search, the System must never include in the search result list any record which the user does not have the right to access.;NFR;1;0;0;0;0;0;0;0;0;0;0;0;0
1082;cctns.pdf_1082;If the System allows users to make unauthorised attempts to access cases, it must log these in the audit trail.;NFR;1;0;0;0;0;0;0;0;0;0;0;0;0
1083;cctns.pdf_1083;Any access to cases, and all other activities involving the cases and related documents or data should also need to be stored in the audit trail to ensure legal admissibility and to assist in data recovery.;NFR;1;0;0;0;0;0;0;0;0;0;0;0;0
1084;cctns.pdf_1084;All error messages produced by the System must be meaningful, so that they can be appropriately acted upon by the users who are likely to see them. ;NFR;1;0;0;0;0;0;0;0;0;0;0;0;0
1085;cctns.pdf_1085;"These options are presented in order of increasing security. Note that the requirement in the third option (i.e. the most stringent) implies that the System must not include such cases in any count of search results; this level of security is normally appropriate for cases dealing with matters such as national security.";F;0;1;0;0;0;0;0;0;0;0;0;0;0
1086;cctns.pdf_1086;The System must employ a single set of user interface rules, or a small number of sets to provide a familiar and common look and feel for the application.;F;0;1;0;0;0;0;0;0;0;0;0;0;0
1087;cctns.pdf_1087;The System must be able to display several entities (cases, suspects) simultaneously.;F;0;1;0;0;0;0;0;0;0;0;0;0;0
1088;cctns.pdf_1088;The interfaces must be made customizable or user-configurable to the extent possible. (e.g., the displayed columns in the table, move, resize, modify the appearance). ;F;0;1;0;0;0;0;0;0;0;0;0;0;0
1089;cctns.pdf_1089;"These options are presented in order of increasing security. Note that the requirement in the third option (i.e. the most stringent) implies that the System must not include such cases in any count of search results; this level of security is normally appropriate for cases dealing with matters such as national security.";F;0;1;0;0;0;0;0;0;0;0;0;0;0
1090;cctns.pdf_1090;"The System user interface must be suitable for users with special needs; that is, compatible with specialist software that may be used and with appropriate interface guidelines";F;0;1;0;0;0;0;0;0;0;0;0;0;0
1091;cctns.pdf_1091;The System must provide End User and Administrator functions which are easy to use and intuitive throughout.;F;0;1;0;0;0;0;0;0;0;0;0;0;0
1092;cctns.pdf_1092;"The System must allow persistent defaults for data entry where desirable. These defaults should include: user-definable values; values same as previous item; values derived from context, e.g. date, file reference, user identifier;";F;0;1;0;0;0;0;0;0;0;0;0;0;0
1093;cctns.pdf_1093;Frequently-executed System transactions must be designed so that they can be completed with a small number of interactions (e.g. mouse clicks).;F;0;1;0;0;0;0;0;0;0;0;0;0;0
1094;cctns.pdf_1094;"Where the System employs a graphical user interface, it must allow users to customise it. Customisation should include, but need not be limited to the following changes: menu contents; layout of screens; use of function keys;on-screen colours, fonts and font sizes;";F;0;1;0;0;0;0;0;0;0;0;0;0;0
1095;cctns.pdf_1095;The user interfaces should be designed to make them user-intuitive.;F;0;1;0;0;0;0;0;0;0;0;0;0;0
1096;cctns.pdf_1096;The user interfaces of the system should comply with Standard ISO 9241.;F;0;1;0;0;0;0;0;0;0;0;0;0;0
1097;cctns.pdf_1097;Software accessibility ISO 9241-171 shall be the standard for guidance on software accessibility. User interfaces should meet its requirements and recommendations. Content accessibility WCAG 1.0 shall be the standard used for guidance on content accessibility.;F;0;1;0;0;0;0;0;0;0;0;0;0;0
1098;cctns.pdf_1098;User interfaces should meet its requirements and recommendations. Content accessibility WCAG 1.0 shall be the standard used for guidance on content accessibility. ;F;0;1;0;0;0;0;0;0;0;0;0;0;0
1099;cctns.pdf_1099;Content accessibility WCAG 1.0 shall be the standard used for guidance on content accessibility. ;F;0;1;0;0;0;0;0;0;0;0;0;0;0
1100;cctns.pdf_1100;The application logo to be available on all pages as a link to the home page.;F;0;1;0;0;0;0;0;0;0;0;0;0;0
1101;cctns.pdf_1101;Providing text equivalents for non-text media objects: All non-text media objects, such as graphical images or video, should be provided with alternative equivalent textual descriptions and/or with equivalent text-based functionality.;F;0;1;0;0;0;0;0;0;0;0;0;0;0
1102;cctns.pdf_1102;Making navigation self-descriptive: Navigation should be designed to help users understand where they are, where they have been and where they can go next. ;F;0;1;0;0;0;0;0;0;0;0;0;0;0
1103;cctns.pdf_1103;General guidance on achieving self-descriptiveness is given in ISO 9241-110.;F;0;1;0;0;0;0;0;0;0;0;0;0;0
1104;cctns.pdf_1104;Showing users where they are: Each presentation segment (page or window) should provide the user with a clear and sufficient indication of where he or she is in the navigation structure and of the current segment position with respect to the overall structure.;F;0;1;0;0;0;0;0;0;0;0;0;0;0
1105;cctns.pdf_1105;Offering alternative access paths: Alternative access paths for navigating to a specific unit of content should be offered to support different navigation strategies.;F;0;1;0;0;0;0;0;0;0;0;0;0;0
1106;cctns.pdf_1106;Minimizing navigation effort: The number of navigation steps needed to reach a certain piece of content should be minimized as long as different mental models, navigation strategies and tasks of the user are taken into account.;F;0;1;0;0;0;0;0;0;0;0;0;0;0
1107;cctns.pdf_1107;Splash screens should be avoided unless they provide useful content or feedback about the application state to the user. ;F;0;1;0;0;0;0;0;0;0;0;0;0;0
1108;cctns.pdf_1108;If a splash screen is used, a navigation option to skip it should be offered.;F;0;1;0;0;0;0;0;0;0;0;0;0;0
1109;cctns.pdf_1109;Avoiding opening unnecessary windows: additional windows such as new browser windows or pop-up windows should only be opened if this supports the user’s task, opening new windows can distract, confuse or impede users for a variety of reasons, they can superimpose the primary window, hiding relevant information, they could make it cognitively more difficult to understand the navigation structure with negative effects on both usability and accessibility, they also require additional user actions for closing unwanted windows.;F;0;1;0;0;0;0;0;0;0;0;0;0;0
1110;cctns.pdf_1110;Vertical scrolling should be minimized. ;F;0;1;0;0;0;0;0;0;0;0;0;0;0
1111;cctns.pdf_1111;If a splash screen is used, a navigation option to skip it should be offered.;F;0;1;0;0;0;0;0;0;0;0;0;0;0
1112;cctns.pdf_1112;Horizontal scrolling should be avoided wherever possible.;F;0;1;0;0;0;0;0;0;0;0;0;0;0
1113;cctns.pdf_1113;Designing for input device independence: user interfaces should be designed to allow activation of controls by a variety of input devices, the ability to choose between different input devices for activating controls such as links, fields and buttons is important both for users who prefer a certain input mode, mobile users and users with disabilities.;F;0;1;0;0;0;0;0;0;0;0;0;0;0
1114;cctns.pdf_1114;In general, device independence can be achieved if the functionality is operable via a keyboard.;F;0;1;0;0;0;0;0;0;0;0;0;0;0
1115;cctns.pdf_1115;Making user interfaces robust: User interfaces should be designed to be as robust as possible in the face of changing technology, this encompasses being able to present content containing newer technologies by older user agents as well as designing content to be usable with future technologies.;F;0;1;0;0;0;0;0;0;0;0;0;0;0
1116;cctns.pdf_1116;Acceptable opening / download times: application pages should be designed and implemented so that there are acceptable opening times and download times for the expected range of technical contexts of use (e.g. bandwidth between the application and the user), this is particularly important for frequently accessed pages or pages that are important for user navigation and exploration, such as the home page.;F;0;1;0;0;0;0;0;0;0;0;0;0;0
1117;cctns.pdf_1117;Minimizing user error: potential user errors as well as the effort needed to recover from errors should be minimized.;F;0;1;0;0;0;0;0;0;0;0;0;0;0
1118;cctns.pdf_1118;Providing clear error messages: the content of error messages shown on the pages or special error pages should clearly state the reason why the error occurred and, if possible, actions the user can take to resolve the error, Users expect error messages to be in the same language as the user interface.;F;0;1;0;0;0;0;0;0;0;0;0;0;0
1119;cctns.pdf_1119;Using appropriate formats, units of measurement or currency: when designing user interfaces for use by diverse groups, input and output of information elements such as currency, units of measurement, temperatures, date and time, phone numbers, address or postal codes should be designed so that they are usable.;F;0;1;0;0;0;0;0;0;0;0;0;0;0
1120;cctns.pdf_1120;Making text resizable by the user: text should be able to be resized by the user, using functions provided by the user agent or other appropriate means i.e. see ISO 9241-171.;F;0;1;0;0;0;0;0;0;0;0;0;0;0
1121;cctns.pdf_1121;Text quality: the quality of textual content with respect to spelling and grammar should be sufficient so as not to impede readability.;F;0;1;0;0;0;0;0;0;0;0;0;0;0
1122;cctns.pdf_1122;Writing style: The reading and understanding of the textual content on the screen should be supported by suitable means, including the use of short sentences, the division of the text into shorter chunks or the presentation of content items in the form of bullet points.;F;0;1;0;0;0;0;0;0;0;0;0;0;0
1123;cctns.pdf_1123;Supporting text skimming: fast skimming of text should be supported by the provision of clear links, bulleted lists, highlighted keywords, logical headings, and short phrases and sentences.;F;0;1;0;0;0;0;0;0;0;0;0;0;0
1124;cctns.pdf_1124;Readability of text: text presented on the pages should be readable taking into account the expected display characteristics and spatial arrangement, ISO 9241-303 shall be consulted for screen text legibility requirements.;F;0;1;0;0;0;0;0;0;0;0;0;0;0
1125;cctns.pdf_1125;Distinguishable within-page links: within-page links should be clearly distinguishable from other links that lead to a different page. ex, within-page links are shown with dashed rather than solid underlines;F;0;1;0;0;0;0;0;0;0;0;0;0;0
1126;cctns.pdf_1126;Avoiding link overload: Text pages containing large proportions of links should be formatted so that the presence of links does not impede the readability of the text.;F;0;1;0;0;0;0;0;0;0;0;0;0;0
1127;cctns.pdf_1127;Using familiar terminology for navigation links: navigation links — particularly links representing the main navigation structure — should be labelled with terms that are familiar to the user, based on his/her general knowledge, prior experience in the application domain or experience of using other systems.;F;0;1;0;0;0;0;0;0;0;0;0;0;0
1128;cctns.pdf_1128;Using descriptive link labels: the target or purpose of a link should be directly indicated by its label, avoiding generic labels such as “go” or “click here” except where the purpose of the link is clear from its context on the page or the labels have commonly understood semantics in the particular application domain. Using appropriate terminology specific to the user’s tasks and information needs is important for making the content easy to understand.;F;0;1;0;0;0;0;0;0;0;0;0;0;0
1129;cctns.pdf_1129;Marking links opening new windows: links that open new browser windows or pop-up windows should be clearly marked.;F;0;1;0;0;0;0;0;0;0;0;0;0;0
1130;cctns.pdf_1130;Distinguishing navigation links from controls: navigation links should be clearly distinguishable from controls activating some action, typical action types in user interfaces include manipulating application data, performing searches, communication actions, such as opening a new e-mail window or starting a chat function, and Hpresentation-related actions, such as sorting a list of search results.;F;0;1;0;0;0;0;0;0;0;0;0;0;0
1131;cctns.pdf_1131;Providing printable document versions: if a document is either too long, dispersed over several pages or in a specific layout that is not suitable for online reading, a printer-friendly version of the document should be provided that prints the content in a form acceptable to the user (e.g. in the expected layout, paper format, or orientation).;F;0;1;0;0;0;0;0;0;0;0;0;0;0
1132;cctns.pdf_1132;Use of “white space”: “White space” on a page i.e. space filled only with the background color should be used in such a way that it does not impair the visual skimming of the page, while white space is an important means of visually organizing the different content elements on a page, if the distance between the blocks of information displayed becomes too large, rapid skimming of the page can be impeded.;F;0;1;0;0;0;0;0;0;0;0;0;0;0
1133;cctns.pdf_1133;Selecting appropriate page lengths The length of a page should be selected so as to support the primary purpose and use of the page. ;F;0;1;0;0;0;0;0;0;0;0;0;0;0
1134;cctns.pdf_1134;Short pages are generally more appropriate for homepages, navigation pages, or overview pages that need to be read quickly. ;F;0;1;0;0;0;0;0;0;0;0;0;0;0
1135;cctns.pdf_1135;In general, device independence can be achieved if the functionality is operable via a keyboard.;F;0;1;0;0;0;0;0;0;0;0;0;0;0
1136;cctns.pdf_1136;Using colour: colour should be used with care, taking into account human capabilities and restrictions in perceiving colour, and not as the only means of conveying information, color should never be the only means of coding. Some users may have difficulties in perceiving certain colors or color combinations.;F;0;1;0;0;0;0;0;0;0;0;0;0;0
1137;cctns.pdf_1137;Using frames with care: if frames are used, care should be taken to avoid possible problems, for example, those involving the use of the back button, bookmarking of pages, or scrolling of information, when frames are used, it is important to title each frame, and to describe its purpose and how frames relate to one another other.;F;0;1;0;0;0;0;0;0;0;0;0;0;0
1138;cctns.pdf_1138;Providing alternatives to frame-based presentation: if frames are used, an alternative way of presenting relevant information without frames should be provided. ;F;0;1;0;0;0;0;0;0;0;0;0;0;0
1139;cctns.pdf_1139;"Providing alternative text-only pages: When style sheets and/or frames are turned off it should be possible for the user to read and understand the page; alternatively, the user should be provided with an equivalent alternative text-only page.";F;0;1;0;0;0;0;0;0;0;0;0;0;0
1140;cctns.pdf_1140;Consistent page layout: pages should be designed using consistent layout schemes, supporting the user in finding similar information at the same position on different pages, overall layout schemes apply to all pages and are preferable when all pages have a similar structure, frequently, however, different pages have different purposes and types of content. In such cases, pages can usually be grouped in different categories, using one layout scheme for each category consistently.;F;0;1;0;0;0;0;0;0;0;0;0;0;0
1141;cctns.pdf_1141;Placing title information consistently: Page titles should be placed in a consistent location on the different pages.;F;0;1;0;0;0;0;0;0;0;0;0;0;0
1142;cctns.pdf_1142;Observing principles of human perception when designing application pages, the general principles of human perception should be taken into account. ;F;0;1;0;0;0;0;0;0;0;0;0;0;0
1143;cctns.pdf_1143;The International Standards mentioned below shall be consulted for guidance. Practical guidelines for presenting information to the user are to be found in ISO 9241-12. ;F;0;1;0;0;0;0;0;0;0;0;0;0;0
1144;cctns.pdf_1144;Guidance on selecting and using different forms of interaction techniques is to be found in ISO 9241-14 to ISO 9241-17. ;F;0;1;0;0;0;0;0;0;0;0;0;0;0
1145;cctns.pdf_1145;ISO 9241-14 gives guidance about menus, ISO 9241-15 about command dialogues, ISO 9241-16 about direct manipulation and ISO 9241-17 about forms. ;F;0;1;0;0;0;0;0;0;0;0;0;0;0
1146;cctns.pdf_1146;Appropriate content presentation also plays a key role in accessibility.;F;0;1;0;0;0;0;0;0;0;0;0;0;0
1147;cctns.pdf_1147;Linking back to the home page or landmark pages: each page should contain a link leading to the home page of the application or to a landmark page that is easy to recognize for the user.;F;0;1;0;0;0;0;0;0;0;0;0;0;0
1148;cctns.pdf_1148;Providing a site map: a separate navigation overview such as a site map should be provided for application showing the structure of the site in an overview form.;F;0;1;0;0;0;0;0;0;0;0;0;0;0
1149;cctns.pdf_1149;Consistency between navigation components and content: If navigation components (or overviews) are shown in conjunction with associated content, consistency between the navigation component and the content shown should be maintained by indicating in the navigation component (e.g. highlighting) the topic currently visible in the content area.;F;0;1;0;0;0;0;0;0;0;0;0;0;0
1150;cctns.pdf_1150;Placing navigation components consistently: navigation components should be placed consistently on the pages or in the framesets in the pages of the application.;F;0;1;0;0;0;0;0;0;0;0;0;0;0
1151;cctns.pdf_1151;Individualization and user adaptation : adapting the content and the navigation of a user interface to individual users or user groups can be a useful mechanism for providing information that is of interest to the users and for making access to relevant information more efficient, user adaptation can also be important for making the user interface more accessible, different approaches can be used for achieving these goals, like providing users with means for customizing the user interface to their personal needs i.e. individualization designing content and navigation differently for varying user groups or roles i.e. such as employees of different levels, citizens etc, monitoring the user’s behaviour and adapting to the user’s goals that are inferred from the behaviour observed, recommending information that is potentially more relevant or interesting to the specific user, based on the behaviour of all users or a user group.;F;0;1;0;0;0;0;0;0;0;0;0;0;0
1152;cctns.pdf_1152;Taking account of the users’ tasks and information needs: When providing different access paths or navigation structures for different user groups, the tasks and information needs of these user groups should be taken into consideration.;F;0;1;0;0;0;0;0;0;0;0;0;0;0
1153;cctns.pdf_1153;Making individualization and adaptation evident: it should be made evident to the user when individualization and/or adaptation are used.;F;0;1;0;0;0;0;0;0;0;0;0;0;0
1154;cctns.pdf_1154;Making user profiles evident: if predefined user profiles or user-specified profiles are used for individualizing or adapting content, the profile currently used should be made evident, if profiles are used, it is important to provide users with information about this concept and its implications.;NFR;1;0;0;0;0;0;0;0;0;0;0;0;0
1155;cctns.pdf_1155;Allowing users to see and change profiles: if user-specified profiles are used, users should be able to see, modify and delete that profile on demand.;NFR;1;0;0;0;0;0;0;0;0;0;0;0;0
1156;cctns.pdf_1156;The System must provide adequate response times for commonly performed functions under both standard and peak conditions.;F;0;1;0;0;0;0;0;0;0;0;0;0;0
1157;cctns.pdf_1157;The System must be able to perform a simple search within 5-8 seconds and a advanced search (multiple search criteria) within 10-15 seconds regardless of the storage capacity or number of cases in the system. ;F;0;1;0;0;0;0;0;0;0;0;0;0;0
1158;cctns.pdf_1158;In this context, performing a search means returning a result list. It does not include retrieving the records themselves.;F;0;1;0;0;0;0;0;0;0;0;0;0;0
1159;cctns.pdf_1159;The System must be able to retrieve and display within 5-8 seconds the case which has been accessed within the previous 2 months, regardless of storage capacity or number of cases in the system. ;F;0;1;0;0;0;0;0;0;0;0;0;0;0
1160;cctns.pdf_1160;The International Standards mentioned below shall be consulted for guidance. Practical guidelines for presenting information to the user are to be found in ISO 9241-12. ;F;0;1;0;0;0;0;0;0;0;0;0;0;0
1161;cctns.pdf_1161;The System must be able to retrieve and display within 20 seconds the case which has not been accessed within the previous 2 months, regardless of storage capacity or number of cases in the system. ;F;0;1;0;0;0;0;0;0;0;0;0;0;0
1162;cctns.pdf_1162;This requirement is intended to allow for cases where cases used infrequently are stored on slower media than more active records.;F;0;1;0;0;0;0;0;0;0;0;0;0;0
1163;cctns.pdf_1163;The System be scaleable and must not have any features which would preclude use in small or large police stations, with varying numbers of cases handled.;F;0;1;0;0;0;0;0;0;0;0;0;0;0
1164;cctns.pdf_1164;Within the same department: data base can be updated directly without any request.;F;0;1;0;0;0;0;0;0;0;0;0;0;0
1165;cctns.pdf_1165;The system should support multilingual interface;F;0;1;0;0;0;0;0;0;0;0;0;0;0
1166;cctns.pdf_1166;The system should be designed in manner that operational data is not lost in case of any failure of equipment or communication network.;F;0;1;0;0;0;0;0;0;0;0;0;0;0
1167;cctns.pdf_1167;The system should work even in an offline mode with the critical functionality;F;0;1;0;0;0;0;0;0;0;0;0;0;0
1168;cctns.pdf_1168;The system should be designed to have satisfactory performance even in Police Stations connected on low-bandwidth;F;0;1;0;0;0;0;0;0;0;0;0;0;0
1169;cctns.pdf_1169;The system should be implemented using Service Oriented Architecture (SOA) and have a modular design;F;0;1;0;0;0;0;0;0;0;0;0;0;0
1170;cctns.pdf_1170;The system should be developed on Open Standards;F;0;1;0;0;0;0;0;0;0;0;0;0;0
1171;cctns.pdf_1171;The system should be built on a common User Access and Authentication Service to ensure Single-Sign on for the end-user;NFR;1;0;0;0;0;0;0;0;0;0;0;0;0
1172;cctns.pdf_1172;The system should be developed for a centralized deployment and maintenance;F;0;1;0;0;0;0;0;0;0;0;0;0;0
1173;cctns.pdf_1173;The system should be developed to be deployed in a 3-tier datacenter architecture;F;0;1;0;0;0;0;0;0;0;0;0;0;0
1174;cctns.pdf_1174;The system should be designed to have a n-tier architecture with the presentation logic separated from the business logic that is again separated from the data-access logic;F;0;1;0;0;0;0;0;0;0;0;0;0;0
1175;cctns.pdf_1175;The system should be extensible to provide access to the interfaces through PDA’s and mobile data terminals;F;0;1;0;0;0;0;0;0;0;0;0;0;0
1176;cctns.pdf_1176;The system should adopt standardized formats and common metadata elements;F;0;1;0;0;0;0;0;0;0;0;0;0;0
1177;cctns.pdf_1177;The system should be designed for access through browser-based systems and must impose minimal requirements on the client device;F;0;1;0;0;0;0;0;0;0;0;0;0;0
1178;cctns.pdf_1178;The system must support multiple types of communication services for remote access;F;0;1;0;0;0;0;0;0;0;0;0;0;0
1179;cctns.pdf_1179;The system should have capability to support public access to a subset of data and functionality;F;0;1;0;0;0;0;0;0;0;0;0;0;0
1180;cctns.pdf_1180;The system should support multi-tier authentication where required;NFR;1;0;0;0;0;0;0;0;0;0;0;0;0
1181;cctns.pdf_1181;The system should support SSL encrypted connections;NFR;1;0;0;0;0;0;0;0;0;0;0;0;0
1182;cctns.pdf_1182;The system should support secure virtual private network connections;NFR;1;0;0;0;0;0;0;0;0;0;0;0;0
1183;cctns.pdf_1183;The system should use HTTPS as the communication protocol, i.e., HTTP over an encrypted secure socket layer (SSL);NFR;1;0;0;0;0;0;0;0;0;0;0;0;0
1184;cctns.pdf_1184;The system should run on multiple browsers;F;0;1;0;0;0;0;0;0;0;0;0;0;0
1185;cctns.pdf_1185;The system should support selective encryption of the stored data;NFR;1;0;0;0;0;0;0;0;0;0;0;0;0
1186;cctns.pdf_1186;The system should ensure secure transmission of data over the network and utilize SSL and 2-way digital signatures;NFR;1;0;0;0;0;0;0;0;0;0;0;0;0
1187;cctns.pdf_1187;The system should ensure high standards of security and access control through: a) Prevent cross-site scripting, b) Validate the incoming data / user request, c) Encode the incoming data / user request, d) Prevent SQL Injection, e) Utilize parameterized queries, f) Sanitizetheuser-inputs, g) Validate the data both at the client and server, h) Do not allow hard delete and perform only soft tagging the row for deletion.;NFR;1;0;0;0;0;0;0;0;0;0;0;0;0
1188;cctns.pdf_1188;The system should ensure high scalability and performance through: a) Use of cache for storing frequent data, b) Use of AJAX based technology to improve user experience. ;F;0;1;0;0;0;0;0;0;0;0;0;0;0
1189;cctns.pdf_1189;Aggressive page loading to be considered based on the screen and estimate usage pattern, c) Leverage Asynchronous HTTP socket capabilities of web server for scalability and performance, d) Host all the static content (documents, images) on the web server, e) The search results should be fetched from the database in batches of 10 or 20 maximum as configured within the application, f) Display ofrecords on the screen in batches/pagedmanner, g) The search should fetch only the fields that need to be displayed to the user. Only when the user clicks on a particular record to view its further details should a query be fired to fetch the additional details for this particular record only, h) A hierarchical cache should be configured and used for caching of results of most frequently used searches, i) Database Indexes should be applied on the key columns used for searching;F;0;1;0;0;0;0;0;0;0;0;0;0;0
1190;dii.htm_1190;Environmental Mode: This is the real-time operations that must react to varying degrees of readiness to full scale wartime operations such as crisis planning with the use of heterogeneous data types and sources, transfer capabilities, data management services.;F;0;1;0;0;0;0;0;0;0;0;0;0;0
1191;dii.htm_1191;XML Services shall be segmented.;F;0;1;0;0;0;0;0;0;0;0;0;0;0
1192;dii.htm_1192;COE sponsors shall adhere to compliance level requirements described in the I&RTS.;F;0;1;0;0;0;0;0;0;0;0;0;0;0
1193;dii.htm_1193;In the fixed (static) mode of operation (base or data processing megacenter), the data management services shall have the capability of being tuned by on-site personnel to adjust for varying workloads and sizes of associated databases. ;F;0;1;0;0;0;0;0;0;0;0;0;0;0
1194;dii.htm_1194;These workloads and databases are expected to change more frequently and to a greater extent than for processing associated with deployed units;F;0;1;0;0;0;0;0;0;0;0;0;0;0
1195;dii.htm_1195;In a changing (dynamic) environment, such as with deployed units, the workload and database sizes may be more predetermined (given a more precise mission) and require access to fewer data management administrative capabilities than needed in a fixed environment. ;F;0;1;0;0;0;0;0;0;0;0;0;0;0
1196;dii.htm_1196;The XS shall have the ability to redefine or reset names of connect descriptors to database server instances. C;F;0;1;0;0;0;0;0;0;0;0;0;0;0
1197;dii.htm_1197;onnect descriptors are fully qualified object names and include address (protocol/host/port) and instance name.;F;0;1;0;0;0;0;0;0;0;0;0;0;0
1198;dii.htm_1198;In a degraded communications environment, there is a need, for example, to be able to reset session time-out values if the data management services are being accessed by users affected by the communications degradation. ;NFR;1;0;0;0;0;0;0;0;0;0;0;0;0
1199;dii.htm_1199;At a minimum, the session time-out values shall be user definable and be able to be reset prior to initialization of a user session. ;NFR;1;0;0;0;0;0;0;0;0;0;0;0;0
1200;dii.htm_1200;The goal is to provide the option of dynamically changing session time values based on current communications performance identified by capabilities of the network management or DBMS.;NFR;1;0;0;0;0;0;0;0;0;0;0;0;0
1201;dii.htm_1201;End User Mode: Portion of XS services shall be used by various classes of users: data consumers, data and database managers, network information infrastructure resource managers.;F;0;1;0;0;0;0;0;0;0;0;0;0;0
1202;dii.htm_1202;Some of these uses of the data management services will entail unique requirements that shall be fulfilled within the capability of XS services.;F;0;1;0;0;0;0;0;0;0;0;0;0;0
1203;dii.htm_1203;Maintenance Mode: This mode includes modification and/or addition of application data segments, user permission, privileges, and restructuring storage and memory areas. ;NFR;1;0;0;0;0;0;0;0;0;0;0;0;0
1204;dii.htm_1204;In addition, maintenance also shall pertain to shutdown, open not-mounted and online/off-line implementations, modifications, upgrade, or other related actions.;F;0;1;0;0;0;0;0;0;0;0;0;0;0
1205;dii.htm_1205;The data management services shall support managing various types of data, database architectures and platforms that includes hardware and software at the specified sites.;F;0;1;0;0;0;0;0;0;0;0;0;0;0
1206;dii.htm_1206;Training Mode. In support of training activities, the data management services shall provide for the same processing as would be encountered in a production environment. ;F;0;1;0;0;0;0;0;0;0;0;0;0;0
1207;dii.htm_1207;However, access to the database may be via a training application access to the DBMS rather than from the production mission application.;F;0;1;0;0;0;0;0;0;0;0;0;0;0
1208;dii.htm_1208;The XS shall deliver inter-related components as shown in figure 3.2-1.;F;0;1;0;0;0;0;0;0;0;0;0;0;0
1209;dii.htm_1209;The Registry shall provide standard APIs as specified in Appendix B.;F;0;1;0;0;0;0;0;0;0;0;0;0;0
1210;dii.htm_1210;The XS function shall provide standard APIs as specified in Appendix C.;F;0;1;0;0;0;0;0;0;0;0;0;0;0
1211;dii.htm_1211;The XS shall internally interface (transparent to the operator) with the existing data elements of the DBIF, DAC, and COTS RDBMS products.;F;0;1;0;0;0;0;0;0;0;0;0;0;0
1212;dii.htm_1212;The Registry software shall be portable and required to execute on COE-compliant platforms.;F;0;1;0;0;0;0;0;0;0;0;0;0;0
1213;dii.htm_1213;Personnel requirements shall be determined by the developers of the system in which the XS module is embedded.;F;0;1;0;0;0;0;0;0;0;0;0;0;0
1214;dii.htm_1214;Training requirements shall be determined by the developers of the system in which the XS module is embedded.;F;0;1;0;0;0;0;0;0;0;0;0;0;0
1215;dii.htm_1215;The XS developer is responsible for software maintenance, software support, and software updates. The DISA Configuration Manager (CM) is responsible for distribution of the XS product to system developers.;F;0;1;0;0;0;0;0;0;0;0;0;0;0
1216;dii.htm_1216;The XS software shall be delivered in accordance with DII COE guidelines.;F;0;1;0;0;0;0;0;0;0;0;0;0;0
1217;dii.htm_1217;The following table depicts the mapping of the requirements in Section 3 to their corresponding precedence and criticality code and to other related requirements within the XS SRS. ;F;0;1;0;0;0;0;0;0;0;0;0;0;0
1218;dii.htm_1218;The precedence and criticality codes are the following: 1 for Essential (E), 2 for Desirable (D), 3 for Optional (O).;F;0;1;0;0;0;0;0;0;0;0;0;0;0
1219;gamma j.pdf_1219;Customers will be able to create accounts to store their customer profiles, configure contact information, view their purchase history, and confirm orders. ;NFR;1;0;0;0;0;0;0;0;0;0;0;0;0
1220;gamma j.pdf_1220;Customers will be able to register, log in, and log out of their accounts.;NFR;1;0;0;0;0;0;0;0;0;0;0;0;0
1221;gamma j.pdf_1221;Furthermore, Customer profiles will also include payment information, such as the ability to store credit card information, and address information.;F;0;1;0;0;0;0;0;0;0;0;0;0;0
1222;gamma j.pdf_1222;"Products will be stored in multi-tiered categories; a category can contain sub categories or products. ";F;0;1;0;0;0;0;0;0;0;0;0;0;0
1223;gamma j.pdf_1223;The inventory management will allow for administrators to update the categories, the products placed in categories, and the specific product details.;NFR;1;0;0;0;0;0;0;0;0;0;0;0;0
1224;gamma j.pdf_1224;Customers will also be able to add products into the shopping cart. ;NFR;1;0;0;0;0;0;0;0;0;0;0;0;0
1225;gamma j.pdf_1225;The shopping cart will clearly display the number of items in the cart, along with the total cost. ;F;0;1;0;0;0;0;0;0;0;0;0;0;0
1226;gamma j.pdf_1226;The customer will also be able to add to or remove products from the shopping cart prior to checkout and order confirmation.;NFR;1;0;0;0;0;0;0;0;0;0;0;0;0
1227;gamma j.pdf_1227;Customers will be able to confirm the order after checkout.;NFR;1;0;0;0;0;0;0;0;0;0;0;0;0
1228;gamma j.pdf_1228;If the order is incorrect, the customer will be able to revise and update their order.;NFR;1;0;0;0;0;0;0;0;0;0;0;0;0
1229;gamma j.pdf_1229;The customer will then receive a confirmation email with the specific order details.;F;0;1;0;0;0;0;0;0;0;0;0;0;0
1230;gamma j.pdf_1230;Customers will be presented with an unambiguous interface to assist in browsing the categories and products. ;F;0;1;0;0;0;0;0;0;0;0;0;0;0
1231;gamma j.pdf_1231;Customers will be able to search for products matching their search criteria.;NFR;1;0;0;0;0;0;0;0;0;0;0;0;0
1232;gamma j.pdf_1232;The interface will be compatible with all major web browsers such as Internet Explorer, Mozilla Navigator, Mozilla Firefox, Opera, and Safari.;F;0;1;0;0;0;0;0;0;0;0;0;0;0
1233;gamma j.pdf_1233;The system will implement an Application Interface to allow for various plug-ins to interact with the system. ;F;0;1;0;0;0;0;0;0;0;0;0;0;0
1234;gamma j.pdf_1234;The plug-in API will be well documented and specifications will be provided to plug-in developers.;F;0;1;0;0;0;0;0;0;0;0;0;0;0
1235;gamma j.pdf_1235;The order database of WebOrder will communicate with the account system through a programmatic interface for the billing operations.;F;0;1;0;0;0;0;0;0;0;0;0;0;0
1236;gamma j.pdf_1236;Through programmatic interface, WebOrder will transmit information of items ordered by customers to the Inventory management system.;F;0;1;0;0;0;0;0;0;0;0;0;0;0
1237;gamma j.pdf_1237;The WebOrder system shall send an e-mail confirmation to the customer that the items they ordered will be delivered to the shipping address along with tracking number.;F;0;1;0;0;0;0;0;0;0;0;0;0;0
1238;gamma j.pdf_1238;The WebOrder system shall send an e-mail to System Administrator regarding any technical queries from customers or sales people.;F;0;1;0;0;0;0;0;0;0;0;0;0;0
1239;gamma j.pdf_1239;Upon the USB being plugged in the system shall be able to be deployed and operational in less than 1 minute.;F;0;1;0;0;0;0;0;0;0;0;0;0;0
1240;gamma j.pdf_1240;The system shall be able to handle 1000 customers logged in concurrently at the same time.;F;0;1;0;0;0;0;0;0;0;0;0;0;0
1241;gamma j.pdf_1241;The system shall be able to retrieve 200 products per second.;F;0;1;0;0;0;0;0;0;0;0;0;0;0
1242;gamma j.pdf_1242;The system shall be able to add product to shopping cart in less than 2ms.;F;0;1;0;0;0;0;0;0;0;0;0;0;0
1243;gamma j.pdf_1243;The system shall be able to search for a specified product in less than 1 second.;F;0;1;0;0;0;0;0;0;0;0;0;0;0
1244;gamma j.pdf_1244;The system shall be able to email customer and vendor in less than 1 second.;F;0;1;0;0;0;0;0;0;0;0;0;0;0
1245;gamma j.pdf_1245;The system shall be able to validate credit card in less than 2 seconds.;F;0;1;0;0;0;0;0;0;0;0;0;0;0
1246;gamma j.pdf_1246;The system shall be able to acquire shipping charges in less than 2 seconds.;F;0;1;0;0;0;0;0;0;0;0;0;0;0
1247;gamma j.pdf_1247;The system shall be able to restore 1000 records per second.;F;0;1;0;0;0;0;0;0;0;0;0;0;0
1248;gamma j.pdf_1248;The system will do periodic backups through a live internet connection. ;F;0;1;0;0;0;0;0;0;0;0;0;0;0
1249;gamma j.pdf_1249;The system shall validate credit cards against fraud.;NFR;1;0;0;0;0;0;0;0;0;0;0;0;0
1250;gamma j.pdf_1250;The system shall encrypt all sensitive information via https.;NFR;1;0;0;0;0;0;0;0;0;0;0;0;0
1251;gamma j.pdf_1251;The system shall encrypt all customer data in database.;NFR;1;0;0;0;0;0;0;0;0;0;0;0;0
1252;gamma j.pdf_1252;The system shall auto detect IP DOS attacks and block IP automatically.;NFR;1;0;0;0;0;0;0;0;0;0;0;0;0
1253;gamma j.pdf_1253;The system shall detect consecutive failed login attempts.;NFR;1;0;0;0;0;0;0;0;0;0;0;0;0
1254;gamma j.pdf_1254;The system shall be protected by open source firewall called Firestarter. http://www.fs-security.com/;NFR;1;0;0;0;0;0;0;0;0;0;0;0;0
1255;gamma j.pdf_1255;The system shall have an availability of 99.99%. ;F;0;1;0;0;0;0;0;0;0;0;0;0;0
1256;gamma j.pdf_1256;The system shall perform searches via Dijkstra's shortest path algorithm.;F;0;1;0;0;0;0;0;0;0;0;0;0;0
1257;gamma j.pdf_1257;For returning customers, the system shall validate 'existing' credit card in system after each log in.;NFR;1;0;0;0;0;0;0;0;0;0;0;0;0
1258;gamma j.pdf_1258;The system shall automatically compress image files that are too large in size.;F;0;1;0;0;0;0;0;0;0;0;0;0;0
1259;gamma j.pdf_1259;The system will employ on demand asynchronous loading for faster execution of pages.;F;0;1;0;0;0;0;0;0;0;0;0;0;0
1260;gamma j.pdf_1260;The system shall validate email address existence.;NFR;1;0;0;0;0;0;0;0;0;0;0;0;0
1261;gamma j.pdf_1261;The system shall be easy to use.;F;0;1;0;0;0;0;0;0;0;0;0;0;0
1262;gamma j.pdf_1262;The system shall be easy to learn.;F;0;1;0;0;0;0;0;0;0;0;0;0;0
1263;gamma j.pdf_1263;The system shall utilize help bubbles to assist managers, customers, and administrators;F;0;1;0;0;0;0;0;0;0;0;0;0;0
1264;gamma j.pdf_1264;The system shall employ easy to locate buttons;F;0;1;0;0;0;0;0;0;0;0;0;0;0
1265;gamma j.pdf_1265;The system shall prompt customer with friend easy to read error messages.;F;0;1;0;0;0;0;0;0;0;0;0;0;0
1266;gamma j.pdf_1266;The system shall utilize consistent symbols and colors for clear notifications.;F;0;1;0;0;0;0;0;0;0;0;0;0;0
1267;gamma j.pdf_1267;The system shall utilize interchangeable plugins.;F;0;1;0;0;0;0;0;0;0;0;0;0;0
1268;gamma j.pdf_1268;The system shall be easily updatable for fixes and patches.;F;0;1;0;0;0;0;0;0;0;0;0;0;0
1269;gamma j.pdf_1269;The system shall create logs of all changes, updates, or fixes that are done to the site.;NFR;1;0;0;0;0;0;0;0;0;0;0;0;0
1270;gamma j.pdf_1270;The system shall be easy to upgrade.;F;0;1;0;0;0;0;0;0;0;0;0;0;0
1271;gamma j.pdf_1271;The system shall be extremely portable via the usb drive.;F;0;1;0;0;0;0;0;0;0;0;0;0;0
1272;gamma j.pdf_1272;The system shall be easy to migrate or backed up via another usb drive.;F;0;1;0;0;0;0;0;0;0;0;0;0;0
1273;gamma j.pdf_1273;The system should be able to run under debug mode.;F;0;1;0;0;0;0;0;0;0;0;0;0;0
1274;gamma j.pdf_1274;The system should be able to run test credit card transactions.;F;0;1;0;0;0;0;0;0;0;0;0;0;0
1275;gamma j.pdf_1275;The system should be able to run test shipping orders.;F;0;1;0;0;0;0;0;0;0;0;0;0;0
1276;gamma j.pdf_1276;The system should be able to create test environment of weborder system.;F;0;1;0;0;0;0;0;0;0;0;0;0;0
1277;gamma j.pdf_1277;The system hardware shall be fixed and patched via an internet connection.;F;0;1;0;0;0;0;0;0;0;0;0;0;0
1278;gamma j.pdf_1278;Yoggie shall coordinate on future enhancement and features with our organization.;F;0;1;0;0;0;0;0;0;0;0;0;0;0
1279;gamma j.pdf_1279;The system shall adhere to the following hardware requirements: 4GB Flash ram chip, 128MB SDRAM, Intel XScale PXA270 520-MHz chipset, OS: Apache web server, Database: MySQL.;F;0;1;0;0;0;0;0;0;0;0;0;0;0
1280;inventory.pdf_1280;Inter departments: request must be approved by a DA group member and faculty group member unless it came from a higher level group.;F;0;1;0;0;0;0;0;0;0;0;0;0;0
1281;inventory.pdf_1281;Inter faculties transfer: request can be made by any authorised user and approved by faculty group or higher level.;NFR;1;0;0;0;0;0;0;0;0;0;0;0;0
1282;inventory.pdf_1282;Transfer outside university should be approved by the university group.;F;0;1;0;0;0;0;0;0;0;0;0;0;0
1283;inventory.pdf_1283;"Any administrative level user or inventory user can edit an asset that belongs to its department; same thing for faculty user, or university user; in order to make modification if he is authorised to do it.";NFR;1;0;0;0;0;0;0;0;0;0;0;0;0
1284;inventory.pdf_1284;Any DA group member or authorised inventory group member asset is owned by the department.;F;0;1;0;0;0;0;0;0;0;0;0;0;0
1285;inventory.pdf_1285;Any faculty member can add all related departments inventory.;NFR;1;0;0;0;0;0;0;0;0;0;0;0;0
1286;inventory.pdf_1286;Any university group member can add all assets in the inventory.;NFR;1;0;0;0;0;0;0;0;0;0;0;0;0
1287;inventory.pdf_1287;A bulk entry can be used to add many assets.;F;0;1;0;0;0;0;0;0;0;0;0;0;0
1288;inventory.pdf_1288;request can be made by any authorised user.;NFR;1;0;0;0;0;0;0;0;0;0;0;0;0
1289;inventory.pdf_1289;After creation a request still pending waiting to be approved by an administrative level user according to that have this authority.;F;0;1;0;0;0;0;0;0;0;0;0;0;0
1290;inventory.pdf_1290;An inventory user should check returned asset and update inventory.;F;0;1;0;0;0;0;0;0;0;0;0;0;0
1291;inventory.pdf_1291;IT group members can create a new space and modify floor structure when they receive an exception request from any administrative level.;NFR;1;0;0;0;0;0;0;0;0;0;0;0;0
1292;inventory.pdf_1292;Any administration level or authorised inventory group member can display all pending requests waiting for approval from this level and approve those requests.;NFR;1;0;0;0;0;0;0;0;0;0;0;0;0
1293;inventory.pdf_1293;When request is treated user is notified by email.;F;0;1;0;0;0;0;0;0;0;0;0;0;0
1294;inventory.pdf_1294;Request is added to the waiting for execution list.;F;0;1;0;0;0;0;0;0;0;0;0;0;0
1295;inventory.pdf_1295;Inventory is updated when user receive requested asset.;NFR;1;0;0;0;0;0;0;0;0;0;0;0;0
1296;inventory.pdf_1296;Authentication is made by user name and a password for all users.;NFR;1;0;0;0;0;0;0;0;0;0;0;0;0
1297;inventory.pdf_1297;administrative level working on administration computer.;F;0;1;0;0;0;0;0;0;0;0;0;0;0
1298;inventory.pdf_1298;Any administrative level user can delegate another user to execute some or all his authorized actions. ;NFR;1;0;0;0;0;0;0;0;0;0;0;0;0
1299;inventory.pdf_1299;And this user acquires the role of inventory administrator.;NFR;1;0;0;0;0;0;0;0;0;0;0;0;0
1300;inventory.pdf_1300;It is mandatory that learning time is between 2 to 4 hours at maximum, because many task are delegated to working students.;F;0;1;0;0;0;0;0;0;0;0;0;0;0
1301;inventory.pdf_1301;"Web interface should use clear and consistence terminology in such a way that user; with basic experience on internet and office; find the application easy to use.";F;0;1;0;0;0;0;0;0;0;0;0;0;0
1302;inventory.pdf_1302;The Application should be available always at working hours. Any maintenance or backup operation should be conducted out of working time.;F;0;1;0;0;0;0;0;0;0;0;0;0;0
1303;inventory.pdf_1303; The Application should be installed in any Microsoft or Unix platform.;F;0;1;0;0;0;0;0;0;0;0;0;0;0
1304;inventory.pdf_1304;Web application should available to run on browsers like IE, Firefox, Chrome, Opera or Safari.;F;0;1;0;0;0;0;0;0;0;0;0;0;0
1305;inventory.pdf_1305;All user are authenticated by user name and a password.;NFR;1;0;0;0;0;0;0;0;0;0;0;0;0
1306;inventory.pdf_1306;Permission are assigned to user according to their roles.;NFR;1;0;0;0;0;0;0;0;0;0;0;0;0
1307;inventory.pdf_1307;Only IT team member can access and maintain data base servers locally.;NFR;1;0;0;0;0;0;0;0;0;0;0;0;0
1308;inventory.pdf_1308;Query is killed if takes more than 1 min.;F;0;1;0;0;0;0;0;0;0;0;0;0;0
1309;inventory.pdf_1309;Backup operation are executed periodically.;F;0;1;0;0;0;0;0;0;0;0;0;0;0
1310;inventory.pdf_1310;It is important to design system to facilitated future evolution and facilitate maintenance operations.;F;0;1;0;0;0;0;0;0;0;0;0;0;0
1311;multi-mahjong.pdf_1311;The MultiMahjongServer will be designed to reside on a central computer (server) that is connected to a TCP/IP network and has a unique IP address.;F;0;1;0;0;0;0;0;0;0;0;0;0;0
1312;multi-mahjong.pdf_1312;The MultiMahjongServer will allow connections from MultiMahjongClients and communicate with them using IP.;F;0;1;0;0;0;0;0;0;0;0;0;0;0
1313;multi-mahjong.pdf_1313;The MultiMahjongServer will serve as a node for MultiMahjongClients. ;F;0;1;0;0;0;0;0;0;0;0;0;0;0
1314;multi-mahjong.pdf_1314;That is, it will be able to relay data received from one MultiMahjongClient to other MultiMahjongClients that request it.;F;0;1;0;0;0;0;0;0;0;0;0;0;0
1315;multi-mahjong.pdf_1315;"The MultiMahjongServer will automate the game initialisation functions (as opposed to the MultiMahjongClient doing them), such as: randomising tile order, randomising seating position and storing the ""Game Info"" database (see Figure 3.1.2).";F;0;1;0;0;0;0;0;0;0;0;0;0;0
1316;multi-mahjong.pdf_1316;The MultiMahjongServer will contain a High Scores list with the names and scores of the top MultiMahjong players.;F;0;1;0;0;0;0;0;0;0;0;0;0;0
1317;multi-mahjong.pdf_1317;The MultiMahjongServer will allow players on MultiMahjongClient programs to chat with each other in real time.;F;0;1;0;0;0;0;0;0;0;0;0;0;0
1318;multi-mahjong.pdf_1318;The MultiMahjongServer will allow players on MultiMahjongClient programs to modify their own names and icons during gameplay (as opposed to only at the beginning).;NFR;1;0;0;0;0;0;0;0;0;0;0;0;0
1319;multi-mahjong.pdf_1319;The MultiMahjongServer will support an architecture whereby all Computer Opponents (CO) required will reside on it instead of on the MultiMahjongClient programs.;F;0;1;0;0;0;0;0;0;0;0;0;0;0
1320;multi-mahjong.pdf_1320;The MultiMahjongServer will have a graphical user interface with which the administrator of the server can get log information and change game settings.;NFR;1;0;0;0;0;0;0;0;0;0;0;0;0
1321;multi-mahjong.pdf_1321;The MultiMahjongServer will be able to save preferences to a file and read from that file at start-up.;F;0;1;0;0;0;0;0;0;0;0;0;0;0
1322;multi-mahjong.pdf_1322;When the user begins the MultiMahjongClient program, they will be able to choose to create a new multi player game, to create a new single player game, to join an existing multi player game, or to quit the program. ;NFR;1;0;0;0;0;0;0;0;0;0;0;0;0
1323;multi-mahjong.pdf_1323;That is, it will be able to relay data received from one MultiMahjongClient to other MultiMahjongClients that request it.;F;0;1;0;0;0;0;0;0;0;0;0;0;0
1324;multi-mahjong.pdf_1324;When a user creates a new multi player game, they must: enter their name, choose an icon from a predetermined list, decide the number of human and computer opponents they want, as any game of Mahjong requires 4 players, the MultiMahjongClient will limit the user to choosing 4 players in tota, set the score limit for winning a hand of Mahjong. When all the necessary human players have joined the game, the user may choose to begin the game.;NFR;1;0;0;0;0;0;0;0;0;0;0;0;0
1325;multi-mahjong.pdf_1325;The MultiMahjongClient must send this game initialisation information to the MultiMahjongServer so that the MultiMahjongServer can create a new game.;F;0;1;0;0;0;0;0;0;0;0;0;0;0
1326;multi-mahjong.pdf_1326;The processing for any Computer Opponents (CO) will be done by the MultiMahjongClient program. In a single player game, the MultiMahjongClient will need to process for 3 COs. In a multi player game with 2 human players, each MultiMahjongClient will support 1 CO. In a multi player game with 3 human players, only 1 of the 3 MultiMahjongClients will support a CO. Obviously, in a multi player game with 4 human players, no CO is required.;F;0;1;0;0;0;0;0;0;0;0;0;0;0
1327;multi-mahjong.pdf_1327;When a user creates a new single player game, they must: Enter their name. Choose an icon from a predetermined list. Set the score limit for winning a hand of Mahjong.;NFR;1;0;0;0;0;0;0;0;0;0;0;0;0
1328;multi-mahjong.pdf_1328;When a user selects the option to join an existing game, the MultiMahjongClient will retrieve a list of any games that still require players from the MultiMahjongServer.;NFR;1;0;0;0;0;0;0;0;0;0;0;0;0
1329;multi-mahjong.pdf_1329;When a user wishes to join a multi player game, they must: Enter their name.  Choose an icon from a predetermined list. Choose which of the available games they wish to join.;NFR;1;0;0;0;0;0;0;0;0;0;0;0;0
1330;multi-mahjong.pdf_1330;The MultiMahjongClient must send this join information to the MultiMahjongServer.;F;0;1;0;0;0;0;0;0;0;0;0;0;0
1331;multi-mahjong.pdf_1331;In a multi player game, each MultiMahjongClient must retrieve the following data from the MultiMahjongServer: whether it must support a CO. ;NFR;1;0;0;0;0;0;0;0;0;0;0;0;0
1332;multi-mahjong.pdf_1332;The score limit for a hand, all players' names, icons and seating positions, the tiles of the human and CO (optional) player supported on the MultiMahjongClient.;NFR;1;0;0;0;0;0;0;0;0;0;0;0;0
1333;multi-mahjong.pdf_1333;The list of un-started games that the MultiMahjongClient fetches from the MultiMahjongServer will be displayed in such a way that users can see the following information about each game: the name and icon of the player who created the game, the score limit for winning a hand, the number of places that still need to be filled before the game can commence.;NFR;1;0;0;0;0;0;0;0;0;0;0;0;0
1334;multi-mahjong.pdf_1334;The MultiMahjongClient will save the user preferences in a file and read them in when the program begins.;F;0;1;0;0;0;0;0;0;0;0;0;0;0
1335;multi-mahjong.pdf_1335;Users who create a new game will be able to change the ability level of any CO involved in the game. ;NFR;1;0;0;0;0;0;0;0;0;0;0;0;0
1336;multi-mahjong.pdf_1336;There will be 3 levels available: Beginner, Intermediate and Advanced.;F;0;1;0;0;0;0;0;0;0;0;0;0;0
1337;multi-mahjong.pdf_1337;Users who create a new game will be able to choose to play different variations of Mahjong rules other than those described in Section 4.3.1. ;NFR;1;0;0;0;0;0;0;0;0;0;0;0;0
1338;multi-mahjong.pdf_1338;Any user who creates or joins a game will be able to upload their own JPEG or GIF image that they wish to have displayed above their name, if they do not wish to use a preset icon.;NFR;1;0;0;0;0;0;0;0;0;0;0;0;0
1339;multi-mahjong.pdf_1339;"The MultiMahjongClient must only allow players to make moves according to the Chinese rules of Mahjong as described in the rulebook, ""How to Play Mah Jong"".";NFR;1;0;0;0;0;0;0;0;0;0;0;0;0
1340;multi-mahjong.pdf_1340;The MultiMahjongClient will inform the user whose turn it is to pick up a tile.;NFR;1;0;0;0;0;0;0;0;0;0;0;0;0
1341;multi-mahjong.pdf_1341;The variations will include the Cleared Hand variation and the Japanese variation.;F;0;1;0;0;0;0;0;0;0;0;0;0;0
1342;multi-mahjong.pdf_1342;The following game changes are displayed: Another player picks up a tile from the wall. Another player exposes/reveals a set of tiles. Another player discards a tile.;NFR;1;0;0;0;0;0;0;0;0;0;0;0;0
1343;multi-mahjong.pdf_1343;If the configurations of: the current discard, the tiles in a user's hand, and the player whose turn it is, would allow the user to Chow/Pung/Kong/Mahjong under the Chinese rules of Mahjong, the MultiMahjongClient will inform the user that they can do so. If they choose to take this action, then the MultiMahjongClient must send this information to the MultiMahjongServer.;NFR;1;0;0;0;0;0;0;0;0;0;0;0;0
1344;multi-mahjong.pdf_1344;User's will be able to pick up a tile from the wall if it is their turn. ;NFR;1;0;0;0;0;0;0;0;0;0;0;0;0
1345;multi-mahjong.pdf_1345;If they choose to pick up, the MultiMahjongClient must send this information to the MultiMahjongServer.;F;0;1;0;0;0;0;0;0;0;0;0;0;0
1346;multi-mahjong.pdf_1346;User's will be able to discard a tile if they have picked one up. When they choose to discard, the MultiMahjongClient must send this information to the MultiMahjongServer.;NFR;1;0;0;0;0;0;0;0;0;0;0;0;0
1347;multi-mahjong.pdf_1347;The MultiMahjongClient must inform the user if another player is fishing.;NFR;1;0;0;0;0;0;0;0;0;0;0;0;0
1348;multi-mahjong.pdf_1348;The MultiMahjongClient must inform the user if another player goes Mahjong. The wind of the round is also updated (if required).;NFR;1;0;0;0;0;0;0;0;0;0;0;0;0
1349;multi-mahjong.pdf_1349;The MultiMahjongClient must inform the user if the hand has ended in a draw.;F;0;1;0;0;0;0;0;0;0;0;0;0;0
1350;multi-mahjong.pdf_1350;The MultiMahjongClient will keep the user's tiles in order.;F;0;1;0;0;0;0;0;0;0;0;0;0;0
1351;multi-mahjong.pdf_1351;The MultiMahjongClient will play sound effects associated with certain game actions.;NFR;1;0;0;0;0;0;0;0;0;0;0;0;0
1352;multi-mahjong.pdf_1352;Users will be able to turn the sound on or off at any stage during the game.;NFR;1;0;0;0;0;0;0;0;0;0;0;0;0
1353;multi-mahjong.pdf_1353;Users will have access to the User's Documentation online at any stage during the game.;NFR;1;0;0;0;0;0;0;0;0;0;0;0;0
1354;multi-mahjong.pdf_1354;Users will be able to view the High Scores list that is located on the MultiMahjongServer.;NFR;1;0;0;0;0;0;0;0;0;0;0;0;0
1355;multi-mahjong.pdf_1355;The MultiMahjongClient will automate the picking up of a tile from the wall if the user has no other option.;F;0;1;0;0;0;0;0;0;0;0;0;0;0
1356;multi-mahjong.pdf_1356;User's will be able to Undo their last move if playing in single player mode.;NFR;1;0;0;0;0;0;0;0;0;0;0;0;0
1357;multi-mahjong.pdf_1357;User's will be able to Save their game if playing in single player mode.;NFR;1;0;0;0;0;0;0;0;0;0;0;0;0
1358;multi-mahjong.pdf_1358;User's will be able to chat with each other in real time.;NFR;1;0;0;0;0;0;0;0;0;0;0;0;0
1359;multi-mahjong.pdf_1359;User's will be able to change their icons/pictures and names during the game.;NFR;1;0;0;0;0;0;0;0;0;0;0;0;0
1360;multi-mahjong.pdf_1360;The game will end when all 4 rounds have been played or if the user chooses to end the game.;NFR;1;0;0;0;0;0;0;0;0;0;0;0;0
1361;multi-mahjong.pdf_1361;The user will be able to end the game at any stage of the game. The user will then be able to quit the program or begin/join a new game.;NFR;1;0;0;0;0;0;0;0;0;0;0;0;0
1362;multi-mahjong.pdf_1362;The variations will include the Cleared Hand variation and the Japanese variation.;F;0;1;0;0;0;0;0;0;0;0;0;0;0
1363;multi-mahjong.pdf_1363;Users of any MultiMahjongClient previously connected to the game will have the choice to quit the program or to begin/join a new;NFR;1;0;0;0;0;0;0;0;0;0;0;0;0
1364;multi-mahjong.pdf_1364;If a user leaves the game prematurely, a new CO is created on another user's machine to fill their place. ;NFR;1;0;0;0;0;0;0;0;0;0;0;0;0
1365;multi-mahjong.pdf_1365;This CO will take over the user's current position and circumstance within the game.;NFR;1;0;0;0;0;0;0;0;0;0;0;0;0
1366;multi-mahjong.pdf_1366;The variations will include the Cleared Hand variation and the Japanese variation.;F;0;1;0;0;0;0;0;0;0;0;0;0;0
1367;multi-mahjong.pdf_1367;If a user leaves the game prematurely, a new CO is created on another user's machine to fill their place. ;NFR;1;0;0;0;0;0;0;0;0;0;0;0;0
1368;multi-mahjong.pdf_1368;This CO will take over the user's current position and circumstance within the game.;NFR;1;0;0;0;0;0;0;0;0;0;0;0;0
1369;multi-mahjong.pdf_1369;The CO must play moves according to the Chinese rules of Mahjong.;F;0;1;0;0;0;0;0;0;0;0;0;0;0
1370;multi-mahjong.pdf_1370;The CO will not have access to the data containing the faces of any tiles in the wall or any concealed tiles in any other players' hands.;NFR;1;0;0;0;0;0;0;0;0;0;0;0;0
1371;multi-mahjong.pdf_1371;The CO will have access to the number of tiles in the wall or in a player's hand.;NFR;1;0;0;0;0;0;0;0;0;0;0;0;0
1372;multi-mahjong.pdf_1372;The CO will be able to read any player's exposed or revealed hands.;NFR;1;0;0;0;0;0;0;0;0;0;0;0;0
1373;multi-mahjong.pdf_1373;The CO will be able to pick up tiles off the wall, discard tiles, reveal Kongs, and Chow/Pung/Kong/Mahjong.;NFR;1;0;0;0;0;0;0;0;0;0;0;0;0
1374;multi-mahjong.pdf_1374;The CO will be able to determine what tiles have not been played according to the tiles that have already been discarded, exposed or revealed.;NFR;1;0;0;0;0;0;0;0;0;0;0;0;0
1375;multi-mahjong.pdf_1375;"The CO will be able to recognise ""almost finished"" sets of tiles (i.e. 2 tiles in a sequence is an almost finished Chow) and will not discard tiles in such sets. ";NFR;1;0;0;0;0;0;0;0;0;0;0;0;0
1376;multi-mahjong.pdf_1376;This CO will take over the user's current position and circumstance within the game. ;NFR;1;0;0;0;0;0;0;0;0;0;0;0;0
1377;multi-mahjong.pdf_1377;The CO will be able to play at 3 different ability levels: Beginner, Intermediate and Advanced.;F;0;1;0;0;0;0;0;0;0;0;0;0;0
1378;multi-mahjong.pdf_1378;The CO will be able to perform look ahead algorithms to determine its best move in the Intermediate and Advanced levels.;F;0;1;0;0;0;0;0;0;0;0;0;0;0
1379;multi-mahjong.pdf_1379;The CO will be able to perform calculations at any stage of the game.;NFR;1;0;0;0;0;0;0;0;0;0;0;0;0
1380;multi-mahjong.pdf_1380;The CO will be able to play any version of the rules that are specified by the user who creates the game.;NFR;1;0;0;0;0;0;0;0;0;0;0;0;0
1381;multi-mahjong.pdf_1381;There will be CO's of different playing styles that the user can choose from.;F;0;1;0;0;0;0;0;0;0;0;0;0;0
1382;multi-mahjong.pdf_1382;The potential users of the MultiMahjongClient product will be anyone who enjoys playing or is interested in the game of Mahjong.;F;0;1;0;0;0;0;0;0;0;0;0;0;0
1383;multi-mahjong.pdf_1383;The product is aimed at users who have a basic knowledge how to operate a PC, Macintosh or Unix box (see Section 5.3.1).;F;0;1;0;0;0;0;0;0;0;0;0;0;0
1384;multi-mahjong.pdf_1384;Users who wish to play multi player Mahjong will not need to have advanced knowledge of TCP/IP networking. ;F;0;1;0;0;0;0;0;0;0;0;0;0;0
1385;multi-mahjong.pdf_1385;This CO will take over the user's current position and circumstance within the game.;NFR;1;0;0;0;0;0;0;0;0;0;0;0;0
1386;multi-mahjong.pdf_1386;Prior knowledge of Mahjong rules is not necessary, as the product will be designed for both players with some or no experience.;F;0;1;0;0;0;0;0;0;0;0;0;0;0
1387;multi-mahjong.pdf_1387;The user of the MultiMahjongServer will most likely have general knowledge of a Web Server environment.;F;0;1;0;0;0;0;0;0;0;0;0;0;0
1388;multi-mahjong.pdf_1388;The user will need to know how to set-up and operate a TCP/IP server.;F;0;1;0;0;0;0;0;0;0;0;0;0;0
1389;multi-mahjong.pdf_1389;The user will understand the basic principles of networking and know any networking information associated with the server the MultiMahjongServer program is run on (hostname and IP address).;F;0;1;0;0;0;0;0;0;0;0;0;0;0
1390;multi-mahjong.pdf_1390;Every error that occurs during program execution can be classified into two types - fatal and nonfatal errors. ;F;0;1;0;0;0;0;0;0;0;0;0;0;0
1391;multi-mahjong.pdf_1391;This CO will take over the user's current position and circumstance within the game.;NFR;1;0;0;0;0;0;0;0;0;0;0;0;0
1392;multi-mahjong.pdf_1392;If a nonfatal error occurs, a dialogue box reporting the nature of error will be displayed.;F;0;1;0;0;0;0;0;0;0;0;0;0;0
1393;multi-mahjong.pdf_1393;As the error is classified 'nonfatal', the user will be able to continue the current game.;NFR;1;0;0;0;0;0;0;0;0;0;0;0;0
1394;multi-mahjong.pdf_1394;An option to access the online troubleshooting guide is included in the error dialogue box.;F;0;1;0;0;0;0;0;0;0;0;0;0;0
1395;multi-mahjong.pdf_1395;If a fatal error occurs, a dialogue box reporting the nature of error will be displayed.;F;0;1;0;0;0;0;0;0;0;0;0;0;0
1396;multi-mahjong.pdf_1396;The only option to the user is to quit the game. All processes will be cleaned up (if possible) and the program execution will terminate.;NFR;1;0;0;0;0;0;0;0;0;0;0;0;0
1397;multi-mahjong.pdf_1397;The MultiMahjong system is to be written using JDK 1.2 (the Java development kit from Sun Microsystems).;F;0;1;0;0;0;0;0;0;0;0;0;0;0
1398;multi-mahjong.pdf_1398;Multiple languages will be supported using Java's Unicode standard.;F;0;1;0;0;0;0;0;0;0;0;0;0;0
1399;multi-mahjong.pdf_1399;The software will run on any machine that is capable of running a Java Virtual Machine that supports JDK 1.2 (see Section 5.3). ;F;0;1;0;0;0;0;0;0;0;0;0;0;0
1400;multi-mahjong.pdf_1400;These machines include: a PC operated under Windows 95/98/NT, a Macintosh operated under OS 8, a Unix box operated under Solaris 2.6 or Solaris;F;0;1;0;0;0;0;0;0;0;0;0;0;0
1401;multi-mahjong.pdf_1401;The minimum system requirements for the product to operate under are: 100 MHz processor.  32 Mb of RAM. 10 MB of uncompressed hard disk. 16-bit video card with minimum resolution of 800 x 600.  28.8 Kbps modem and a TCP/IP connection to the Internet, or a TCP/IP LAN connection. For multi player game only.;F;0;1;0;0;0;0;0;0;0;0;0;0;0
1402;multi-mahjong.pdf_1402;The CO must respond within 1 minute in both single and multi player modes.;F;0;1;0;0;0;0;0;0;0;0;0;0;0
1403;multi-mahjong.pdf_1403;The MultiMahjongServer must be able to handle requests in multi player mode of up to 10 simultaneous games (max 40 players).;F;0;1;0;0;0;0;0;0;0;0;0;0;0
1404;multi-mahjong.pdf_1404;The MultiMahjongClient must be able to calculate possible Chow/Pung/Kong/Mahjong moves within 5 seconds of being informed of the last discard.;F;0;1;0;0;0;0;0;0;0;0;0;0;0
1405;multi-mahjong.pdf_1405;As the data being exchanged between machines does not contain any private information and is not capable of undermining the system integrity of the computers connected to the MultiMahjongServer, encryption and protection of data are not needed.;NFR;1;0;0;0;0;0;0;0;0;0;0;0;0
1406;beyond.pdf_1406;The most important requirement is the stability of the system on a high-level user application level, which is a consequence of the availability of basic network and terminal functionality.;F;0;1;0;0;0;0;0;0;0;0;0;0;0
1407;beyond.pdf_1407;System failures caused by user operation or network malfunctions have to be avoided. ;NFR;1;0;0;0;0;0;0;0;0;0;0;0;0
1408;beyond.pdf_1408;Dead ends in dialogs have to be addressed by a special help system and contextual understanding has to be provided.;F;0;1;0;0;0;0;0;0;0;0;0;0;0
1409;beyond.pdf_1409;The system must guide users throughout the interaction process quickly and effectively and it has to be designed to avoid cognitive overloads caused by information overflow.;F;0;1;0;0;0;0;0;0;0;0;0;0;0
1410;beyond.pdf_1410;The accesspoint has to be controllable through different modalities. ;F;0;1;0;0;0;0;0;0;0;0;0;0;0
1411;beyond.pdf_1411;A switch between modalities must not affect the system operations, consequently there should be no need to re-initiate the dialog status.;F;0;1;0;0;0;0;0;0;0;0;0;0;0
1412;beyond.pdf_1412;Likewise, it should be possible to switch the current context without loosing perspective in case the system does not estimate the context properly.;F;0;1;0;0;0;0;0;0;0;0;0;0;0
1413;beyond.pdf_1413;There is an urgent need for extensibility of the software system. ;F;0;1;0;0;0;0;0;0;0;0;0;0;0
1414;beyond.pdf_1414;The monolithic implementation which is used at the moment does not support modelling of upcoming functionality requests and it is very difficult to maintain and extend. ;F;0;1;0;0;0;0;0;0;0;0;0;0;0
1415;beyond.pdf_1415;Although the first prototype complies with the specified functionality we have decided to re-implement it from scratch and carefully design all application interfaces for process communications.;F;0;1;0;0;0;0;0;0;0;0;0;0;0
1416;beyond.pdf_1416;Better development tools to handle the speech system on an abstract level are required to improve the process of extending its rule database. ;F;0;1;0;0;0;0;0;0;0;0;0;0;0
1417;beyond.pdf_1417;For better extensibility, context engines need to be implemented rather than interfaces and the method of choice are neural networks.;F;0;1;0;0;0;0;0;0;0;0;0;0;0
1418;beyond.pdf_1418;As for training purposes new tools are needed and should be able to derive input from rule databases which are used at the moment.;F;0;1;0;0;0;0;0;0;0;0;0;0;0
1419;beyond.pdf_1419;There are two major aspects which are of vital importance for the acceptance of the terminal in public space applications. ;F;0;1;0;0;0;0;0;0;0;0;0;0;0
1420;beyond.pdf_1420;Firstly the solid user interface requires high standards in ergonomics and robustness.;F;0;1;0;0;0;0;0;0;0;0;0;0;0
1421;beyond.pdf_1421;Secondly the system needs to have a ``subtle notion'' of its services to guide users quickly and effectively.;F;0;1;0;0;0;0;0;0;0;0;0;0;0
1422;beyond.pdf_1422;The terminal pro actively offers its services i.e. must be able to attract and help people. It must be self explicable and understand users' needs.;F;0;1;0;0;0;0;0;0;0;0;0;0;0
1423;beyond.pdf_1423;It must also be able to handle context specific dialogs.;F;0;1;0;0;0;0;0;0;0;0;0;0;0
1424;beyond.pdf_1424;Dialogs which it doesn't understand clearly should be handled properly to limit user frustration. ;F;0;1;0;0;0;0;0;0;0;0;0;0;0
1425;beyond.pdf_1425;Context switches must be supported at any state of the session and the system should offer alternatives and rank them by guessing its likelyhood.;NFR;1;0;0;0;0;0;0;0;0;0;0;0;0
1426;beyond.pdf_1426;The graphical and speech user interface need to complement each other. ;F;0;1;0;0;0;0;0;0;0;0;0;0;0
1427;beyond.pdf_1427;They represent input and output channels and provide access to the state of the context engine.;F;0;1;0;0;0;0;0;0;0;0;0;0;0
1428;beyond.pdf_1428;The information flow must be compatible with average user capabilities to avoid cognitive overload.;F;0;1;0;0;0;0;0;0;0;0;0;0;0
1429;beyond.pdf_1429;The graphical user interface model presents information in an abstract two dimensional way and supports virtual characters engine.;F;0;1;0;0;0;0;0;0;0;0;0;0;0
1430;beyond.pdf_1430;The information flow must be compatible with average user capabilities to avoid cognitive overload.;F;0;1;0;0;0;0;0;0;0;0;0;0;0
1431;beyond.pdf_1431;The graphical user interface model presents information in an abstract two dimensional way and supports virtual characters.;F;0;1;0;0;0;0;0;0;0;0;0;0;0
1432;beyond.pdf_1432;The following adaptivity specifications are limited to single user sessions. ;F;0;1;0;0;0;0;0;0;0;0;0;0;0
1433;beyond.pdf_1433;It is assumed that multiple user sessions are not very likely to occur in public space applications. They are treated elsewhere.;F;0;1;0;0;0;0;0;0;0;0;0;0;0
1434;beyond.pdf_1434;A general single user session occurs when one person in front of the terminal interacts with the system. ;F;0;1;0;0;0;0;0;0;0;0;0;0;0
1435;beyond.pdf_1435;An onlooker, or person inside the interaction area of the terminal is already considered to be a user.;F;0;1;0;0;0;0;0;0;0;0;0;0;0
1436;beyond.pdf_1436;"Some adaptivity related specifications are partly indicated in section ""Usability related specifications'' above. ";F;0;1;0;0;0;0;0;0;0;0;0;0;0
1437;beyond.pdf_1437;Contextual understanding is an example and support of context switches without explicit requests are another.;F;0;1;0;0;0;0;0;0;0;0;0;0;0
1438;beyond.pdf_1438;The interaction process should be as natural as possible and the development should ultimatly enable natural language understanding.;F;0;1;0;0;0;0;0;0;0;0;0;0;0
1439;beyond.pdf_1439;"""Technically""' speaking, the system should be able to detect people automatically and doesn't need to be approached by a subject. ";F;0;1;0;0;0;0;0;0;0;0;0;0;0
1440;beyond.pdf_1440;It should be able to initiate the first step and react adaptively because it can recognize people and distinguish humans from other life, e.g. dogs.;F;0;1;0;0;0;0;0;0;0;0;0;0;0
1441;beyond.pdf_1441;Another requirement is speaker independent voice recognition which is essential in public space applications, i.e. every single user is understood instantly irrelevant of age, gender or other distinct characteristics.;F;0;1;0;0;0;0;0;0;0;0;0;0;0
1442;beyond.pdf_1442;The terminal is designed to support classical input-output channels like typing or reading, and complement them with speech and visual capabilities.;F;0;1;0;0;0;0;0;0;0;0;0;0;0
1443;beyond.pdf_1443;Except for high level features, most of the above mentioned adaptivity specifications primarily rely on multimodality related features. ;F;0;1;0;0;0;0;0;0;0;0;0;0;0
1444;beyond.pdf_1444;Visual and audio surveillance enable user detection and language understanding through face and speech recognition.;NFR;1;0;0;0;0;0;0;0;0;0;0;0;0
1445;beyond.pdf_1445;At the moment, higher level functions and more powerful features for enhanced sensing can be implemented by combining speech and visual information.;F;0;1;0;0;0;0;0;0;0;0;0;0;0
1446;beyond.pdf_1446;Mode switches which are not initiated by the system are only possible through input channels. ;F;0;1;0;0;0;0;0;0;0;0;0;0;0
1447;beyond.pdf_1447;Output presentation is determined by the system and the user has no direct influence in this case.;F;0;1;0;0;0;0;0;0;0;0;0;0;0
1448;beyond.pdf_1448;If desired the user can override default settings, but because of privacy issues, certain output channels are preferred.;NFR;1;0;0;0;0;0;0;0;0;0;0;0;0
1449;beyond.pdf_1449;Certain new usage scenarios require extended functionality which has not been implemented yet. ;F;0;1;0;0;0;0;0;0;0;0;0;0;0
1450;beyond.pdf_1450;Simulation and testing will provide further insight into the integration process and give more practical hints on usability, before new features engine.;F;0;1;0;0;0;0;0;0;0;0;0;0;0
1451;beyond.pdf_1451;The information flow must be compatible with average user capabilities to avoid cognitive overload.;F;0;1;0;0;0;0;0;0;0;0;0;0;0
1452;beyond.pdf_1452;The graphical user interface model presents information in an abstract two dimensional way and supports virtual characters.;F;0;1;0;0;0;0;0;0;0;0;0;0;0
1453;beyond.pdf_1453;To describe the newly defined specification, the simulation environment should provide an abstract high level scripting language thus providing an interpreter.;F;0;1;0;0;0;0;0;0;0;0;0;0;0
1454;beyond.pdf_1454;To ensure extensibility of the software system, an open architecture has been chosen.;F;0;1;0;0;0;0;0;0;0;0;0;0;0
1455;beyond.pdf_1455;All functionalities will be implemented using components or even distributed components in a client-server oriented approach.;F;0;1;0;0;0;0;0;0;0;0;0;0;0
1456;beyond.pdf_1456;Because of multimedia capabilities operating system selection is virtually limited to the MS Windows based platform.;F;0;1;0;0;0;0;0;0;0;0;0;0;0
1457;beyond.pdf_1457;The implementations of the context engine with near natural language capabilities, the multiple modality support functions and the speech and graphical interfaces are heavily component based.;F;0;1;0;0;0;0;0;0;0;0;0;0;0
1458;beyond.pdf_1458;The authoring tool provides a set of standard widgets. ;F;0;1;0;0;0;0;0;0;0;0;0;0;0
1459;beyond.pdf_1459;A widget is a graphical entity representing the interface between a user and the application software.;F;0;1;0;0;0;0;0;0;0;0;0;0;0
1460;beyond.pdf_1460;"The set of standard widgets contains widgets of the following types: screen, to define properties for a whole screen; dialog, to provide a container for other widgets, excluding screens; text, to provide a field to display a text string; button, to trigger specific actions on a user request; slider, to show the current state of an analogue value, e.g. volume; picture, to display a bitmap, e.g. a logo.";F;0;1;0;0;0;0;0;0;0;0;0;0;0
1461;beyond.pdf_1461;The authoring tool provides for each project a project repository containing a font definition, a colour palette, bitmap images and strings.;F;0;1;0;0;0;0;0;0;0;0;0;0;0
1462;beyond.pdf_1462;The authoring tool allows the user to manage a palette and its colours. Colours are organised in a palette.;F;0;1;0;0;0;0;0;0;0;0;0;0;0
1463;beyond.pdf_1463;The authoring tool allows the user to import bitmaps from an external source.;F;0;1;0;0;0;0;0;0;0;0;0;0;0
1464;beyond.pdf_1464;The authoring tool allows the user to simulate a user interface on a PC.;F;0;1;0;0;0;0;0;0;0;0;0;0;0
1465;beyond.pdf_1465;The authoring tool provides a complex widget containing a menu structure and a navigation function.;F;0;1;0;0;0;0;0;0;0;0;0;0;0
1466;beyond.pdf_1466;The authoring tool should provide a menu editor. ;F;0;1;0;0;0;0;0;0;0;0;0;0;0
1467;beyond.pdf_1467;This menu editor allows the user to define items in a menu.;F;0;1;0;0;0;0;0;0;0;0;0;0;0
1468;beyond.pdf_1468;The authoring tool allows the user to generate C code for a target platform, e.g. a DVD player.;F;0;1;0;0;0;0;0;0;0;0;0;0;0
1469;beyond.pdf_1469;"The software structure of the firmware should be suitable for adding a ‘UI- interpreter’ (to interprete and visualize the UI code generated by the UI Editor; so a very important component in this project). ";F;0;1;0;0;0;0;0;0;0;0;0;0;0
1470;beyond.pdf_1470;For this aspect we have chosen to add/implement a kind of virtual machine which performs the interaction between the UI-Code and the effective hardware/firmware.;F;0;1;0;0;0;0;0;0;0;0;0;0;0
1471;beyond.pdf_1471;For performance reasons this VM is closely matched with the firmware.;F;0;1;0;0;0;0;0;0;0;0;0;0;0
1472;beyond.pdf_1472;The software (firmware) should be able to control all the available hardware and the hardware state should be accessible to the firmware and be exposed to the UI-Code.;F;0;1;0;0;0;0;0;0;0;0;0;0;0
1473;beyond.pdf_1473;The software architecture of the firmware should allow the extension with additional functionality.;F;0;1;0;0;0;0;0;0;0;0;0;0;0
1474;beyond.pdf_1474;The UI Editor should allow flexible creation and modification of the user interface of the Vetronics application. ;F;0;1;0;0;0;0;0;0;0;0;0;0;0
1475;beyond.pdf_1475;This must be done in an interactive and visual way.;F;0;1;0;0;0;0;0;0;0;0;0;0;0
1476;beyond.pdf_1476;The UI Editor should be able to communicate with the Vetronics hardware, to download the developed UI to the Vetronics system for real use. This communication is done using different kinds of interfacing (Serial port, USB, FireWire, IrDa, CAN). ;F;0;1;0;0;0;0;0;0;0;0;0;0;0
1477;beyond.pdf_1477;This communication module is also needed to obtain the system configuration from the Vector Unit.;F;0;1;0;0;0;0;0;0;0;0;0;0;0
1478;beyond.pdf_1478;The UI Editor should not only allow the management of the UI of the Vetronics application, but should also support definition of the behavior of the Vetronics system through the connection of real actions to UI elements.;F;0;1;0;0;0;0;0;0;0;0;0;0;0
1479;beyond.pdf_1479;The UI Editor itself should be a powerful and user friendly tool. Because we are focussing of Windows-users, the Windows guidelines are taken info account. However, we do not want to obtain the “Designed for Windows ....” Label. It should be compatible with the common versions of Windows (98/ME/2000) and near-future versions.;F;0;1;0;0;0;0;0;0;0;0;0;0;0
1480;beyond.pdf_1480;The UI-Editor should be an open-application so we can add new functionality to support new hardware configurations. ;F;0;1;0;0;0;0;0;0;0;0;0;0;0
1481;beyond.pdf_1481;To obtain this we must create an open framework on which we can Plug-In all functionality we desire.;F;0;1;0;0;0;0;0;0;0;0;0;0;0
1482;beyond.pdf_1482;Optimal Video performance on most popular video signals.;F;0;1;0;0;0;0;0;0;0;0;0;0;0
1483;beyond.pdf_1483;The firmware should allow extensions of the functionality.;F;0;1;0;0;0;0;0;0;0;0;0;0;0
1484;beyond.pdf_1484;The software structure of the firmware should be suitable for adding a ‘UI- interpreter’ (to interpret and visualize the UI code generated by the UI Editor). ;F;0;1;0;0;0;0;0;0;0;0;0;0;0
1485;beyond.pdf_1485;This UI-Interpreter has now a more concrete form by means of the dedicated Virtual Machine.;F;0;1;0;0;0;0;0;0;0;0;0;0;0
1486;beyond.pdf_1486;The UI interpreter (=VM) should show a “start menu” (defined in the UI by the UI Editor) when the system is powered up. ;F;0;1;0;0;0;0;0;0;0;0;0;0;0
1487;beyond.pdf_1487;This start menu is the root item for the complete UI-menu tree.;F;0;1;0;0;0;0;0;0;0;0;0;0;0
1488;beyond.pdf_1488;The UI interpreter should interpret the downloaded UI code to navigate through the menus and perform defined actions. ;F;0;1;0;0;0;0;0;0;0;0;0;0;0
1489;beyond.pdf_1489;Because of the event driven firmware, the UI is built on Event-Action associations.;F;0;1;0;0;0;0;0;0;0;0;0;0;0
1490;beyond.pdf_1490;The UI interpreter should control the interference between the defined UI and the environmental conditions, such as overruling user-defined UI elements and actions by an “emergency” UI and behavior. ;F;0;1;0;0;0;0;0;0;0;0;0;0;0
1491;beyond.pdf_1491;This is the decision-agent we need for content prioritization.;F;0;1;0;0;0;0;0;0;0;0;0;0;0
1492;beyond.pdf_1492;The UI Editor should allow the user to create/modify menus. ;F;0;1;0;0;0;0;0;0;0;0;0;0;0
1493;beyond.pdf_1493;Menus are in fact the combination of Overlay (OSD and Symbol Generator), HotSpot zones and Event-Action Associations.;F;0;1;0;0;0;0;0;0;0;0;0;0;0
1494;beyond.pdf_1494;The UI Editor should enable the user to associate an event to an action as defined in the previous point. ;F;0;1;0;0;0;0;0;0;0;0;0;0;0
1495;beyond.pdf_1495;An event-driven approach is envisioned in the first prototype to evaluate its feasibility. Hereby the VM must support this event-driven approach and act as a transparent link between the generated UI-code and the hardware.;F;0;1;0;0;0;0;0;0;0;0;0;0;0
1496;beyond.pdf_1496;The UI Editor should also dispose of a facility to associate an event to more than one action. ;F;0;1;0;0;0;0;0;0;0;0;0;0;0
1497;beyond.pdf_1497;This extension of the event-driven approach raises design issues to be tackled.;F;0;1;0;0;0;0;0;0;0;0;0;0;0
1498;beyond.pdf_1498;The UI Editor should provide a compile step to generate code on the development platform. ;F;0;1;0;0;0;0;0;0;0;0;0;0;0
1499;beyond.pdf_1499;The Editor also allows downloading the generated code in the embedded Vetronics system (where it will be interpreted by the firmware).;F;0;1;0;0;0;0;0;0;0;0;0;0;0
1500;beyond.pdf_1500;This is the way the OffLine adaptivity of the Vetronics system is based on.;F;0;1;0;0;0;0;0;0;0;0;0;0;0
1501;beyond.pdf_1501;In general, the UI Editor should be a user friendly and powerful development tool. This requires:  attention for visualization and simulation issues (WYSIWYG approach, e.g. Visualization of the designed UI, menus, icons, Simulating navigation etc.), the Windows guidelines should be followed, attention for visualization and simulation issues (WYSIWYG approach, e.g. visualization of the designed UI, menus, icons, Simulating navigation etc.), the Windows guidelines should be followed, attention for solutions that speed up the development of the UI (e.g. investigate the use of drag-and-drop tools such as in the context of action definition), attention for solutions that speed up the development of the UI (e.g. investigate the use of drag-and-drop tools such as in the context of action definition).;F;0;1;0;0;0;0;0;0;0;0;0;0;0
1502;beyond.pdf_1502;Tree-Type overview looks very familiar to most users, might seem complicated at first sight, it gives fast access to all modalities of the editor;F;0;1;0;0;0;0;0;0;0;0;0;0;0
1503;beyond.pdf_1503;An important usability requirement with respect to the UI-Editor is the WYSIWYG layout using the Windows Guidelines. ;F;0;1;0;0;0;0;0;0;0;0;0;0;0
1504;beyond.pdf_1504;The hardware layout is always visible during development.;F;0;1;0;0;0;0;0;0;0;0;0;0;0
1505;beyond.pdf_1505;But, this layout is now very static, it does not provide the ability to modify the layout (e.g. button layout) towards the real application.;F;0;1;0;0;0;0;0;0;0;0;0;0;0
1506;beyond.pdf_1506;Also derived Vetronics products, with different housing, LCD, ... are not covered.;F;0;1;0;0;0;0;0;0;0;0;0;0;0
1507;beyond.pdf_1507;Communication ports are statically implemented into the editor. When new hardware is available, a lot of additional implementation work has to be done to support the hardware (e.g. CAN-bus, USB, ...).;F;0;1;0;0;0;0;0;0;0;0;0;0;0
1508;beyond.pdf_1508;The complete UI-Editor has to be updated if modifications are made. ;F;0;1;0;0;0;0;0;0;0;0;0;0;0
1509;beyond.pdf_1509;This is an anomaly when we want to give support/updates via the Internet.;F;0;1;0;0;0;0;0;0;0;0;0;0;0
1510;beyond.pdf_1510;Finally we concluded that the prototype met its functional requirements, but it was too static.;F;0;1;0;0;0;0;0;0;0;0;0;0;0
1511;beyond.pdf_1511;From our hardware development and customer requirements we had learned that all have very specific needs concerning not only on User Interface but also real Hardware Interfacing to several peripherals.;F;0;1;0;0;0;0;0;0;0;0;0;0;0
1512;beyond.pdf_1512;So we must be able to support this wide (and growing) range of interfacing capabilities of our Vetronics hardware in our UI-Editor as kind of Plug-Ins. ;F;0;1;0;0;0;0;0;0;0;0;0;0;0
1513;beyond.pdf_1513;For each roadway network it maintains, the Center shall provide the following information: network identifier, network name, number of links in the network, number of nodes in the network, network identifier, network name, number of links in the network, number of nodes in the network, list of link data, list of node data.;F;0;1;0;0;0;0;0;0;0;0;0;0;0
1514;beyond.pdf_1514;The authoring tool provides a set of standard widgets. ;F;0;1;0;0;0;0;0;0;0;0;0;0;0
1515;beyond.pdf_1515;A widget is a graphical entity representing the interface between a user and the application software. ;F;0;1;0;0;0;0;0;0;0;0;0;0;0
1516;beyond.pdf_1516;The authoring tool provides for each project a project repository containing a font definition, a colour palette, bitmap images and strings.;F;0;1;0;0;0;0;0;0;0;0;0;0;0
1517;beyond.pdf_1517;The authoring tool should allow easy modification of the behaviour of user interfaces.;F;0;1;0;0;0;0;0;0;0;0;0;0;0
1518;beyond.pdf_1518;The authoring tool should support easy development of adaptive user interfaces.;F;0;1;0;0;0;0;0;0;0;0;0;0;0
1519;beyond.pdf_1519;The authoring tool should allow the functional requirements specification of the next generation of consumer products to be developed in a much faster and efficient manner.;F;0;1;0;0;0;0;0;0;0;0;0;0;0
1520;elsfork.pdf_1520;The communication system shall be based on open and widely accepted methods with a high degree of interface possibilities. ;F;0;1;0;0;0;0;0;0;0;0;0;0;0
1521;elsfork.pdf_1521;The system shall be robust and reliable, but the system shall not be used for the safe and secure operation of the plant.;NFR;1;0;0;0;0;0;0;0;0;0;0;0;0
1522;elsfork.pdf_1522;Faults in the communication system shall not cause malfunction of an individual wind turbine.;F;0;1;0;0;0;0;0;0;0;0;0;0;0
1523;elsfork.pdf_1523; The system shall be designed in a way that faults of a sub-system interferes as little as possible with functions of the communi- cation system as a whole.;F;0;1;0;0;0;0;0;0;0;0;0;0;0
1524;elsfork.pdf_1524;In designing the system it shall be taken into account, that the physical environment at the plant typically has a wide span of temperature, moisture, salinity and vibration levels.;F;0;1;0;0;0;0;0;0;0;0;0;0;0
1525;elsfork.pdf_1525;Secondary systems may be for example Beacons (sea and air), Fire protection, Emergency alarm, Intruder alarm, Power supplies and emergency power systems, Meteorological sta- tions, Safety systems for personnel, Data logger systems and Condition monitoring. ;F;0;1;0;0;0;0;0;0;0;0;0;0;0
1526;elsfork.pdf_1526;Condition monitoring will be very important for offshore wind farms and it will be a standard function in all larger wind turbines.;F;0;1;0;0;0;0;0;0;0;0;0;0;0
1527;elsfork.pdf_1527;The values shall be available for display on operator HMI as well as for storage (databases). ;F;0;1;0;0;0;0;0;0;0;0;0;0;0
1528;elsfork.pdf_1528;Updating of values shall be selectable down to an interval of 1 sec.;F;0;1;0;0;0;0;0;0;0;0;0;0;0
1529;elsfork.pdf_1529;All data must be stored in the plant controller for transmission on demand.;F;0;1;0;0;0;0;0;0;0;0;0;0;0
1530;elsfork.pdf_1530;Transfer of data from the buffers may be carried out off-line without synchronism with real-time.;F;0;1;0;0;0;0;0;0;0;0;0;0;0
1531;elsfork.pdf_1531;A verbal dialogue system (e.g. telephone) is essential for contacts between operation and maintenance personnel in the wind power plant and the control centre operator. ;F;0;1;0;0;0;0;0;0;0;0;0;0;0
1532;elsfork.pdf_1532;Video com- munication may also facilitate the co-operation between field personnel and control centre personnel.;F;0;1;0;0;0;0;0;0;0;0;0;0;0
1533;elsfork.pdf_1533;Video may also be used for supervision of equipment.;F;0;1;0;0;0;0;0;0;0;0;0;0;0
1534;elsfork.pdf_1534;As stated in Section 2.2 the main objective for the communication system is to transfer data to and from the process/plant level. ;F;0;1;0;0;0;0;0;0;0;0;0;0;0
1535;elsfork.pdf_1535;The overall purpose is to support the functions described in Section 4.;F;0;1;0;0;0;0;0;0;0;0;0;0;0
1536;elsfork.pdf_1536;In order to accomplish this the basic services of the communication system shall include the following: Connection establishment and release. Authentication. Identification of functional object and devices. Data access and transfer. Reliable communication over a network.;F;0;1;0;0;0;0;0;0;0;0;0;0;0
1537;elsfork.pdf_1537;Data can be transferred according to one of the following principles: A. Periodic data transfer (all data or only data that has changed since last transfer), B. Data transfer on demand, C. Event driven (spontaneuos) data transfer, D. Command transfer, E. Set point transfer.;F;0;1;0;0;0;0;0;0;0;0;0;0;0
1538;elsfork.pdf_1538;The following kinds of data need to be supported: I. Measurements/analogue data (signals) from the wind power plant, II. Set points sent to the wind power plant, III. Binary Signals/Status data from the wind power plant, IV. Binary control commands to the wind power plant, V. Alarms, VI. Events, VII. Counters, VIII. Timers, IX.Data structures, X. Time series data, XI. Short text messages, XII. Flat files.;F;0;1;0;0;0;0;0;0;0;0;0;0;0
1539;elsfork.pdf_1539;Data are either polled at the node (the wind turbine) or periodic and automatic sent out from the node (periodic broadcast and event driven transfer). ;F;0;1;0;0;0;0;0;0;0;0;0;0;0
1540;elsfork.pdf_1540;The important requirement is the ‘scanning rate’ (maximum delay).;F;0;1;0;0;0;0;0;0;0;0;0;0;0
1541;elsfork.pdf_1541;Historical data, counter’s and log’s are transferred on demand (a request is sent to the wind turbine and the information is send back).;F;0;1;0;0;0;0;0;0;0;0;0;0;0
1542;elsfork.pdf_1542;Alarm data shall be sent from the wind turbine on occurrence.;F;0;1;0;0;0;0;0;0;0;0;0;0;0
1543;elsfork.pdf_1543;Setting data in the wind turbine and giving orders to the wind turbine are sent to the wind turbine when needed.;F;0;1;0;0;0;0;0;0;0;0;0;0;0
1544;elsfork.pdf_1544;It should be possible to time stamp all data. ;F;0;1;0;0;0;0;0;0;0;0;0;0;0
1545;elsfork.pdf_1545;Time stamped data shall be stamped with ‘last updated date + time’ (UTC time).;F;0;1;0;0;0;0;0;0;0;0;0;0;0
1546;elsfork.pdf_1546;The accuracy and resolution of the timestamp should be at least 10 ms.;F;0;1;0;0;0;0;0;0;0;0;0;0;0
1547;elsfork.pdf_1547;All analogue measured values should have readable properties like ‘signal quality’ and ‘scanning rate’. ;F;0;1;0;0;0;0;0;0;0;0;0;0;0
1548;elsfork.pdf_1548;This information does not have to be included with every data transfer.;F;0;1;0;0;0;0;0;0;0;0;0;0;0
1549;elsfork.pdf_1549;The averaging time and the measuring and averaging method should be documented for all data.;F;0;1;0;0;0;0;0;0;0;0;0;0;0
1550;elsfork.pdf_1550;It should be possible to group both analogue and binary values so they can be read in a single transaction.;F;0;1;0;0;0;0;0;0;0;0;0;0;0
1551;elsfork.pdf_1551;Remote monitoring and operation of devices requires strict security measures for several rea- sons.;NFR;1;0;0;0;0;0;0;0;0;0;0;0;0
1552;elsfork.pdf_1552;To protect the data from being stolen, corrupted, and intentionally falsified, to protect the device from unauthorised use or to preserve the privacy of monitoring data.;NFR;1;0;0;0;0;0;0;0;0;0;0;0;0
1553;elsfork.pdf_1553;To enforce these security requirements the following functionality is needed: Authentication, Data Integrity and Data Confidentiality.;NFR;1;0;0;0;0;0;0;0;0;0;0;0;0
1554;elsfork.pdf_1554;Server authentication shall ensure the client application that it is truly operating on the in- tended site.;NFR;1;0;0;0;0;0;0;0;0;0;0;0;0
1555;elsfork.pdf_1555;Client authentication ensures that an authorised client/operator is operating the equipment.;NFR;1;0;0;0;0;0;0;0;0;0;0;0;0
1556;elsfork.pdf_1556;The rights for each user to operate functions and to see data on different levels in the object hierarchy might be necessary to set.;NFR;1;0;0;0;0;0;0;0;0;0;0;0;0
1557;elsfork.pdf_1557;In that way all users can have relevant access to the sys- tem and get updated information from the wind power plants.;F;0;1;0;0;0;0;0;0;0;0;0;0;0
1558;elsfork.pdf_1558;Non-corruption of data transferred is necessary, i.e. the ability of a communication system to deliver data from its originator to its destination with an acceptable residual error rate. ;NFR;1;0;0;0;0;0;0;0;0;0;0;0;0
1559;elsfork.pdf_1559;This prevents both malicious and false operation.;NFR;1;0;0;0;0;0;0;0;0;0;0;0;0
1560;elsfork.pdf_1560;Data items transferred might need to be encrypted to prevent both malicious and false opera- tion, as well as eavesdropping.;NFR;1;0;0;0;0;0;0;0;0;0;0;0;0
1561;elsfork.pdf_1561;The response times of most operational functions and, therefore, of the related communication does not need to be much faster than one second (human time scale). ;F;0;1;0;0;0;0;0;0;0;0;0;0;0
1562;elsfork.pdf_1562;System management functions, which shall be available for the operators and control systems, are of low time criti- cal nature.;F;0;1;0;0;0;0;0;0;0;0;0;0;0
1563;elsfork.pdf_1563;Delay in execution of these functions however should not be more than 2 seconds. ;F;0;1;0;0;0;0;0;0;0;0;0;0;0
1564;elsfork.pdf_1564;Regarding safety of persons, plant and electric network, the communication system shall not be of critical nature.;F;0;1;0;0;0;0;0;0;0;0;0;0;0
1565;elsfork.pdf_1565;No functions regarding safety of persons shall be based on the communi- cation system.;F;0;1;0;0;0;0;0;0;0;0;0;0;0
1566;elsfork.pdf_1566;No functions regarding safety of plant and electrical network shall be based on the communication system – all safety functions must be self-contained in the process or in the devices where systems interface and will trip automatically. ;F;0;1;0;0;0;0;0;0;0;0;0;0;0
1567;elsfork.pdf_1567;In situations where the com- munication system is completely inaccessible, the plant may be forced to a shutdown by al- ternative means.;F;0;1;0;0;0;0;0;0;0;0;0;0;0
1568;elsfork.pdf_1568;Regarding optimisation of the operation, the communication system has a major role. ;F;0;1;0;0;0;0;0;0;0;0;0;0;0
1569;elsfork.pdf_1569;The time critical functions include both control and supervision functions.;F;0;1;0;0;0;0;0;0;0;0;0;0;0
1570;elsfork.pdf_1570;Set points for power control and Start and Stop commands are the most time critical functions, but also a prompt response (Acknowledge-on-receive) is important.;F;0;1;0;0;0;0;0;0;0;0;0;0;0
1571;elsfork.pdf_1571;Periodic on-line operational data is essen- tial for the optimisation of the operation.;F;0;1;0;0;0;0;0;0;0;0;0;0;0
1572;elsfork.pdf_1572;Finally the operator need to know the status of the communication system to be able to rely on the presented data.;F;0;1;0;0;0;0;0;0;0;0;0;0;0
1573;elsfork.pdf_1573;The time critical functions shall use short messages with a high priority.;F;0;1;0;0;0;0;0;0;0;0;0;0;0
1574;elsfork.pdf_1574;Data-wise the mes- sages shall be small and shall be transmitted with a minimum of delay.;F;0;1;0;0;0;0;0;0;0;0;0;0;0
1575;elsfork.pdf_1575;Delays may occur due to transmission errors, low capacity or low bandwidth of the transport media or network faults. ;F;0;1;0;0;0;0;0;0;0;0;0;0;0
1576;elsfork.pdf_1576;It is essential for the proper design of the communication system to select methods that minimise such properties.;F;0;1;0;0;0;0;0;0;0;0;0;0;0
1577;elsfork.pdf_1577;Time critical functions must be based on fast and reliable transmission of a number of se- lected data types. ;F;0;1;0;0;0;0;0;0;0;0;0;0;0
1578;elsfork.pdf_1578;An example of a typical requirement regarding delays for these data is as follows:“The overall transfer time for services in time critical functions shall not be more than 0,5 seconds.”;F;0;1;0;0;0;0;0;0;0;0;0;0;0
1579;elsfork.pdf_1579;Reliability in the sense that data can be retransmitted, reconstructed, or reprocessed if lost or inaccessible of some reason is essential. ;F;0;1;0;0;0;0;0;0;0;0;0;0;0
1580;elsfork.pdf_1580;Data may be inaccessible e.g. because of faults in the process (plant), faults in data transport or faults in data processing units. ;F;0;1;0;0;0;0;0;0;0;0;0;0;0
1581;elsfork.pdf_1581;For most data it must be possible to restore information, including the sequence of events.;F;0;1;0;0;0;0;0;0;0;0;0;0;0
1582;elsfork.pdf_1582;Local procedures for recovery may incorporate redundancy of selected functions and backup of data. ;NFR;1;0;0;0;0;0;0;0;0;0;0;0;0
1583;elsfork.pdf_1583;The commu- nication system shall include functionality to transfer stored data to central storage and proc- essing after restoration of the communication.;F;0;1;0;0;0;0;0;0;0;0;0;0;0
1584;elsfork.pdf_1584;To prevent interruptions in the data transfer, the communication system shall allow for redun- dant communication channels.;F;0;1;0;0;0;0;0;0;0;0;0;0;0
1585;elsfork.pdf_1585;Processing of data may be carried out simultaneously on more units.;F;0;1;0;0;0;0;0;0;0;0;0;0;0
1586;elsfork.pdf_1586;Automatic procedures for detection of communication faults and for managing redun- dancy of system components shall be established. ;F;0;1;0;0;0;0;0;0;0;0;0;0;0
1587;elsfork.pdf_1587;The physical transport media should possi- bly be redundant to a certain degree depending on the conditions at the specific plant.;F;0;1;0;0;0;0;0;0;0;0;0;0;0
1588;elsfork.pdf_1588;There must be a way for existing plants to interface to a new communication system. ;F;0;1;0;0;0;0;0;0;0;0;0;0;0
1589;elsfork.pdf_1589;The expected solution to interface systems using proprietary methods for communication, e.g. manufacturer-specified protocols or customer-specified protocols, to new communication systems is to use gateways.;F;0;1;0;0;0;0;0;0;0;0;0;0;0
1590;elsfork.pdf_1590;The interface to existing plants will provide a subset of the functions and data specified in this Specification.;F;0;1;0;0;0;0;0;0;0;0;0;0;0
1591;elsfork.pdf_1591;It should however as far as possible be able to present data on the same HMI and provide as many data as possible for the system databases.;F;0;1;0;0;0;0;0;0;0;0;0;0;0
1592;elsfork.pdf_1592;Each wind power plant shall have defined the total set of data, the naming, the type and de- fault value of the data according to this specification. ;F;0;1;0;0;0;0;0;0;0;0;0;0;0
1593;elsfork.pdf_1593;Each device or object shall be self-descriptive (generic part) and the system has to have a function to extract the information contained in the wind power plants objects. ;F;0;1;0;0;0;0;0;0;0;0;0;0;0
1594;elsfork.pdf_1594;It shall be possible to issue an identify request and get a list of all objects in a wind power plant, their names and possibly a short description for each object.;NFR;1;0;0;0;0;0;0;0;0;0;0;0;0
1595;elsfork.pdf_1595;It should be possible to get the attributes and services for each object.;F;0;1;0;0;0;0;0;0;0;0;0;0;0
1596;elsfork.pdf_1596;The list should at minimum include, Name, Type/Kind, Unit, Time requirements, and possibly a short Description.;F;0;1;0;0;0;0;0;0;0;0;0;0;0
1597;elsfork.pdf_1597;For the HMI such information shall be contained in the device using standard readable text, such as ASCII or Unicode (UTF16) (at least optional in the language of the opera- tor). ;F;0;1;0;0;0;0;0;0;0;0;0;0;0
1598;elsfork.pdf_1598;The presentation of the information itself is out of the scope of this specification.;F;0;1;0;0;0;0;0;0;0;0;0;0;0
1599;elsfork.pdf_1599;At least for default naming a hierarchical name structure and an object data dictionary specialised for wind power plants should be used.;F;0;1;0;0;0;0;0;0;0;0;0;0;0
1600;elsfork.pdf_1600;During data transmission the message should at least include the following parts: Name, Value(s), Scan frequency, Time tag and Quality.;F;0;1;0;0;0;0;0;0;0;0;0;0;0
1601;elsfork.pdf_1601;Communication and objects in the wind power plant shall be object based. ;F;0;1;0;0;0;0;0;0;0;0;0;0;0
1602;elsfork.pdf_1602;Gear and generator could, for instance, be separate objects.;F;0;1;0;0;0;0;0;0;0;0;0;0;0
1603;elsfork.pdf_1603; Each including measurements, calculated data, and control services.;F;0;1;0;0;0;0;0;0;0;0;0;0;0
1604;elsfork.pdf_1604;The system shall be able to manage naming of objects and variables (meas- urements, etc) in a hierarchical naming system in several levels.;F;0;1;0;0;0;0;0;0;0;0;0;0;0
1605;elsfork.pdf_1605;All analogue process values shall be accessible in standard SI-units or other physical units. ;F;0;1;0;0;0;0;0;0;0;0;0;0;0
1606;elsfork.pdf_1606;Analogue values “at the source” shall be available as real-time on-line instant data as well as time averaged values.;F;0;1;0;0;0;0;0;0;0;0;0;0;0
1607;elsfork.pdf_1607;The values shall be available for display on operator HMI as well as for storage (databases). Updating of analogue on-line values shall be selectable down to an inter- val of 1 sec.;F;0;1;0;0;0;0;0;0;0;0;0;0;0
1608;elsfork.pdf_1608;All averaged values must be stored in the plant controller for retransmission on demand.;F;0;1;0;0;0;0;0;0;0;0;0;0;0
1609;elsfork.pdf_1609;For averaged values the accuracy of the start time of the period shall be better than 10 ms.;F;0;1;0;0;0;0;0;0;0;0;0;0;0
1610;elsfork.pdf_1610;Some process values are not required as measurements directly at the source. ;F;0;1;0;0;0;0;0;0;0;0;0;0;0
1611;elsfork.pdf_1611;The values shall be accessible as processed data in a condensed and analysed format.;F;0;1;0;0;0;0;0;0;0;0;0;0;0
1612;elsfork.pdf_1612;This for instance is the case for condition monitoring of components such as gearbox bearings.;F;0;1;0;0;0;0;0;0;0;0;0;0;0
1613;elsfork.pdf_1613;Values for local functions could be sent as set points. ;NFR;1;0;0;0;0;0;0;0;0;0;0;0;0
1614;elsfork.pdf_1614;A confirmation of the set point update is required.;F;0;1;0;0;0;0;0;0;0;0;0;0;0
1615;elsfork.pdf_1615;All binary process values shall be accessible. ;F;0;1;0;0;0;0;0;0;0;0;0;0;0
1616;elsfork.pdf_1616;Binary values shall be available as real-time on- line instant data.;F;0;1;0;0;0;0;0;0;0;0;0;0;0
1617;elsfork.pdf_1617;The values shall be available for display on operator HMI as well as for stor- age (databases).;F;0;1;0;0;0;0;0;0;0;0;0;0;0
1618;elsfork.pdf_1618;The values shall be stored and displayed at level shift with the corresponding date and time tag. ;F;0;1;0;0;0;0;0;0;0;0;0;0;0
1619;elsfork.pdf_1619;Updating of binary on-line values shall be selectable down to an interval of 1 sec.;F;0;1;0;0;0;0;0;0;0;0;0;0;0
1620;elsfork.pdf_1620;A handshake procedure is required for all commands that start or stop a mechanical compo- nent, influence the status or operation mode of the wind turbine or change the software. ;NFR;1;0;0;0;0;0;0;0;0;0;0;0;0
1621;elsfork.pdf_1621;All other control commands shall give a response with the result of the command.;F;0;1;0;0;0;0;0;0;0;0;0;0;0
1622;elsfork.pdf_1622;The binary commands may also include activation and deactivation of programs and parame- ter changes.;F;0;1;0;0;0;0;0;0;0;0;0;0;0
1623;elsfork.pdf_1623;Operational alarms must be transmitted immediately after a triggering. ;F;0;1;0;0;0;0;0;0;0;0;0;0;0
1624;elsfork.pdf_1624;A triggering is typi- cally initiated at any event that results in an automatic stop of the wind turbine, any event that causes an emergency stop or any other alarm-causing event.;F;0;1;0;0;0;0;0;0;0;0;0;0;0
1625;elsfork.pdf_1625;The alarms shall be available for display on operator HMI as well as for storage (databases).;F;0;1;0;0;0;0;0;0;0;0;0;0;0
1626;elsfork.pdf_1626;Operational events must be stored in an event log in the plant controller for transmission on demand.;F;0;1;0;0;0;0;0;0;0;0;0;0;0
1627;elsfork.pdf_1627;Counters shall be understood as any value accumulated in time originating in the process such as hour counters, production counters, counters for operational modes, timer’s etc.;F;0;1;0;0;0;0;0;0;0;0;0;0;0
1628;elsfork.pdf_1628;Counters shall be available for display on operator HMI as well as for storage (databases).;F;0;1;0;0;0;0;0;0;0;0;0;0;0
1629;elsfork.pdf_1629;The values shall be stored with a corresponding date and time tag.;F;0;1;0;0;0;0;0;0;0;0;0;0;0
1630;elsfork.pdf_1630;Updating of counters shall be select- able down to an interval of 1 sec. ;F;0;1;0;0;0;0;0;0;0;0;0;0;0
1631;elsfork.pdf_1631;All values must be stored in the plant controller for trans- mission on demand.;F;0;1;0;0;0;0;0;0;0;0;0;0;0
1632;elsfork.pdf_1632;The timers make it possible to determine the time for the important states in the wind turbine, e.g. Generator on-time, Yawing time and Free to operate time. ;NFR;1;0;0;0;0;0;0;0;0;0;0;0;0
1633;elsfork.pdf_1633;It should be possible to reset all the timers and the ‘Reset date’ shall be stored as a separate item.;F;0;1;0;0;0;0;0;0;0;0;0;0;0
1634;elsfork.pdf_1634;Data values can be grouped based on logical relationships between the data, as chronologi- cally ordered data, as text etc. ;F;0;1;0;0;0;0;0;0;0;0;0;0;0
1635;elsfork.pdf_1635;This section includes a description of different ways to put to- gether sets of data.;F;0;1;0;0;0;0;0;0;0;0;0;0;0
1636;elsfork.pdf_1636;Data structures typically include several kinds of related data, for example the description of an object.;F;0;1;0;0;0;0;0;0;0;0;0;0;0
1637;elsfork.pdf_1637;Time series data are time based data values for a specific object attribute, for example sam- pled data, metering data, etc.;F;0;1;0;0;0;0;0;0;0;0;0;0;0
1638;elsfork.pdf_1638;It should be possible to exchange text messages between the wind power plant and the control centre using standard readable text, such as ASCII or Unicode (UTF16).;F;0;1;0;0;0;0;0;0;0;0;0;0;0
1639;elsfork.pdf_1639;Typically files will be used for upload and download of programs etc.;F;0;1;0;0;0;0;0;0;0;0;0;0;0
1640;elsfork.pdf_1640;The examples in this section are included for informative purpose.;F;0;1;0;0;0;0;0;0;0;0;0;0;0
1641;elsfork.pdf_1641;Requirements on local data storage and handling do not effect the communication solution.;F;0;1;0;0;0;0;0;0;0;0;0;0;0
1642;elsfork.pdf_1642;Selected analogue values shall be stored in FIFO-buffers. ;F;0;1;0;0;0;0;0;0;0;0;0;0;0
1643;elsfork.pdf_1643;The sampling rate of analogue val- ues shall be high enough to characterise events and to determine the cause of faults.;F;0;1;0;0;0;0;0;0;0;0;0;0;0
1644;elsfork.pdf_1644;A typical sampling rate could be 25 Hz.;F;0;1;0;0;0;0;0;0;0;0;0;0;0
1645;elsfork.pdf_1645;The size of the buffers for analogue values shall correspond to a time span starting at 1 minute before a triggering and ending at 1 minute after a triggering. ;F;0;1;0;0;0;0;0;0;0;0;0;0;0
1646;elsfork.pdf_1646;A triggering is initiated at any event that results in an automatic stop of the wind turbine, any event that causes an emer- gency stop, or any manual stop command (local or remote request).;NFR;1;0;0;0;0;0;0;0;0;0;0;0;0
1647;elsfork.pdf_1647;Additionally it shall be possible to start a scanning of selected analogue values at a sampling rate up to 25 Hz and a selectable duration. The entire mentioned high rate scanning must be stored in the plant controller. ;F;0;1;0;0;0;0;0;0;0;0;0;0;0
1648;elsfork.pdf_1648;The entire mentioned high rate scanning must be stored in the plant controller.;F;0;1;0;0;0;0;0;0;0;0;0;0;0
1649;elsfork.pdf_1649;Transfer of data in the buffers shall be carried out without syn- chronism with real-time.;F;0;1;0;0;0;0;0;0;0;0;0;0;0
1650;elsfork.pdf_1650;All binary values must be stored in the plant controller for retransmission on demand. ;F;0;1;0;0;0;0;0;0;0;0;0;0;0
1651;elsfork.pdf_1651;Additionally it shall be possible to start a scanning of selected binary values at a selectable duration.;NFR;1;0;0;0;0;0;0;0;0;0;0;0;0
1652;elsfork.pdf_1652;All the mentioned scanning must be stored in the plant controller. ;F;0;1;0;0;0;0;0;0;0;0;0;0;0
1653;elsfork.pdf_1653;Transfer of data in the buffers shall be carried out without synchronism with real-time.;F;0;1;0;0;0;0;0;0;0;0;0;0;0
1654;elsfork.pdf_1654;Alarms must be stored in an alarm log. ;NFR;1;0;0;0;0;0;0;0;0;0;0;0;0
1655;elsfork.pdf_1655;All alarms must be stored in the plant controller for transmission on demand.;F;0;1;0;0;0;0;0;0;0;0;0;0;0
1656;elsfork.pdf_1656;The buffer depth shall be at least one year. ;F;0;1;0;0;0;0;0;0;0;0;0;0;0
1657;elsfork.pdf_1657;Transfer of data in the buffer shall be carried out without synchronism with real-time.;F;0;1;0;0;0;0;0;0;0;0;0;0;0
1658;elsfork.pdf_1658;The buffer depth of the event log shall be at least one year. ;F;0;1;0;0;0;0;0;0;0;0;0;0;0
1659;elsfork.pdf_1659;Transfer of data in the buffer shall be carried out without synchronism with real-time.;F;0;1;0;0;0;0;0;0;0;0;0;0;0
1660;elsfork.pdf_1660;The buffer size for every counter shall be at least 20 years of operation with 5000 full load hours per year.;F;0;1;0;0;0;0;0;0;0;0;0;0;0
1661;elsfork.pdf_1661;The physical transmission media could be any media, such as direct phone connection (e.g. ISDN or analogue), Internet, GSM, or radio link.;F;0;1;0;0;0;0;0;0;0;0;0;0;0
1662;elsfork.pdf_1662;The network is based on Ethernet standards and procedures.;F;0;1;0;0;0;0;0;0;0;0;0;0;0
1663;elsfork.pdf_1663;The network shall operate on TCP/IP- standards and procedures.;F;0;1;0;0;0;0;0;0;0;0;0;0;0
1664;elsfork.pdf_1664;The system shall allow for several protocols and procedures simultaneously on the same network, e.g. file-transfer shall be possible on the same network simultaneously with data transfer to/from wind turbines.;F;0;1;0;0;0;0;0;0;0;0;0;0;0
1665;elsfork.pdf_1665;At each physical location in the network a number of nodes shall be defined. E.g. at a single wind turbine, more than one individual address may be needed to connect to different subsystems.;F;0;1;0;0;0;0;0;0;0;0;0;0;0
1666;elsfork.pdf_1666;Establishment, maintenance and release of connections/associations are to be handled by the communication system.;F;0;1;0;0;0;0;0;0;0;0;0;0;0
1667;elsfork.pdf_1667;The communication system should guarantee with a specified availability that messages are received in the same order as they are sent.;F;0;1;0;0;0;0;0;0;0;0;0;0;0
1668;elsfork.pdf_1668;Message priority may be needed in case of limited capacity.;F;0;1;0;0;0;0;0;0;0;0;0;0;0
1669;elsfork.pdf_1669;Flow control and error control may be provided.;F;0;1;0;0;0;0;0;0;0;0;0;0;0
1670;esa.pdf_1670;The APAF system shall acquire from ESOC the telemetry data of the ASPERA-3 Experiment and Mars Express Orbit/Attitude.;F;0;1;0;0;0;0;0;0;0;0;0;0;0
1671;esa.pdf_1671;The APAF system shall process all ASPERA-3 science data into IDFS data sets.;F;0;1;0;0;0;0;0;0;0;0;0;0;0
1672;esa.pdf_1672;The APAF system shall process the engineering and ancillary information necessary for calibration and science validation into IDFS data sets.;F;0;1;0;0;0;0;0;0;0;0;0;0;0
1673;esa.pdf_1673;Intermediate files of cleaned-up ASPERA-3 and MEX OA telemetry shall be generated in the event that cleaned-up telemetry is not provided by ESOC.;F;0;1;0;0;0;0;0;0;0;0;0;0;0
1674;esa.pdf_1674;Any APAF-generated intermediate files of ASPERA-3 and MEX OA cleaned-up telemetry shall be stored on a local SwRI archive.;F;0;1;0;0;0;0;0;0;0;0;0;0;0
1675;esa.pdf_1675;Web-based displays defined by the ASPERA-3 team shall be provided where any available ASPERA-3 data (as opposed to just the most current) can be used for science analysis.;F;0;1;0;0;0;0;0;0;0;0;0;0;0
1676;esa.pdf_1676;The ASPERA-3 and MEX OA telemetry data shall be stored on a local SwRI archive.;F;0;1;0;0;0;0;0;0;0;0;0;0;0
1677;esa.pdf_1677;The ASPERA-3 and MEX OA IDFS data sets shall be stored on a local SwRI archive.;F;0;1;0;0;0;0;0;0;0;0;0;0;0
1678;esa.pdf_1678;Web-based displays of the most current ASPERA-3 data shall be provided for public view.;F;0;1;0;0;0;0;0;0;0;0;0;0;0
1679;esa.pdf_1679;The web-based displays defined by the ASPERA-3 team to be used for science analysis shall be password protected until the ASPERA-3 data is made public.;NFR;1;0;0;0;0;0;0;0;0;0;0;0;0
1680;esa.pdf_1680;APAF-FR-09 The APAF ground data system shall have built-in error handling.;F;0;1;0;0;0;0;0;0;0;0;0;0;0
1681;esa.pdf_1681;ASPERA-3 and MEX OA IDFS data and any APAF-generated intermediate files of ASPERA-3 and MEX OA cleaned-up telemetry shall be provided to all ASPERA-3 Co-I’s.;F;0;1;0;0;0;0;0;0;0;0;0;0;0
1682;esa.pdf_1682;IDFS data access software developed by SwRI shall be made available to the ASPERA-3 Co-I’s.;F;0;1;0;0;0;0;0;0;0;0;0;0;0
1683;esa.pdf_1683;Science analysis software developed by SwRI to analyze IDFS-formatted data shall be made available to the ASPERA-3 Co-I’s.;F;0;1;0;0;0;0;0;0;0;0;0;0;0
1684;esa.pdf_1684;The APAF system web server shall be password protected where appropriate to allow only pertinent ASPERA-3 team members access.;NFR;1;0;0;0;0;0;0;0;0;0;0;0;0
1685;esa.pdf_1685;There shall be a UNIX-based APAF system production computer with an archival system.;F;0;1;0;0;0;0;0;0;0;0;0;0;0
1686;esa.pdf_1686;There shall be a UNIX-based APAF system development computer.;F;0;1;0;0;0;0;0;0;0;0;0;0;0
1687;esa.pdf_1687;There shall be a network connection between SwRI and NISN.;F;0;1;0;0;0;0;0;0;0;0;0;0;0
1688;esa.pdf_1688;There shall be a web server for the APAF system.;F;0;1;0;0;0;0;0;0;0;0;0;0;0
1689;esa.pdf_1689;SwRI shall provide AP AF system maintenance.;F;0;1;0;0;0;0;0;0;0;0;0;0;0
1690;esa.pdf_1690;SwRI shall provide software support for the AP AF system.;F;0;1;0;0;0;0;0;0;0;0;0;0;0
1691;esa.pdf_1691;ASPERA-3 and MEX OA IDFS data and any APAF-generated intermediate files of ASPERA-3 and MEX OA cleaned-up telemetry shall be provided to all ASPERA-3 Co-I’s.;F;0;1;0;0;0;0;0;0;0;0;0;0;0
1692;esa.pdf_1692;ASPERA-3 IDFS data that are electronically distributed shall be provided to the ASPERA-3 Co-I’s within 24 hours of acquiring ASPERA-3 telemetry as long as the transmission and processing are error-free.;F;0;1;0;0;0;0;0;0;0;0;0;0;0
1693;esa.pdf_1693;MEX OA IDFS data that are electronically distributed shall be provided to the ASPERA-3 Co-I’s within 24 hours of acquiring MEX OA telemetry as long as the transmission and processing are error-free.;F;0;1;0;0;0;0;0;0;0;0;0;0;0
1694;esa.pdf_1694;Any APAF-generated intermediate files of ASPERA-3 and MEX OA cleaned-up telemetry that are electronically distributed shall be provided to the ASPERA-3 Co-I’s within 24 hours of acquiring ASPERA-3 and MEX OA telemetry as long as the transmission and processing are error-free.;F;0;1;0;0;0;0;0;0;0;0;0;0;0
1695;esa.pdf_1695;ASPERA-3 IDFS data and MEX OA IDFS data shall be provided to NASA PDS.;F;0;1;0;0;0;0;0;0;0;0;0;0;0
1696;esa.pdf_1696;ASPERA-3 data shall be provided to NASA PDS in PDS-compliant form.;F;0;1;0;0;0;0;0;0;0;0;0;0;0
1697;esa.pdf_1697;ASPERA-3 data shall be calibrated and validated prior to depositing in the NASA PDS.;F;0;1;0;0;0;0;0;0;0;0;0;0;0
1698;esa.pdf_1698;ASPERA-3 data shall be provided to NASA PDS no later than 6 months after acquisition.;F;0;1;0;0;0;0;0;0;0;0;0;0;0
1699;esa.pdf_1699;SwRI shall provide IDFS data processing algorithms to IRF.;F;0;1;0;0;0;0;0;0;0;0;0;0;0
1700;esa.pdf_1700;Science analysis software shall be integrated into the NASA approved data repository.;F;0;1;0;0;0;0;0;0;0;0;0;0;0
1701;esa.pdf_1701;DFS data access software developed by SwRI shall be made available to the ASPERA-3 Co-I’s.;F;0;1;0;0;0;0;0;0;0;0;0;0;0
1702;esa.pdf_1702;Science analysis software developed by SwRI to analyze IDFS-formatted data shall be made available to the ASPERA-3 Co-I’s.;F;0;1;0;0;0;0;0;0;0;0;0;0;0
1703;esa.pdf_1703;How the ASPERA-3 and MEX OA data and exactly what data sets are to be distributed to each Co-I shall be determined by the needs and resources available six months prior to MEX launch. ;F;0;1;0;0;0;0;0;0;0;0;0;0;0
1704;esa.pdf_1704;The distribution mechanisms shall be clearly defined/described in the APAF Operation Procedures Document.;F;0;1;0;0;0;0;0;0;0;0;0;0;0
1705;esa.pdf_1705;There are no installation-dependent requirements for the operation of the APAF data system. However, if any are identified, they shall be documented in the APAF Operations Procedures Document.;F;0;1;0;0;0;0;0;0;0;0;0;0;0
1706;esa.pdf_1706;The APAF data system will not impose hazards to personnel, property, or the environment. Therefore, there are no safety requirements of the APAF ground data system.;F;0;1;0;0;0;0;0;0;0;0;0;0;0
1707;esa.pdf_1707;There are no requirements that constrain the design and implementation of the APAF software.;F;0;1;0;0;0;0;0;0;0;0;0;0;0
1708;libra.doc_1708;Should be able to enforce resource allocations according to user-centric priorities.;F;0;1;0;0;0;0;0;0;0;0;0;0;0
1709;libra.doc_1709;Should be dynamic, and not static, which is a necessary implication of the user-centric approach, so that users who need their jobs completed in emergency and are willing to pay a high price for it, are able to get their job done through dynamic reallocation of resources even if the job is submitted later than other jobs or the system is heavily loaded.;F;0;1;0;0;0;0;0;0;0;0;0;0;0
1710;libra.doc_1710;Hence, the scheduler should be able to change resource limits, priorities, privileges and execution order of the submitted jobs.;NFR;1;0;0;0;0;0;0;0;0;0;0;0;0
1711;libra.doc_1711;Should be scalable, which means that its performance should not degrade with the addition of nodes and jobs to the cluster.;F;0;1;0;0;0;0;0;0;0;0;0;0;0
1712;libra.doc_1712;Should be configurable, and allow for various scheduling policies that can be modified to incorporate QoS parameters.;F;0;1;0;0;0;0;0;0;0;0;0;0;0
1713;libra.doc_1713;Should be separable from the cluster management system.;F;0;1;0;0;0;0;0;0;0;0;0;0;0
1714;libra.doc_1714;Should provide administrative security.;F;0;1;0;0;0;0;0;0;0;0;0;0;0
1715;libra.doc_1715;Should provide at least a basic level of job accounting, to aid in scheduling policies.;F;0;1;0;0;0;0;0;0;0;0;0;0;0
1716;libra.doc_1716;Should ideally provide a GUI for all components, such as for users to submit jobs and for administrators to oversee scheduling.;F;0;1;0;0;0;0;0;0;0;0;0;0;0
1717;libra.doc_1717;This functional feature deals with the end-user (can also be used by the administrator) and is facilitated by the interface of the  AUTHOR  \* MERGEFORMAT Sun Grid Engine cluster management system. ;F;0;1;0;0;0;0;0;0;0;0;0;0;0
1718;libra.doc_1718;Hence, it is linked to the scheduler, but does not interface directly with the scheduler. However, the SGE interface will need to be adapted to include additional submission parameters that a user needs to be submit, which are not already supported by SGE. ;F;0;1;0;0;0;0;0;0;0;0;0;0;0
1719;libra.doc_1719;This may alternately be done through a command-line interface.;F;0;1;0;0;0;0;0;0;0;0;0;0;0
1720;libra.doc_1720;User Information – relevant user data such as name and authentication id that needs to be used to submit a job to the cluster.;NFR;1;0;0;0;0;0;0;0;0;0;0;0;0
1721;libra.doc_1721;Job Information – about the job that the user wants to submit, as well as already pending jobs, to determine whether the cluster can accept more jobs and can cater to the particular user job. The job details are provided in the functional feature Initialize Job.;F;0;1;0;0;0;0;0;0;0;0;0;0;0
1722;libra.doc_1722;Cluster Information – Cluster Type and Scheduling mechanism details, Current Load Status, Submission Directions and Criteria.;F;0;1;0;0;0;0;0;0;0;0;0;0;0
1723;libra.doc_1723;The cluster decides whether it is even open for job submissions, and whether the user that is trying to submit job is a valid user or not. ;NFR;1;0;0;0;0;0;0;0;0;0;0;0;0
1724;libra.doc_1724;This decision is different from the Accept/Reject Job feature described later on, which deals with the situation when the cluster is open for job submissions, but will decide on whether to accept or reject a job based on job parameters such as budget provided and deadline specified.;F;0;1;0;0;0;0;0;0;0;0;0;0;0
1725;libra.doc_1725;Boolean – Whether the cluster is accepting submission or not. Boolean – User verified or not.;F;0;1;0;0;0;0;0;0;0;0;0;0;0
1726;libra.doc_1726;This feature will allow the user or administrator to view details about the job that have been submitted, and the progress of the execution of the job.;NFR;1;0;0;0;0;0;0;0;0;0;0;0;0
1727;libra.doc_1727;User Id and Password – to ensure that only the appropriate user is able to see the job status;NFR;1;0;0;0;0;0;0;0;0;0;0;0;0
1728;libra.doc_1728;Show the user the available options about the submitted job, and information about the progress of job execution. Process selected options if choices are provided to the user to view different aspects of job information.;NFR;1;0;0;0;0;0;0;0;0;0;0;0;0
1729;libra.doc_1729;User view of available options about jobs submitted by the user.;NFR;1;0;0;0;0;0;0;0;0;0;0;0;0
1730;libra.doc_1730;This feature may be available to both the user and the administrator, to cancel a job or under specific circumstances, change a job parameter. ;NFR;1;0;0;0;0;0;0;0;0;0;0;0;0
1731;libra.doc_1731;Parameters such as deadline and cost are crucial to the job scheduling and would not normally be changeable. However, if the user wishes to specify a different output directory or a delayed deadline, this may be permitted.;F;0;1;0;0;0;0;0;0;0;0;0;0;0
1732;libra.doc_1732;User Id and Password – to ensure that only the appropriate user is able to delete/change the job.;NFR;1;0;0;0;0;0;0;0;0;0;0;0;0
1733;libra.doc_1733;Remove job from the queue and update cluster status. Revise scheduling decisions about resource allocation to pending jobs and submission of new jobs.;F;0;1;0;0;0;0;0;0;0;0;0;0;0
1734;libra.doc_1734;Updated cluster information and scheduling decision – CPU load, node status, queue length, quanta allocated to pending jobs, revised expected finishing deadline of pending jobs. These outputs are facilitated by the functionality of the AUTHOR \* MERGEFORMAT Sun Grid Engine cluster management system, and are not independently produced by the Libra scheduler.;F;0;1;0;0;0;0;0;0;0;0;0;0;0
1735;libra.doc_1735;This is a main functional requirement that prepares the scheduler for eventually scheduling and executing a job. ;F;0;1;0;0;0;0;0;0;0;0;0;0;0
1736;libra.doc_1736;The Libra scheduler performs it once a job has been accepted by SGE, with information from the scheduler.;F;0;1;0;0;0;0;0;0;0;0;0;0;0
1737;libra.doc_1737;The information submitted by the user about the job, as well as the job id assigned by SGE.;NFR;1;0;0;0;0;0;0;0;0;0;0;0;0
1738;libra.doc_1738;Two processes are performed as part of this function: the details of the job are retrieved and then these details are set in variables that represent the state of the cluster and its queues. The parsed parameters are passed on to the scheduling module where the job may be accepted or rejected.;NFR;1;0;0;0;0;0;0;0;0;0;0;0;0
1739;libra.doc_1739;The output comprises the set variables that represent job information submitted with a job. Hence, the exact job details are output: Job details – Job Id, Job type, Standalone Execution time, Location of executable and input data sets, System Type, Budget, Deadline.;NFR;1;0;0;0;0;0;0;0;0;0;0;0;0
1740;libra.doc_1740;This is the function that is responsible for determining the possibility of satisfying the user, given his budget and deadline. Hence, the most important inputs are budget, deadline, and execution time, to determine whether the job can be accepted or not.;F;0;1;0;0;0;0;0;0;0;0;0;0;0
1741;libra.doc_1741;Job details – Job Id, Job type, Standalone Execution time, Location of executable and input data sets, System Type, Budget, Deadline.;F;0;1;0;0;0;0;0;0;0;0;0;0;0
1742;libra.doc_1742;Cluster information – CPU load, node status, remaining time of pending jobs.;F;0;1;0;0;0;0;0;0;0;0;0;0;0
1743;libra.doc_1743;Based on the job parameters, the scheduler figures out a priority of the job that reflects the share of CPU time that it deserves and needs according to the specified criteria. The scheduler determines whether the job can be finished by the requisite deadline, given the execution time of the job and the execution status of other pending jobs on various nodes.;NFR;1;0;0;0;0;0;0;0;0;0;0;0;0
1744;libra.doc_1744;The output includes a boolean value specifying whether the job has been accepted or rejected.;NFR;1;0;0;0;0;0;0;0;0;0;0;0;0
1745;libra.doc_1745;A suggested deadline or cost is given to the user, as a precondition for the job to be accepted.;F;0;1;0;0;0;0;0;0;0;0;0;0;0
1746;libra.doc_1746;This is the feature of Libra that decides how the job will be scheduled based on its budget and deadline. It uses the Stride Scheduling Algorithm to enforce resource allocations (CPU cycles) proportional to a user’s budget and deadline. It is performed by Libra once it has decided that a job can be accommodated.;F;0;1;0;0;0;0;0;0;0;0;0;0;0
1747;libra.doc_1747;Job details – Job Id, Job type, Standalone Execution time, Location of executable and input data sets, System Type, Budget, Deadline.;F;0;1;0;0;0;0;0;0;0;0;0;0;0
1748;libra.doc_1748;Allocate tickets to a job based on its budget and deadline and the budget and deadlines of all other jobs on the execution host under debate. Calculate the stride and the pass of the job, where the stride is simply the global stride constant divided by the tickets and the pass is initially just the stride.;NFR;1;0;0;0;0;0;0;0;0;0;0;0;0
1749;libra.doc_1749;Scheduling information – the job’s tickets, stride and pass.;F;0;1;0;0;0;0;0;0;0;0;0;0;0
1750;libra.doc_1750;This feature decides on which node and on which queue the job will be placed for execution. It is done on the basis of the job’s budget, execution time and deadline.;NFR;1;0;0;0;0;0;0;0;0;0;0;0;0
1751;libra.doc_1751;Job details – Job Id, Job type, Standalone Execution time, Location of executable and input data sets, System Type, Budget, Deadline.;F;0;1;0;0;0;0;0;0;0;0;0;0;0
1752;libra.doc_1752;Cluster Information - CPU Load, Node Status, Remaining Time of Pending Jobs, Available Memory;F;0;1;0;0;0;0;0;0;0;0;0;0;0
1753;libra.doc_1753;Libra first looks at the load on each of the hosts and sorts them in ascending order, choosing the host that is least loaded. ;F;0;1;0;0;0;0;0;0;0;0;0;0;0
1754;libra.doc_1754;This ensures that load balancing is taken care of.;F;0;1;0;0;0;0;0;0;0;0;0;0;0
1755;libra.doc_1755;It then selects the appropriate queue based on whether the job is sequential or embarrassingly parallel, budget, etc…;F;0;1;0;0;0;0;0;0;0;0;0;0;0
1756;libra.doc_1756;The chosen execution host and queue.;F;0;1;0;0;0;0;0;0;0;0;0;0;0
1757;libra.doc_1757;This feature takes the job and inserts it into the queue on the execution host that the scheduler had previously decided it is to be placed in. This is a separate feature since the job may be able to wait for a while before it is given CPU time, allowing other jobs to complete or be scheduled earlier if their deadlines are more urgent. Thus, the dispatcher decides when to actually send the job for execution.;NFR;1;0;0;0;0;0;0;0;0;0;0;0;0
1758;libra.doc_1758;The chosen execution host and queue on which to place the job for execution.;F;0;1;0;0;0;0;0;0;0;0;0;0;0
1759;libra.doc_1759;The scheduler sends the job to the appropriate queue and it joins the competition for resources.;F;0;1;0;0;0;0;0;0;0;0;0;0;0
1760;libra.doc_1760;The scheduled job in its appropriate host and queue.;F;0;1;0;0;0;0;0;0;0;0;0;0;0
1761;libra.doc_1761;Every time a job is scheduled for execution on a host, this feature of Libra updates the cluster status. This action is also performed when a job ends and is removed from the cluster.;NFR;1;0;0;0;0;0;0;0;0;0;0;0;0
1762;libra.doc_1762;Job details – Job Id, Job type, Standalone Execution time, Location of executable and input data sets, System Type, Budget, Deadline.;F;0;1;0;0;0;0;0;0;0;0;0;0;0
1763;libra.doc_1763;Chosen execution host and queue.;F;0;1;0;0;0;0;0;0;0;0;0;0;0
1764;libra.doc_1764;Libra first reserves the amount of resources that will be required by the job on the node. It then updates the execution host queue status and sends that information about the additional load on the queue and node under consideration to the central information store on the master host.;F;0;1;0;0;0;0;0;0;0;0;0;0;0
1765;libra.doc_1765;There is no output associated with this feature as it simply performs an update and does not send any results back. It is a trigger that is activated every time a job is scheduled or is deleted from an execution host.;F;0;1;0;0;0;0;0;0;0;0;0;0;0
1766;libra.doc_1766;As long as there are jobs in the queues, this feature is being run. It essentially decides how to time-slice between all the jobs currently being executed. These scheduling decisions are made based on the stride-scheduling algorithm.;F;0;1;0;0;0;0;0;0;0;0;0;0;0
1767;libra.doc_1767;Scheduled Job – job details and the queue and node on which that job is scheduled to run.;NFR;1;0;0;0;0;0;0;0;0;0;0;0;0
1768;libra.doc_1768;Scheduling Information – the job’s tickets, stride and pass.;F;0;1;0;0;0;0;0;0;0;0;0;0;0
1769;libra.doc_1769;It looks at all the jobs on the cluster and selects the one with the minimum pass value, and allots it a quantum. The pass of that job is then advanced by its stride. In case of a tie, the arbitrary FIFO job ordering is used. This loop is repeated until there are no jobs left to run on a queue.;NFR;1;0;0;0;0;0;0;0;0;0;0;0;0
1770;libra.doc_1770;Updated Cluster Information - CPU Load, Node Status, Remaining Time of Pending Jobs, Available Memory;F;0;1;0;0;0;0;0;0;0;0;0;0;0
1771;libra.doc_1771;The scheduler will not support job migration for the purpose of decreasing resource fragmentation.;F;0;1;0;0;0;0;0;0;0;0;0;0;0
1772;libra.doc_1772;There will be a maximum of 1 bug/KLOC.;F;0;1;0;0;0;0;0;0;0;0;0;0;0
1773;libra.doc_1773;In case of system outage, the cluster will be down while the Linux operating system boots up. This will take less than five minutes.;F;0;1;0;0;0;0;0;0;0;0;0;0;0
1774;libra.doc_1774;The Libra scheduler will ensure the privacy of user job status and ensure full control over job execution, so that alteration of scheduling criteria or actual resource allocation is not possible without administrator authority.;NFR;1;0;0;0;0;0;0;0;0;0;0;0;0
1775;libra.doc_1775;The maximum response time for the submission of a job will be 1 minute.;F;0;1;0;0;0;0;0;0;0;0;0;0;0
1776;libra.doc_1776;"The maximum number of jobs schedulable is limited only by the capacity of the nodes to fulfill the jobs’ deadlines; there is no upper limit inherent in the Libra scheduler as such.";F;0;1;0;0;0;0;0;0;0;0;0;0;0
1777;libra.doc_1777;Assuming submitted statistics for jobs are accurate, the Libra scheduler will ensure that all jobs are completed with a 10% error allowance.;F;0;1;0;0;0;0;0;0;0;0;0;0;0
1778;libra.doc_1778;Under all circumstances, the maximum cost payable as submitted by the user will be the maximum cost charged to the user.;F;0;1;0;0;0;0;0;0;0;0;0;0;0
1779;libra.doc_1779;All code will be written as specified by the Hungarian Naming Convention.;F;0;1;0;0;0;0;0;0;0;0;0;0;0
1780;libra.doc_1780;All code will be written as required by the GNU General Purpose License.;F;0;1;0;0;0;0;0;0;0;0;0;0;0
1781;libra.doc_1781;The Libra scheduler will be a sub-component of SGE.;F;0;1;0;0;0;0;0;0;0;0;0;0;0
1782;libra.doc_1782;All coding will be done in standard C.;F;0;1;0;0;0;0;0;0;0;0;0;0;0
1783;libra.doc_1783;Exhaustive searches of the entire set of combinations of jobs will not be done. Heuristics will be developed for this scheduling problem.;F;0;1;0;0;0;0;0;0;0;0;0;0;0
1784;libra.doc_1784;There will be two user types – the cluster user and the cluster administrator – each of which will have its own corresponding interface.;F;0;1;0;0;0;0;0;0;0;0;0;0;0
1785;libra.doc_1785;The minimal requirements are that the cluster user would be able to interact with the system through the Linux command prompt, or through the interface provided by the AUTHOR \* MERGEFORMAT Sun Grid Engine cluster management system. ;F;0;1;0;0;0;0;0;0;0;0;0;0;0
1786;libra.doc_1786;"There will be a different command for each of the following actions: submit jobs with the associated deadline, cost, and execution time; query the cluster to establish the current cost per unit time for submitting new jobs;  monitor the status of submitted jobs;  cancel jobs submitted by him;  check his credit balance; check his usage history.";NFR;1;0;0;0;0;0;0;0;0;0;0;0;0
1787;libra.doc_1787;The minimal requirements are that the cluster administrator will be able to interact with the system through the Linux command prompt, or through the interface provided by the Sun Grid Engine cluster management system.;F;0;1;0;0;0;0;0;0;0;0;0;0;0
1788;libra.doc_1788;In addition to the commands available to the user, additional commands will allow the administrator to: check the status of each node of the cluster, check the usage pattern history of the cluster, check the status of all submitted jobs,  check the load on each node of the cluster,  alter the cost structure of the cluster,  alter the scheduling policy of the cluster, cancel, suspend, and resume any job.;NFR;1;0;0;0;0;0;0;0;0;0;0;0;0
1789;libra.doc_1789;All hardware interfaces of Libra will be those of the Sun Grid Engine on top of which it will be running. Hence, it will incorporate SGE’s interfaces for: CPU usage, Memory usage, Swap file creation, Network communication.;F;0;1;0;0;0;0;0;0;0;0;0;0;0
1790;libra.doc_1790;Libra will directly interface with the modified AUTHOR \* MERGEFORMAT Sun Grid Engine cluster management system, version 5.3. SGE in turn will be interfacing with the operating system and any other software components it requires. For the execution of embarrassingly parallel jobs, the PVM (Parallel Virtual Machine) and MPI (Message Passing Interface) libraries will be used by the cluster.;F;0;1;0;0;0;0;0;0;0;0;0;0;0
1791;libra.doc_1791;Libra will utilize the communications architecture of Sun Grid Engine itself, and will not have any unique communications interfaces above of SGE.;F;0;1;0;0;0;0;0;0;0;0;0;0;0
1792;npac.doc_1792;NPAC SMS shall allow NPAC personnel to create a new LNP NPA‑NXX for a Service Provider.;NFR;1;0;0;0;0;0;0;0;0;0;0;0;0
1793;npac.doc_1793;NPAC SMS shall, for a mass update request, only send updates for subscription versions that are not filtered on the Local SMS.;F;0;1;0;0;0;0;0;0;0;0;0;0;0
1794;npac.doc_1794;NPAC SMS shall allow NPAC personnel to select Subscription Versions for mass update which match a user defined combination of any of the following: SPID, LNP Type (any single LNP Type or none), TN, TN range (NPA-NXX-xxxx through yyyy, where yyyy is greater than xxxx), LRN, DPC values, SSN values, Billing ID, End User Location Type or End User Location Value, on the NPAC Administrative Interface. (Previously part of B-760 and B-761);NFR;1;0;0;0;0;0;0;0;0;0;0;0;0
1795;npac.doc_1795;NOTE: If a single LNP Type is selected, then only that LNP Type will be used, otherwise, if no LNP Type is selected, then no restriction is imposed on the LNP Type as a selection criteria.;F;0;1;0;0;0;0;0;0;0;0;0;0;0
1796;npac.doc_1796;NPAC SMS shall allow NPAC personnel to specify a mass update action to be applied against all Subscription Versions selected (except for Subscription Versions with a status of old, partial failure, sending, disconnect pending or canceled) for LRN, DPC values, SSN values, Billing ID, End User Location Type or End User Location Value.;NFR;1;0;0;0;0;0;0;0;0;0;0;0;0
1797;npac.doc_1797;NPAC SMS shall require at least one selection criteria to be entered for a mass update.;F;0;1;0;0;0;0;0;0;0;0;0;0;0
1798;npac.doc_1798;NPAC SMS shall match the Service Provider Id entered as selection criteria with the New or current Service Provider Id in the Subscription Version.;F;0;1;0;0;0;0;0;0;0;0;0;0;0
1799;npac.doc_1799;NPAC SMS shall create an old Subscription Version with a new version id for an active Subscription Version involved in a mass update before applying changes.;F;0;1;0;0;0;0;0;0;0;0;0;0;0
1800;npac.doc_1800;NPAC SMS shall broadcast no data to the Local SMSs due to the creation of an old Subscription Version with a new version id for an active Subscription Version involved in a mass update before applying changes.;NFR;1;0;0;0;0;0;0;0;0;0;0;0;0
1801;npac.doc_1801;NPAC SMS shall log an exception and proceed with Mass Update processing upon finding a subscription version in sending, disconnect pending, or partial failed status.;F;0;1;0;0;0;0;0;0;0;0;0;0;0
1802;npac.doc_1802;NPAC SMS shall produce an exception report for NPAC Personnel when requested that lists the Subscription Versions that were exceptions not processed during Mass Update processing.;F;0;1;0;0;0;0;0;0;0;0;0;0;0
1803;npac.doc_1803;NPAC SMS shall require NPAC personnel to specify a Service Provider ID when entering Selection Criteria for a Mass Update.;F;0;1;0;0;0;0;0;0;0;0;0;0;0
1804;npac.doc_1804;NPAC SMS shall have the capability to identify all Subscription Versions affected by mass changes, (such as NPA splits), and automatically carry out the required updates to modified data in the Local SMSs.;F;0;1;0;0;0;0;0;0;0;0;0;0;0
1805;npac.doc_1805;NPAC SMS shall allow NPAC Personnel, via a mass update, to update the block holder default routing information (LRN, DPC(s), and SSN(s)), for a 1K Block as stored in the NPAC SMS. (Previously B-762);F;0;1;0;0;0;0;0;0;0;0;0;0;0
1806;npac.doc_1806;NPAC SMS shall reject a mass update request by NPAC Personnel, and issue an error message, if the TN Range and LNP Type of either POOL or none, is entered as Selection Criteria, for the requesting Service Provider, and intersects an existing 1K Block, for that requesting Service Provider, as stored in the NPAC SMS, other than Blocks with a status of old. (Previously B-763);F;0;1;0;0;0;0;0;0;0;0;0;0;0
1807;npac.doc_1807;NPAC SMS shall reject a mass update request to a Block, if the Block’s status is NOT active, or if the Block Failed SP List contains one or more Service Providers. (Previously B-764);F;0;1;0;0;0;0;0;0;0;0;0;0;0
1808;npac.doc_1808;NPAC SMS shall download Number Pooling Block Information, for mass updates, using the Number Pooling Block Object, via the NPAC SMS to Local SMS Interface, when the Service Provider's EDR Indicator is TRUE, at the time of the mass update request. (Previously B-780);F;0;1;0;0;0;0;0;0;0;0;0;0;0
1809;npac.doc_1809;NPAC SMS shall download Number Pooling Block Information, for mass updates, using Subscription Version(s) with LNP Type of POOL, via the NPAC SMS to Local SMS Interface, when the Service Provider's EDR Indicator is FALSE, at the time of the mass update request. (Previously B-790);F;0;1;0;0;0;0;0;0;0;0;0;0;0
1810;npac.doc_1810;NPAC SMS shall NOT break up Subscription Versions of LNP Type POOL in a 1K Block, when downloading Number Pooling Block Information, for mass updates, via the NPAC SMS to Local SMS Interface, to non-EDR Local SMSs. (Previously B-800);F;0;1;0;0;0;0;0;0;0;0;0;0;0
1811;npac.doc_1811;NPAC SMS shall create an old Block with a new version id for an active Block involved in a mass update before applying changes. (Previously B-810);F;0;1;0;0;0;0;0;0;0;0;0;0;0
1812;npac.doc_1812;NPAC SMS shall broadcast no data to the Local SMSs due to the creation of an old Block with a new version id for an active Block involved in a mass update before applying changes. (Previously B-820);F;0;1;0;0;0;0;0;0;0;0;0;0;0
1813;npac.doc_1813;NPAC SMS shall support an off‑line batch download (via 4mm DAT tape and FTP file download) to mass update Local SMSs with Subscription Versions, NPA-NXX-X Information, Number Pool Block and Service Provider Network data.;F;0;1;0;0;0;0;0;0;0;0;0;0;0
1814;npac.doc_1814;NPAC SMS shall be able to communicate creation or deletion of NPA‑NXX data and LRN data for a Service Provider to Local SMSs and SOAs.;NFR;1;0;0;0;0;0;0;0;0;0;0;0;0
1815;npac.doc_1815;NPAC SMS shall be able to communicate creation, modification, or deletion of NPA-NXX-X data for a Service Provider to SOAs or Local SMSs.  ;NFR;1;0;0;0;0;0;0;0;0;0;0;0;0
1816;npac.doc_1816;NPAC SMS shall inform all Service Providers about the allocation of the NPA-NXX-Xs for pooling to the Block Holder via the SOA to NPAC SMS Interface and/or NPAC SMS to Local SMS interface.  The NPA-NXX-X data fields sent via the SOA to NPAC SMS interface and/or NPAC SMS to Local SMS interface are:  NPAC Customer ID, NPAC Customer Name, NPA-NXX-X ID, NPA-NXX-X, NPA-NXX-X Effective Date, Creation TimeStamp, Last Modified TimeStamp, Download Reason.;F;0;1;0;0;0;0;0;0;0;0;0;0;0
1817;npac.doc_1817;NPAC SMS shall inform all Service Providers about the availability of the NPA‑NXXs for porting via the NPAC SMS to Local SMS and SOA to NPAC SMS interfaces or the Web bulletin board.;F;0;1;0;0;0;0;0;0;0;0;0;0;0
1818;npac.doc_1818;NPAC SMS shall inform all Service Providers about a new Service Provider and the associated LRNs via the NPAC SMS to Local SMS and SOA to NPAC SMS interfaces. ;F;0;1;0;0;0;0;0;0;0;0;0;0;0
1819;npac.doc_1819;NPAC SMS shall post the new Service Providers and/or new LRNs on the Web bulletin board.;NFR;1;0;0;0;0;0;0;0;0;0;0;0;0
1820;npac.doc_1820;NPAC SMS shall inform all Service Providers about the allocation of the NPA-NXX-Xs for pooling to the Block Holder via the Web bulletin board. ;F;0;1;0;0;0;0;0;0;0;0;0;0;0
1821;npac.doc_1821;NPAC SMS shall allow Service Providers to add their NPA-NXX data via the NPAC SMS to Local SMS interface or the SOA to NPAC SMS interface.;F;0;1;0;0;0;0;0;0;0;0;0;0;0
1822;npac.doc_1822;NPAC SMS shall allow Service Providers to add their NPA-NXX data with an effective date that is set to a past, present, or future date.;NFR;1;0;0;0;0;0;0;0;0;0;0;0;0
1823;npac.doc_1823;NPAC SMS shall allow Service Providers to add their LRN data via the NPAC SMS to Local SMS interface or the SOA to NPAC SMS interface.;F;0;1;0;0;0;0;0;0;0;0;0;0;0
1824;npac.doc_1824;NPAC SMS shall allow Service Providers to delete their NPA- NXX data via the NPAC SMS to Local SMS interface or the SOA to NPAC SMS interface provided the changes do not cause any updates to the Subscription Versions, Number Pooling NPA-NXX-X or Number Pooling Block Information.;NFR;1;0;0;0;0;0;0;0;0;0;0;0;0
1825;npac.doc_1825;NPAC SMS shall allow Service Providers to delete their LRN data via the NPAC SMS to Local SMS interface or the SOA to NPAC SMS interface provided the changes do not cause any updates to the Subscription Versions, or Number Pooling Block Information.;NFR;1;0;0;0;0;0;0;0;0;0;0;0;0
1826;npac.doc_1826;NPAC SMS shall provide a mechanism for the Service Provider to indicate whether or not they want NPA-NXX data and LRN data downloaded to their Local SMS via the NPAC SMS to Local SMS Interface and/or SOA via the SOA to NPAC SMS interface.;F;0;1;0;0;0;0;0;0;0;0;0;0;0
1827;npac.doc_1827;NPAC SMS shall download NPA-NXX data and LRN data via the NPAC SMS to Local SMS Interface and/or the SOA to NPAC SMS interface if the indicator is ON.;F;0;1;0;0;0;0;0;0;0;0;0;0;0
1828;npac.doc_1828;NPAC SMS shall periodically perform NPAC SMS database extracts of active Subscription Versions on an NPA-NXX basis to an ASCII file.;F;0;1;0;0;0;0;0;0;0;0;0;0;0
1829;npac.doc_1829;NPAC SMS shall store database extract files at the NPAC SMS FTP site for Local SMS file retrieval.;F;0;1;0;0;0;0;0;0;0;0;0;0;0
1830;npac.doc_1830;NPAC SMS shall allow NPAC personnel to specify database extract file creation on a weekly, monthly, or quarterly basis.;NFR;1;0;0;0;0;0;0;0;0;0;0;0;0
1831;npac.doc_1831;NPAC SMS shall allow NPAC personnel to specify an NPA-NXX for database extract file creation.;F;0;1;0;0;0;0;0;0;0;0;0;0;0
1832;npac.doc_1832;NPAC SMS shall prevent the entry of pipe characters (|) as part of text strings.;NFR;1;0;0;0;0;0;0;0;0;0;0;0;0
1833;npac.doc_1833;NPAC SMS shall allow NPAC personnel to create a new LRN for a service provider.;NFR;1;0;0;0;0;0;0;0;0;0;0;0;0
1834;npac.doc_1834;NPAC SMS shall synchronize its system clock using NTP to a Stratum 1 host.;F;0;1;0;0;0;0;0;0;0;0;0;0;0
1835;npac.doc_1835;NPAC SMS shall support a permissive dialing period, during which dialing of both NPAs is allowed during NPA splits.;F;0;1;0;0;0;0;0;0;0;0;0;0;0
1836;npac.doc_1836;NPAC SMS shall accept both the old and new NPAs during the permissive dialing period, but will only respond and download with the new NPA-NXX, except for query requests that span NPAs.;F;0;1;0;0;0;0;0;0;0;0;0;0;0
1837;npac.doc_1837;NPAC SMS shall perform an update to remove NPAC SMS mapping of the old NPA-NXX(s) to the new NPA-NXX(s) for Subscription Versions associated with an NPA split after the expiration date of the permissive dialing period.;F;0;1;0;0;0;0;0;0;0;0;0;0;0
1838;npac.doc_1838;The service provider responsible for the NPA split communicates NPA Split information to the NPAC.;F;0;1;0;0;0;0;0;0;0;0;0;0;0
1839;npac.doc_1839;NPAC SMS shall verify that the new and the old NPA-NXX(s) involved in an NPA Split exist when NPAC personnel enter the split information.;F;0;1;0;0;0;0;0;0;0;0;0;0;0
1840;npac.doc_1840;Note: New NPA-NXX(s) will be opened via normal processing prior to the NPA Split.;F;0;1;0;0;0;0;0;0;0;0;0;0;0
1841;npac.doc_1841;NPAC SMS shall report an error to NPAC personnel and reject the NPA Split upon determining that the new or old NPA-NXX(s) involved in an NPA Split do not exist when the NPA Split information is entered.;F;0;1;0;0;0;0;0;0;0;0;0;0;0
1842;npac.doc_1842;NPAC SMS shall verify that the new NPA-NXX(s) involved in an NPA Split has an effective date equal to the start date of permissive dialing when NPAC personnel enter the NPA Split information.;F;0;1;0;0;0;0;0;0;0;0;0;0;0
1843;npac.doc_1843;NPAC SMS shall report an error to NPAC personnel and reject the NPA Split upon determining that a new NPA-NXX involved in an NPA split has an effective date not equal to the start date of permissive dialing.;F;0;1;0;0;0;0;0;0;0;0;0;0;0
1844;npac.doc_1844;NPAC SMS shall verify that the new NPA-NXX(s) involved in an NPA Split are not currently involved in another NPA Split when NPAC personnel enter the NPA split information.;F;0;1;0;0;0;0;0;0;0;0;0;0;0
1845;npac.doc_1845;NPAC SMS shall report an error to NPAC personnel and reject the NPA Split upon determining that a new NPA-NXX involved in an NPA Split is currently involved in another NPA Split.;F;0;1;0;0;0;0;0;0;0;0;0;0;0
1846;npac.doc_1846;NPA SMS shall verify that only pending, old, conflict, canceled, or cancel pending Subscription Versions exist in the new NPA-NXX involved in an NPA Split upon entering split information.;NFR;1;0;0;0;0;0;0;0;0;0;0;0;0
1847;npac.doc_1847;NPA SMS shall report an error and reject the NPA Split upon determining that there are Subscription Versions with a status other than pending, old, conflict, canceled, or cancel pending in the new NPA-NXX involved in an NPA Split.;F;0;1;0;0;0;0;0;0;0;0;0;0;0
1848;npac.doc_1848;NPAC SMS shall prevent an old or new NPA-NXX involved in an NPA split from being deleted from the network data during permissive dialing.;NFR;1;0;0;0;0;0;0;0;0;0;0;0;0
1849;npac.doc_1849;NPAC SMS shall leave the LRN information in Subscription Versions involved in the split unchanged during NPA split processing.;F;0;1;0;0;0;0;0;0;0;0;0;0;0
1850;npac.doc_1850;NPAC SMS shall upon finding a subscription version that exists in the new NPA-NXX that currently exists in the old NPA-NXX during NPA split processing shall do the following and continue processing: log an error, the Subscription Version in the new NPA-NXX will be moved to old if active or to canceled if it is in any pending state.;F;0;1;0;0;0;0;0;0;0;0;0;0;0
1851;npac.doc_1851;NPAC SMS shall leave filters for NPA-NXX(s) involved in an NPA split unchanged.;F;0;1;0;0;0;0;0;0;0;0;0;0;0
1852;npac.doc_1852;NPAC SMS shall query the LSMS systems for the new NPA-NXX(s) when an audit is run during the NPA split permissive dialing period.;F;0;1;0;0;0;0;0;0;0;0;0;0;0
1853;npac.doc_1853;The NPAC SMS shall require the following data for entry of NPA Split information into the NPAC: the Service Provider Id, the old and new NPA, the affected NXX(s), the start date of the permissive dialing period, the end date of the permissive dialing period.;F;0;1;0;0;0;0;0;0;0;0;0;0;0
1854;npac.doc_1854;NPAC SMS shall allow the modification of the end of permissive dialing during permissive dialing provided the date is not less than the current date.;F;0;1;0;0;0;0;0;0;0;0;0;0;0
1855;npac.doc_1855;NPAC SMS shall allow the removal of an NPA-NXX during permissive dialing from the NPA Split information as an NPA-NXX involved in the NPA Split.;F;0;1;0;0;0;0;0;0;0;0;0;0;0
1856;npac.doc_1856;NPAC SMS shall upon removal of an NPA-NXX during permissive dialing modify the TN of any subscription versions involved in a split existing in the new NPA-NXX to the old NPA-NXX. This processing includes subscription versions that did not previously exist prior to the NPA Split.;F;0;1;0;0;0;0;0;0;0;0;0;0;0
1857;npac.doc_1857;NPAC SMS shall not allow the addition of an NPA-NXX to an NPA Split after the split data is entered. Additional NPA-NXX(s) may be handled by entering a new NPA split into the NPAC SMS.;F;0;1;0;0;0;0;0;0;0;0;0;0;0
1858;npac.doc_1858;NPAC SMS shall allow the removal of pending NPA Split information prior to the start of the permissive dialing period.;F;0;1;0;0;0;0;0;0;0;0;0;0;0
1859;npac.doc_1859;NPAC SMS shall log and remove NPA Split Information from the NPAC SMS at the end of the permissive dialing period.;F;0;1;0;0;0;0;0;0;0;0;0;0;0
1860;npac.doc_1860;NPAC SMS shall broadcast no information to the SOA(s) or LSMS(s) about the creation, modification, or deletion of Subscription Versions due to NPA Split processing on the NPAC SMS.;NFR;1;0;0;0;0;0;0;0;0;0;0;0;0
1861;npac.doc_1861;NPAC SMS shall retain the Subscription Version Id of the Subscription Versions involved in an NPA Split.;F;0;1;0;0;0;0;0;0;0;0;0;0;0
1862;npac.doc_1862;NPAC SMS shall update all Subscription Versions with a status other than old or canceled with the new NPA at the beginning of the Permissive Dialing Period.;F;0;1;0;0;0;0;0;0;0;0;0;0;0
1863;npac.doc_1863;NPAC SMS shall verify that the old NPA-NXX(s) involved in an NPA Split are not currently involved in another NPA Split when NPAC personnel enter the NPA split information.;F;0;1;0;0;0;0;0;0;0;0;0;0;0
1864;npac.doc_1864;NPAC SMS shall report an error to NPAC personnel and reject the NPA Split upon determining that an old NPA-NXX involved in an NPA Split is currently involved in another NPA Split.;F;0;1;0;0;0;0;0;0;0;0;0;0;0
1865;npac.doc_1865;NPAC SMS shall verify that the end date of permissive dialing is greater than the start date except in cases where there is no permissive dialing period.;NFR;1;0;0;0;0;0;0;0;0;0;0;0;0
1866;npac.doc_1866;NPAC SMS shall verify that the owner of the old NPA-NXX matches the owner of the new NPA-NXX for each NXX in a NPA split.;F;0;1;0;0;0;0;0;0;0;0;0;0;0
1867;npac.doc_1867;NPAC SMS shall report an error to NPAC personnel and reject the NPA Split upon determining that the owner of the old NPA-NXX does not match the owner of the new NPA-NXX for each NXX in a NPA split.;F;0;1;0;0;0;0;0;0;0;0;0;0;0
1868;npac.doc_1868;NPAC SMS shall change the old NPA-NXX to the new NPA-NXX when a Subscription Version is created with the old NPA-NXX during the permissive dialing period.;F;0;1;0;0;0;0;0;0;0;0;0;0;0
1869;npac.doc_1869;NPAC SMS shall support a Current and Pending NPA Split Report for NPA Splits before or during their permissive dialing period that contains all split data entered as defined in RN3-4.15.;F;0;1;0;0;0;0;0;0;0;0;0;0;0
1870;npac.doc_1870;NPAC SMS shall support a NPA Split History Report for completed NPA Splits that contains all split data entered as defined in RN3-4.15.;F;0;1;0;0;0;0;0;0;0;0;0;0;0
1871;npac.doc_1871;NPAC SMS shall create an old Subscription Version with a new version id for an active Subscription Version involved in an NPA split at the start of permissive dialing for the old NPA.;F;0;1;0;0;0;0;0;0;0;0;0;0;0
1872;npac.doc_1872;NPAC SMS shall broadcast no data to the Local SMSs due to the creation of an old Subscription Version with a new version id for an NPA split.;NFR;1;0;0;0;0;0;0;0;0;0;0;0;0
1873;npac.doc_1873;NPAC SMS shall automatically delete the old NPA-NXX from the Portable NPA-NXX Information in the NPAC, upon reaching the end of the permissive dialing period for the old NPA-NXX involved in an NPA Split.;F;0;1;0;0;0;0;0;0;0;0;0;0;0
1874;npac.doc_1874;NPAC SMS shall automatically create a new NPA-NXX-X in the Number Pooling NPA-NXX-X Information, when a valid request is made to add an NPA Split, if the old NPA-NXX-X exists, but the new NPA-NXX-X does NOT exist in the Number Pooling NPA-NXX-X Information. (Previously N-300);F;0;1;0;0;0;0;0;0;0;0;0;0;0
1875;npac.doc_1875;NPAC SMS shall reject the request and generate an error message to the NPAC Personnel when a request is made to add an NPA Split, and the new NPA-NXX-X already exists in the Number Pooling NPA-NXX-X Information. (Previously N-301);F;0;1;0;0;0;0;0;0;0;0;0;0;0
1876;npac.doc_1876;NPAC SMS shall populate the fields for the automatically generated new NPA-NXX-X in the Number Pooling NPA-NXX-X Information, when a request is made to add an NPA Split or an old NPA-NXX-X is created during a split, as follows: (Previously N-302);F;0;1;0;0;0;0;0;0;0;0;0;0;0
1877;npac.doc_1877;NPA-NXX-X ID – value automatically generated by NPAC, NPA-NXX-X Holder SPID – value set to old NPA-NXX-X, NPA-NXX-X – value set to the new NPA-NXX, plus the seventh digit of the old NPA-NXX-X,  Effective Date – value set to the latest of, the same field in old NPA-NXX-X, or the start of PDP,  Creation Date – value set to current date/time, Last Modified Date – value set to current date/time, Download Reason – value set to “new1”.;F;0;1;0;0;0;0;0;0;0;0;0;0;0
1878;npac.doc_1878;NPAC SMS shall NOT schedule the Creation of a Block and Subscription Versions with LNP Type of POOL, for an NPA-NXX-X that is automatically generated by the NPAC SMS in the Number Pooling NPA-NXX-X Information, as a result of a request to add an NPA Split. (Previously N-303);F;0;1;0;0;0;0;0;0;0;0;0;0;0
1879;npac.doc_1879;NPAC SMS shall upon the removal of an NPA-NXX from an NPA Split prior to the end of permissive dialing, remove the new NPA-NXX-X from the NPA-NXX-X Holder Information. (Previously N-310);F;0;1;0;0;0;0;0;0;0;0;0;0;0
1880;npac.doc_1880;NPAC SMS shall, upon entry of an old NPA-NXX-X in the Number Pooling NPA-NXX-X Holder Information, automatically add an entry for the new NPA-NXX-X for an NPA-NXX scheduled for an NPA Split. (Previously N-320.1);F;0;1;0;0;0;0;0;0;0;0;0;0;0
1881;npac.doc_1881;NPAC SMS shall reject the request and generate an error message to the NPAC Personnel when a request is made to add a new NPA-NXX-X in the Number Pooling NPA-NXX-X Holder Information, and the NPA-NXX is scheduled for an NPA Split. (Previously N-320.2);F;0;1;0;0;0;0;0;0;0;0;0;0;0
1882;npac.doc_1882;NPAC SMS shall, upon entry of an NPA-NXX-X in the Number Pooling NPA-NXX-X Holder Information, automatically add an entry for the new/old NPA-NXX-X for an NPA-NXX currently in Permissive Dialing in an NPA Split. (Previously N-320.3);F;0;1;0;0;0;0;0;0;0;0;0;0;0
1883;npac.doc_1883;NPAC SMS shall, upon modification of an old NPA-NXX-X in the Number Pooling NPA-NXX-X Holder Information, automatically modify the corresponding entry for the new NPA-NXX-X for an NPA-NXX scheduled for an NPA Split, if the new Effective Date is Greater Than or Equal To the start of the Permissive Dialing Period. If the modified Effective Date value is Less Than the start of the Permissive Dialing Period, then the new NPA-NXX-X’s Effective Date is Equal To the start of the Permissive Dialing Period. (Previously N-321.1);F;0;1;0;0;0;0;0;0;0;0;0;0;0
1884;npac.doc_1884;NPAC SMS shall reject the request and generate an error message to the NPAC Personnel when a request is made to modify a new NPA-NXX-X in the Number Pooling NPA-NXX-X Holder Information, and the NPA-NXX is scheduled for an NPA Split. (Previously N-321.2);F;0;1;0;0;0;0;0;0;0;0;0;0;0
1885;npac.doc_1885;NPAC SMS shall, upon modification of an NPA-NXX-X in the Number Pooling NPA-NXX-X Holder Information, automatically modify the old/new NPA-NXX-X for an NPA-NXX currently in Permissive Dialing in an NPA Split.;F;0;1;0;0;0;0;0;0;0;0;0;0;0
1886;npac.doc_1886;NPAC SMS shall, upon de-pooling of an old NPA-NXX-X in the Number Pooling NPA-NXX-X Holder Information, prior to the start of the Permissive Dialing Period, automatically de-pool the corresponding entry for the new NPA-NXX-X for an NPA-NXX scheduled for an NPA Split, at the time the requested NPA-NXX-X is de-pooled. (Previously N-322.1);F;0;1;0;0;0;0;0;0;0;0;0;0;0
1887;npac.doc_1887;NPAC SMS shall reject the request and generate an error message to the NPAC Personnel when a request is made to de-pool a new NPA-NXX-X in the Number Pooling NPA-NXX-X Holder Information, and the NPA-NXX is scheduled for an NPA Split. (Previously N-322.2);F;0;1;0;0;0;0;0;0;0;0;0;0;0
1888;npac.doc_1888;NPAC SMS shall, upon de-pool of an NPA-NXX-X in the Number Pooling NPA-NXX-X Holder Information, automatically de-pool the old/new NPA-NXX-X for an NPA-NXX currently in Permissive Dialing in an NPA Split, at the time the requested NPA-NXX-X is de-pooled.;F;0;1;0;0;0;0;0;0;0;0;0;0;0
1889;npac.doc_1889;"NPAC SMS shall broadcast NPA-NXX-X data defined in RR3-31, RR3-35, RR3-36.1, RR3-36.3, RR3-37.1, RR3-37.3, RR3-38.1, and RR3-38.3, that is added or deleted for an NPA Split; this broadcast shall occur as defined in requirements RR3-66, RR3-67.1, RR3-67.2, RR3-68, RR3-69, RR3-70, RR3-71, RR3-72 and RR3-73. (Previously N-325)";F;0;1;0;0;0;0;0;0;0;0;0;0;0
1890;npac.doc_1890;NPAC SMS shall automatically delete the old NPA-NXX-X from the Number Pooling NPA-NXX-X Holder Information, upon reaching the end of the permissive dialing period for the old NPA-NXX of the NPA-NXX-X. (Previously N-326);F;0;1;0;0;0;0;0;0;0;0;0;0;0
1891;npac.doc_1891;NPAC SMS shall upon the start of permissive dialing for an NPA Split, convert the old NPA-NXX to the new NPA-NXX in the Number Pooling Block Information. (Previously B-490);F;0;1;0;0;0;0;0;0;0;0;0;0;0
1892;npac.doc_1892;NPAC SMS shall upon the removal of an NPA-NXX from an NPA Split, after the start of permissive dialing, reinstate the original NPA for the NXX-X in the Block Holder Information. (Previously B-500);F;0;1;0;0;0;0;0;0;0;0;0;0;0
1893;npac.doc_1893;NPAC SMS shall convert the old NPA-NXX to the new NPA-NXX for a Block involved in an NPA Split upon creation in the Number Pooling Block Holder Information, if the old NPA-NXX is currently in permissive dialing. (Previously B-510);F;0;1;0;0;0;0;0;0;0;0;0;0;0
1894;npac.doc_1894;NPAC SMS shall accept a Block create request from NPAC personnel, Service Provider via the SOA to NPAC SMS Interface or Service Provider via the NPAC SOA Low-tech Interface, with either the old NPA-NXX or the new NPA-NXX for an NPA-NXX that is currently in permissive dialing. (Previously B-520);F;0;1;0;0;0;0;0;0;0;0;0;0;0
1895;npac.doc_1895;NPAC SMS shall broadcast a Block create to an EDR Local SMS, via the NPAC SMS to Local SMS Interface, by sending a Block using the new NPA-NXX for an NPA-NXX that is currently in permissive dialing. (Previously B-530);F;0;1;0;0;0;0;0;0;0;0;0;0;0
1896;npac.doc_1896;NPAC SMS shall accept a Block modify active request from NPAC personnel, Service Provider via the SOA to NPAC SMS Interface, or Service Provider via the NPAC SOA Low-tech Interface, with either the old NPA-NXX or the new NPA-NXX for an NPA-NXX that is currently in permissive dialing. (Previously B-540);F;0;1;0;0;0;0;0;0;0;0;0;0;0
1897;npac.doc_1897;NPAC SMS shall broadcast a Block modify active to an EDR Local SMS, via the NPAC SMS to Local SMS Interface, by sending a Block using the new NPA-NXX for an NPA-NXX that is currently in permissive dialing. (Previously B-550);F;0;1;0;0;0;0;0;0;0;0;0;0;0
1898;npac.doc_1898;NPAC SMS shall broadcast a Block delete request to an EDR Local SMS, via the NPAC SMS to Local SMS Interface, by sending a Block using the new NPA-NXX for an NPA-NXX that is currently in permissive dialing. (Previously B-551);F;0;1;0;0;0;0;0;0;0;0;0;0;0
1899;npac.doc_1899;NPAC SMS shall accept a mass update request from NPAC personnel that spans one or more Blocks that are part of an NPA Split that is currently in permissive dialing only when the new NPA-NXX is used.;F;0;1;0;0;0;0;0;0;0;0;0;0;0
1900;npac.doc_1900;NPAC SMS shall broadcast a mass update that could span one or more Blocks to an EDR Local SMS, via the NPAC SMS to Local SMS Interface, using the new NPA-NXX for an NPA-NXX that is currently in permissive dialing. (Previously B-553);F;0;1;0;0;0;0;0;0;0;0;0;0;0
1901;npac.doc_1901;NPAC SMS shall create an old Block with a new version id for an active Block involved in an NPA split at the start of permissive dialing for the old NPA. (Previously B-554.1);F;0;1;0;0;0;0;0;0;0;0;0;0;0
1902;npac.doc_1902;NPAC SMS shall broadcast no data to the Local SMSs due to the creation of an old Block with a new version id for an NPA split. (Previously B-554.2);F;0;1;0;0;0;0;0;0;0;0;0;0;0
1903;npac.doc_1903;NPAC SMS shall broadcast the Subscription Versions with LNP Type of POOL using the new NPA-NXX, for an addition, modification, deletion, re-send, resync, or mass update, to a non-EDR Local SMS, via the NPAC SMS to Local SMS Interface, for an NPA-NXX that is currently in permissive dialing. (Previously SV-430);F;0;1;0;0;0;0;0;0;0;0;0;0;0
1904;npac.doc_1904;NPAC SMS shall allow a Service Provider to create a filtered NPA-NXX for a given Local SMS, via the NPAC SMS to Local SMS interface and the SOA to NPAC SMS interface, which results in the SMS NOT broadcasting NPA-NXX information, subscription versions, NPA-NXX-X information or Number Pool Blocks with the filtered NPA-NXX to the Local SMS.;NFR;1;0;0;0;0;0;0;0;0;0;0;0;0
1905;npac.doc_1905;NPAC SMS shall allow a Service Provider to delete a filtered NPA-NXX for a given Local SMS, via the NPAC SMS to Local SMS interface and the SOA to NPAC SMS interface, which results in the SMS broadcasting NPA-NXX information, subscription versions, NPA-NXX-X information and Number Pool Blocks with the filtered NPA-NXX to the given Local SMS.;NFR;1;0;0;0;0;0;0;0;0;0;0;0;0
1906;npac.doc_1906;NPAC SMS shall allow a Service Provider to query filtered NPA-NXXs for a given Local SMS via the NPAC SMS to Local SMS interface and the SOA to NPAC SMS interface.;NFR;1;0;0;0;0;0;0;0;0;0;0;0;0
1907;npac.doc_1907;NPAC SMS shall return to the requesting Service Provider all filtered NPA-NXXs for a given Local SMS when the NPA-NXX is NOT input upon a Filter NPA-NXX Query via the NPAC SMS to Local SMS interface and the SOA to NPAC SMS interface.;F;0;1;0;0;0;0;0;0;0;0;0;0;0
1908;npac.doc_1908;NPAC SMS shall return to the requesting Service Provider a single NPA-NXX for a given Local SMS when the NPA-NXX is input upon a filtered NPA-NXX Query via the NPAC SMS to Local SMS interface and the SOA to NPAC SMS interface.;F;0;1;0;0;0;0;0;0;0;0;0;0;0
1909;npac.doc_1909;NPAC SMS shall support definition and processing of long and short business hours and days for operations involving business time calculation.;F;0;1;0;0;0;0;0;0;0;0;0;0;0
1910;npac.doc_1910;NPAC SMS short business days shall be Monday through Friday excluding NPAC operations-defined holidays.;F;0;1;0;0;0;0;0;0;0;0;0;0;0
1911;npac.doc_1911;NPAC SMS long business days shall be Monday through Saturday excluding NPAC operations-defined holidays.;F;0;1;0;0;0;0;0;0;0;0;0;0;0
1912;npac.doc_1912;NPAC SMS shall provide long and short Business Day Duration tunable parameters, which are defined as the number of hours from the tunable business day start time.;F;0;1;0;0;0;0;0;0;0;0;0;0;0
1913;npac.doc_1913;NPAC SMS shall allow the NPAC SMS Administrator to modify the long and short Business Day Duration tunable parameters.;NFR;1;0;0;0;0;0;0;0;0;0;0;0;0
1914;npac.doc_1914;NPAC SMS shall default the short Business Day Duration tunable parameter to 12 hours.;F;0;1;0;0;0;0;0;0;0;0;0;0;0
1915;npac.doc_1915;NPAC SMS shall default the long Business Day Duration tunable parameter to 12 hours.;F;0;1;0;0;0;0;0;0;0;0;0;0;0
1916;npac.doc_1916;NPAC SMS shall provide long and short Business Day Start Time tunable parameters, which are defined as the start of the business day in Central Time (standard/daylight).;F;0;1;0;0;0;0;0;0;0;0;0;0;0
1917;npac.doc_1917;NPAC SMS shall set the long and short Business Day Start Time tunable parameters to the value specified by the contracting region.;F;0;1;0;0;0;0;0;0;0;0;0;0;0
1918;npac.doc_1918;NPAC SMS shall default the short Business Day Start Time tunable parameter to 7:00 AM, Central Time (standard/daylight).;F;0;1;0;0;0;0;0;0;0;0;0;0;0
1919;npac.doc_1919;NPAC SMS shall default the long Business Day Start Time tunable parameter to 8:00 AM, Central Time (standard/daylight).;F;0;1;0;0;0;0;0;0;0;0;0;0;0
1920;npac.doc_1920;NPAC SMS shall allow NPAC operations personnel to add/delete business holidays.;NFR;1;0;0;0;0;0;0;0;0;0;0;0;0
1921;npac.doc_1921;NPAC SMS shall allow NPAC personnel to store a primary service provider id with the associated service provider id that it will service.;NFR;1;0;0;0;0;0;0;0;0;0;0;0;0
1922;npac.doc_1922;NPAC SMS shall allow NPAC personnel to delete an associated service provider id that is serviced by a primary service provider id.;NFR;1;0;0;0;0;0;0;0;0;0;0;0;0
1923;npac.doc_1923;NPAC SMS shall validate that the primary and associated service provider ids specified in the NPAC Customer Associated Service Provider Information are valid service provider ids defined in the NPAC SMS.;F;0;1;0;0;0;0;0;0;0;0;0;0;0
1924;npac.doc_1924;NPAC SMS shall validate that the associated service provider id is not already specified as a primary or associated service provider id in the NPAC Customer Associated Service Provider Information.;F;0;1;0;0;0;0;0;0;0;0;0;0;0
1925;npac.doc_1925;Associated service providers using services from another primary service provider’s SOA must use another service provider id if they choose to interact with the NPAC independently from the primary service provider.;F;0;1;0;0;0;0;0;0;0;0;0;0;0
1926;npac.doc_1926;NPAC SMS shall report an error to the user and reject the addition of NPAC Customer Associated Service Provider Information if validation errors occur.;F;0;1;0;0;0;0;0;0;0;0;0;0;0
1927;npac.doc_1927;NPAC SMS shall prevent a service provider from being deleted in the NPAC SMS if it exists in the NPAC Customer Associated Service Provider Information as a primary or associated service provider id.;NFR;1;0;0;0;0;0;0;0;0;0;0;0;0
1928;npac.doc_1928;NPAC SMS shall reject any SOA to NPAC SMS association attempt by a Service Provider Id that is a service provider associated with the primary Service Provider Id in the NPAC Customer Associated Service Provider Information.;F;0;1;0;0;0;0;0;0;0;0;0;0;0
1929;npac.doc_1929;NPAC SMS shall support the specification of an associated service provider id in the access control field over a SOA to NPAC SMS association for the primary service provider provided the associated service provider id is defined in the NPAC Associated Service Provider Information for the primary service provider id.;F;0;1;0;0;0;0;0;0;0;0;0;0;0
1930;npac.doc_1930;NPAC SMS shall validate the old and new/current service provider id for a message sent over the SOA to NPAC SMS association for the primary association as is done today using the service provider id specified in the access control for the message.;F;0;1;0;0;0;0;0;0;0;0;0;0;0
1931;npac.doc_1931;NPAC SMS shall accept and send keys from the key lists associated with the primary service provider for all SOA to NPAC SMS messages sent over the association for the primary service provider.;F;0;1;0;0;0;0;0;0;0;0;0;0;0
1932;npac.doc_1932;NPAC SMS shall send all SOA notifications for an associated Service Provider over the SOA to NPAC SMS interface association for the primary service provider.;F;0;1;0;0;0;0;0;0;0;0;0;0;0
1933;npac.doc_1933;NPAC SMS aggregation of all messages over the SOA to NPAC SMS interface for primary and associated service provider ids will not be supported by the NPAC SMS.;F;0;1;0;0;0;0;0;0;0;0;0;0;0
1934;npac.doc_1934;NPAC SMS shall apply NPA-NXX filters for the associated Service Provider Id before sending them over the SOA to NPAC SMS interface association for the primary service provider.;F;0;1;0;0;0;0;0;0;0;0;0;0;0
1935;npac.doc_1935;NPAC SMS shall support messages containing primary and associated service provider ids that are interleaved over the SOA to NPAC SMS interface association for the primary service provider.;F;0;1;0;0;0;0;0;0;0;0;0;0;0
1936;npac.doc_1936;NPAC SMS shall support the recovery of network data or notifications for an associated Service Provider over a SOA to NPAC SMS association in recovery mode for a primary service provider.;F;0;1;0;0;0;0;0;0;0;0;0;0;0
1937;npac.doc_1937;NPAC SMS shall provide a mechanism that allows a Service Provider to recover network data and subscription data in file format.;F;0;1;0;0;0;0;0;0;0;0;0;0;0
1938;npac.doc_1938;NPAC SMS shall follow the file naming convention as described in Appendix E.;F;0;1;0;0;0;0;0;0;0;0;0;0;0
1939;npac.doc_1939;NPAC SMS shall follow the file format as described in Appendix E.;F;0;1;0;0;0;0;0;0;0;0;0;0;0
1940;npac.doc_1940;NPAC SMS shall allow network data only, subscription data only, or both, as selection criteria for bulk data download file generation.;F;0;1;0;0;0;0;0;0;0;0;0;0;0
1941;npac.doc_1941;NPAC SMS shall require, as selection criteria for network bulk data download file generation, a Service Provider filter of either a single Service Provider ID or ‘All Service Providers’.;F;0;1;0;0;0;0;0;0;0;0;0;0;0
1942;npac.doc_1942;NPAC SMS shall require, as selection criteria for subscription bulk data download file generation, a Service Provider filter of either a single Service Provider ID or ‘All Service Providers’, and a start NPA-NXX-station (10-digits).;F;0;1;0;0;0;0;0;0;0;0;0;0;0
1943;npac.doc_1943;NPAC SMS shall accept, as optional selection criteria for subscription bulk data download file generation, an end NPA-NXX-station (10 digits), a start activation date and time, and an end activation date and time.;F;0;1;0;0;0;0;0;0;0;0;0;0;0
1944;npac.doc_1944;NPAC SMS shall automatically put the subscription bulk data download file into the FTP sub-directory of the Service Provider, based on SPID, that requested the creation of the subscription bulk data download file.;F;0;1;0;0;0;0;0;0;0;0;0;0;0
1945;npac.doc_1945;NPAC SMS shall provide a mechanism to indicate whether a Service Provider supports receiving the NPA-NXX-X data, by downloading this data to their SOA via the SOA to NPAC SMS Interface, using the Number Pooling NPA-NXX-X Object. (Previously NC-1);F;0;1;0;0;0;0;0;0;0;0;0;0;0
1946;npac.doc_1946;NPAC SMS shall default the SOA NPA-NXX-X Indicator to FALSE. (Previously NC-3);F;0;1;0;0;0;0;0;0;0;0;0;0;0
1947;npac.doc_1947;NPAC SMS shall allow the NPAC SMS Administrator to modify the SOA NPA-NXX-X Indicator on the NPAC Customer record. (Previously NC-5);NFR;1;0;0;0;0;0;0;0;0;0;0;0;0
1948;npac.doc_1948;NPAC SMS shall provide a mechanism to indicate whether a Service Provider supports receiving the NPA-NXX-X data, by downloading this data to their Local SMS via the NPAC SMS to Local SMS Interface, using the Number Pooling NPA-NXX-X Object. (Previously NC-10);F;0;1;0;0;0;0;0;0;0;0;0;0;0
1949;npac.doc_1949;NPAC SMS shall default the LSMS NPA-NXX-X Indicator to FALSE. (Previously NC-20);F;0;1;0;0;0;0;0;0;0;0;0;0;0
1950;npac.doc_1950;NPAC SMS shall allow the NPAC SMS Administrator to modify the LSMS NPA-NXX-X Indicator on the NPAC Customer record. (Previously NC-30);NFR;1;0;0;0;0;0;0;0;0;0;0;0;0
1951;npac.doc_1951;NPAC SMS shall provide a mechanism to indicate whether a Service Provider supports Efficient Data Representation (EDR), by downloading this data to their Local SMS via the NPAC SMS to Local SMS Interface, using the Number Pooling Block Object. (Previously NC-50);F;0;1;0;0;0;0;0;0;0;0;0;0;0
1952;npac.doc_1952;NPAC SMS shall default the EDR Indicator to FALSE. (Previously NC-60);F;0;1;0;0;0;0;0;0;0;0;0;0;0
1953;npac.doc_1953;NPAC SMS shall allow the NPAC SMS Administrator to modify the EDR Indicator on the NPAC Customer record. (Previously NC-70);NFR;1;0;0;0;0;0;0;0;0;0;0;0;0
1954;npac.doc_1954;NPAC SMS shall allow NPAC Personnel to add, modify, delete, and query NPA-NXX-X Holder information via the NPAC Administrative Interface. (Previously N-10);F;0;1;0;0;0;0;0;0;0;0;0;0;0
1955;npac.doc_1955;NPAC SMS shall reject a request from a Service Provider SOA via the SOA to NPAC SMS Interface, Service Provider via the NPAC SOA Low-tech Interface, or Service Provider via the NPAC SMS to Local SMS Interface, to add, modify, or delete, NPA-NXX-X Holder information as stored in the NPAC SMS. (Previously N-20);F;0;1;0;0;0;0;0;0;0;0;0;0;0
1956;npac.doc_1956;NPAC SMS shall validate that the NPA-NXX specified in the addition of Number Pooling NPA-NXX-X Holder information is a valid NPA-NXX defined in the NPAC SMS. (Previously N-30);F;0;1;0;0;0;0;0;0;0;0;0;0;0
1957;npac.doc_1957;NPAC SMS shall validate that the effective date of the NPA-NXX-X is equal to, or greater than, the effective date of the NPA-NXX as defined in the NPAC SMS. (Previously N-40);F;0;1;0;0;0;0;0;0;0;0;0;0;0
1958;npac.doc_1958;NPAC SMS shall validate that the NPA-NXX-X specified in the addition of Number Pooling NPA-NXX-X Holder Information is not a duplicate for another entry in the Number Pooling NPA-NXX-X Holder Information. (Previously N-50);F;0;1;0;0;0;0;0;0;0;0;0;0;0
1959;npac.doc_1959;NPAC SMS shall download Number Pooling NPA-NXX-X Information, for additions, modifications, and deletions, using the Number Pooling NPA-NXX-X Object, via the NPAC SMS to Local SMS Interface if the Service Provider's Local SMS NPA-NXX-X indicator is TRUE. (Previously N-63);F;0;1;0;0;0;0;0;0;0;0;0;0;0
1960;npac.doc_1960;NPAC SMS shall suppress the download of Number Pooling NPA-NXX-X Information, for additions, modifications, and deletions, via the NPAC SMS to Local SMS Interface if the Service Provider's Local SMS NPA-NXX-X indicator is FALSE. (Previously N-64);NFR;1;0;0;0;0;0;0;0;0;0;0;0;0
1961;npac.doc_1961;NPAC SMS shall apply NPA-NXX Filters to NPA-NXX-X downloads to the Local SMS(s). (Previously N-65);F;0;1;0;0;0;0;0;0;0;0;0;0;0
1962;npac.doc_1962;NPAC SMS shall download Number Pooling NPA-NXX-X Information, for additions, modifications, and deletions, using the Number Pooling NPA-NXX-X Object, via the SOA to NPAC SMS Interface if the Service Provider's SOA NPA-NXX-X indicator is TRUE. (Previously N-66);F;0;1;0;0;0;0;0;0;0;0;0;0;0
1963;npac.doc_1963;NPAC SMS shall suppress the download of Number Pooling NPA-NXX-X Information, for additions, modifications, and deletions, via the SOA to NPAC SMS Interface if the Service Provider's SOA NPA-NXX-X indicator is FALSE. (Previously N-67);F;0;1;0;0;0;0;0;0;0;0;0;0;0
1964;npac.doc_1964;NPAC SMS shall apply NPA-NXX Filters to NPA-NXX-X downloads to the SOA(s). (Previously N-68);F;0;1;0;0;0;0;0;0;0;0;0;0;0
1965;npac.doc_1965;NPAC SMS shall report an error to the NPAC Personnel and reject the addition or modification of Number Pooling NPA-NXX-X Holder information, or the addition of an NPA Split, if validation errors occur as defined in Requirements RR3-63, RR3-64, RR3-65, RR3-85, RR3-92, RR3-96, RR3-99, RR3-100 and RR3-32. (Previously N-70);F;0;1;0;0;0;0;0;0;0;0;0;0;0
1966;npac.doc_1966;NPAC SMS shall provide a mechanism for NPAC Personnel to select NPAC Origination or SOA Origination for the Block data, when creating NPA-NXX-X Holder information, via the NPAC Administrative Interface. (Previously N-71.1);F;0;1;0;0;0;0;0;0;0;0;0;0;0
1967;npac.doc_1967;NPAC SMS shall provide a mechanism for NPAC Personnel to request NPAC Block Creation for either immediate execution, once the Effective Date has been reached, or at a future date/time, via the NPAC Administrative Interface. (Previously N-71.2);F;0;1;0;0;0;0;0;0;0;0;0;0;0
1968;npac.doc_1968;"NPAC SMS shall include the ""Scheduled Date/Time for Block Activation"" as an entry field in the format of MM/DD/YYYY and HH:MM, for the NPA-NXX-X Holder information via the NPAC Administrative Interface. (Previously N-71.3)";F;0;1;0;0;0;0;0;0;0;0;0;0;0
1969;npac.doc_1969;"NPAC SMS shall default the value in the ""Scheduled Date/Time for Block Activation"" field in the NPAC Administrative Interface, to the greater of, the Effective Date and 00:01 (HH:MM) Central Time, or, the current date and time. (Previously N-72.1)";F;0;1;0;0;0;0;0;0;0;0;0;0;0
1970;npac.doc_1970;"NPAC SMS shall validate that the ""Scheduled Date/Time for Block Activation"" field in the NPAC Administrative Interface, is a valid date and time, and is greater than or equal to the NPA-NXX-X Effective Date. (Previously N-72.2)";F;0;1;0;0;0;0;0;0;0;0;0;0;0
1971;npac.doc_1971;"NPAC SMS shall use the value in the ""Scheduled Date/Time for Block Activation"" field as the date and time, in Central Time, that the Block Creation scheduled event will occur, when the NPAC Origination has been selected by NPAC Personnel while creating NPA-NXX-X Holder information, or when re-scheduling a Block Create Event. (Previously N-73)";F;0;1;0;0;0;0;0;0;0;0;0;0;0
1972;npac.doc_1972;NPAC SMS shall require NPAC Personnel to enter applicable Block routing data, via the NPAC Administrative Interface, when the NPAC Origination has been selected by NPAC Personnel while creating NPA-NXX-X Holder information, or when re-scheduling a Block Create Event. (Previously N-74);F;0;1;0;0;0;0;0;0;0;0;0;0;0
1973;npac.doc_1973;NPAC SMS shall perform field-level data validations to ensure that the value formats for the following input data, are valid according to the formats specified in the Block Data Model upon Block creation scheduling for a Number Pool, or when re-scheduling a Block Create Event: (Previously N-75.1) NPA-NXX-X Holder SPID, NPA-NXX-X, LRN, Class DPC, Class SSN, LIDB DPC, LIDB SSN, CNAM DPC, CNAM SSN, ISVM DPC, ISVM SSN, WSMSC DPC (if supported by the Block Holder SOA), WSMSC SSN (if supported by the Block Holder SOA).;F;0;1;0;0;0;0;0;0;0;0;0;0;0
1974;npac.doc_1974;NPAC SMS shall validate that the LRN specified in the scheduling/re-scheduling of Number Pooling Block Holder information is a valid LRN defined in the NPAC SMS for the Block Holder. (Previously N-75.2);F;0;1;0;0;0;0;0;0;0;0;0;0;0
1975;npac.doc_1975;NPAC SMS shall provide a mechanism for NPAC Personnel to modify a Block Create Event, that has been previously entered, but not yet executed, via the NPAC Administrative Interface. (Previously N-76.1);F;0;1;0;0;0;0;0;0;0;0;0;0;0
1976;npac.doc_1976;NPAC SMS shall allow NPAC Personnel to modify the scheduled date/time for an NPAC initiated Block Create Event, to a different date/time, that is on or after the NPA-NXX-X effective date. (Previously N-76.2);NFR;1;0;0;0;0;0;0;0;0;0;0;0;0
1977;npac.doc_1977;NPAC SMS shall allow NPAC Personnel to modify the routing data for an NPAC initiated Block Create Event. (Previously N-76.3);NFR;1;0;0;0;0;0;0;0;0;0;0;0;0
1978;npac.doc_1978;NPAC SMS shall provide a mechanism for NPAC Personnel to re-schedule a Block Create, for an existing NPA-NXX-X, via the NPAC Administrative Interface. (Previously N-77.1);F;0;1;0;0;0;0;0;0;0;0;0;0;0
1979;npac.doc_1979;NPAC SMS shall provide a mechanism where the re-schedule of a Block Create, can be immediately executed or scheduled for a future date/time. (Previously N-77.2);F;0;1;0;0;0;0;0;0;0;0;0;0;0
1980;npac.doc_1980;NPAC SMS shall reject the re-schedule of a Block Create for immediate execution, prior to the effective date of the NPA-NXX-X. (Previously N-77.3);F;0;1;0;0;0;0;0;0;0;0;0;0;0
1981;npac.doc_1981;NPAC SMS shall allow the re-schedule of a Block Create, if the Block does NOT exist in the NPAC SMS, or if the Block exists with a status of Old without a Failed SP List. (Previously N-78.1);F;0;1;0;0;0;0;0;0;0;0;0;0;0
1982;npac.doc_1982;NPAC SMS shall only allow a single Block Create Event, that has not been previously executed for this Block, to exist in the NPAC SMS. (Previously N-78.2);NFR;1;0;0;0;0;0;0;0;0;0;0;0;0
1983;npac.doc_1983;NPAC SMS shall report an error to the NPAC Personnel and reject the addition or modification of a Number Pooling Block Create Event, if validation errors occur as defined in Requirements RR3-76.2, RR3-78, RR3-79.1, RR3-79.2, RR3-81.3, RR3-82.1, and RR3-82.2. (Previously N-78.3);F;0;1;0;0;0;0;0;0;0;0;0;0;0
1984;npac.doc_1984;NPAC SMS shall provide an error dialog that displays the unique error message described in RR3-147, and provides an option for the NPAC Personnel to either, exit the Block Create request, or generate the Pending-Like No-Active Subscription Version(s) report, in the report format listed in RR9-11, RR9-12, RR9-13, and RR9-14, to the screen on the NPAC Administrative Interface, when NPAC Personnel are re-scheduling a Block Creation request for immediate execution. (Previously N-79.1);F;0;1;0;0;0;0;0;0;0;0;0;0;0
1985;npac.doc_1985;NPAC SMS shall, after displaying the Pending-Like No-Active Subscription Version(s) report to the screen, allow the NPAC Personnel to choose an output destination for the report, when NPAC Personnel are re-scheduling a Block Creation request for immediate execution. (Previously N-79.2);F;0;1;0;0;0;0;0;0;0;0;0;0;0
1986;npac.doc_1986;NPAC SMS shall, continue to display the Pending-Like No-Active Subscription Version(s) report, to the screen, and allow the NPAC Personnel to choose additional output destinations one at a time, for the report, until the NPAC Personnel requests the closure of the report window, when NPAC Personnel are re-scheduling a Block Creation request for immediate execution. (Previously N-79.3);F;0;1;0;0;0;0;0;0;0;0;0;0;0
1987;npac.doc_1987;NPAC SMS shall provide output destination options for the Pending-Like No-Active Subscription Version(s) Report, based on the error message in RR3-83.1, that include print, fax, e-mail, stored to a file, when NPAC Personnel are re-scheduling a Block Creation request for immediate execution. (Previously N-79.4);F;0;1;0;0;0;0;0;0;0;0;0;0;0
1988;npac.doc_1988;NPAC SMS shall require NPAC personnel to specify the NPA-NXX-X Holder SPID, the NPA-NXX-X, and the Effective Date, as defined in the Number Pooling NPA-NXX-X Holder Information data model. (Previously N-80);F;0;1;0;0;0;0;0;0;0;0;0;0;0
1989;npac.doc_1989;NPAC SMS shall validate that the NPA-NXX-X Holder SPID is a valid Service Provider in the NPAC SMS. (Previously N-90);F;0;1;0;0;0;0;0;0;0;0;0;0;0
1990;npac.doc_1990;NPAC SMS shall reject the request and issue an error message to the NPAC personnel at the time of NPA-NXX-X Creation, if there are any TNs within the 1K Block of that NPA-NXX-X, or in a 1K Block of the corresponding old/new NPA-NXX-X belonging to an NPA-NXX scheduled for or currently in an NPA split, that contain an SV, with a status of pending/conflict/cancel-pending/failed, and where a currently active SV does NOT exist, for the given TN. (Previously N-100);F;0;1;0;0;0;0;0;0;0;0;0;0;0
1991;npac.doc_1991;NPAC SMS shall reject the request and issue an error message to the NPAC personnel at the time of NPA-NXX-X Creation, if there are any TNs within the 1K Block, that contain an SV, with a status of pending/conflict/cancel-pending/failed, and where the SV is a Port-To-Original port, for the given TN. (Previously N-110);F;0;1;0;0;0;0;0;0;0;0;0;0;0
1992;npac.doc_1992;NPAC SMS shall provide an error dialog that displays the unique error message described in RR3-86 and RR3-87, and provides an option for the NPAC Personnel to either, exit the NPA-NXX-X Create request, or generate the Pending-Like No-Active Subscription Version(s) and Pending-Like Port-to-Original Subscription Version(s) Report, in the report format listed in RR9-11, RR9-12, RR9-13, and RR9-14, to the screen on the NPAC Administrative Interface. (Previously N-130.1);F;0;1;0;0;0;0;0;0;0;0;0;0;0
1993;npac.doc_1993;NPAC SMS shall, after displaying the Pending-Like No-Active Subscription Version(s) and Pending-Like Port-to-Original Subscription Version(s) Report, to the screen, allow the NPAC Personnel to choose an output destination for the report. (Previously N-130.2);F;0;1;0;0;0;0;0;0;0;0;0;0;0
1994;npac.doc_1994;NPAC SMS shall, continue to display the Pending-Like No-Active Subscription Version(s) and Pending-Like Port-to-Original Subscription Version(s) Report, to the screen, and allow the NPAC Personnel to choose additional output destinations one at a time, for the report, until the NPAC Personnel requests the closure of the report window. (Previously N-130.3);F;0;1;0;0;0;0;0;0;0;0;0;0;0
1995;npac.doc_1995;NPAC SMS shall provide output destination options, as listed in R9-2, for the Pending-Like No-Active Subscription Version(s) and Pending-Like Port-to-Original Subscription Version(s) Report, based on the error condition in RR3-88.1. (Previously N-131);F;0;1;0;0;0;0;0;0;0;0;0;0;0
1996;npac.doc_1996;NPAC SMS shall provide a NPA-NXX-X Holder Effective Date Window tunable parameter which is defined as the minimum length of time between the current date (exclusive) and the effective date (inclusive), when Creating a NPA-NXX-X in the NPAC SMS. (Previously N-140);F;0;1;0;0;0;0;0;0;0;0;0;0;0
1997;npac.doc_1997;NOTE: If the current date is Tuesday the 2nd, the tunable is set to 5 business days, and the port is using short business days (i.e., Monday-Friday), then the minimum effective date for the NPA-NXX-X would be Tuesday the 9th.;F;0;1;0;0;0;0;0;0;0;0;0;0;0
1998;npac.doc_1998;NPAC SMS shall default the NPA-NXX-X Holder Effective Date Window tunable parameter to five (5) business days.;F;0;1;0;0;0;0;0;0;0;0;0;0;0
1999;npac.doc_1999;NOTE: The value of five (5) business days is selected because of the first port notifier, and this would affect SPs operationally if this value is set to less than five business days. (Previously N-150);F;0;1;0;0;0;0;0;0;0;0;0;0;0
2000;npac.doc_2000;NPAC SMS shall verify that the Effective Date for the NPA-NXX-X Holder data is equal to, or greater than, the current date plus the value of the NPA-NXX-X Holder Effective Date Window tunable parameter, excluding those automatically created by NPA Split processing. (Previously N-160);F;0;1;0;0;0;0;0;0;0;0;0;0;0
2001;npac.doc_2001;NPAC SMS shall set the time portion of the Effective Date Timestamp to 00:00 Central Time, and not allow the NPAC Personnel to modify the Time portion of the Effective Date, on the NPAC Administrative Interface. (Previously N-170);F;0;1;0;0;0;0;0;0;0;0;0;0;0
2002;npac.doc_2002;NPAC SMS shall, upon successful validation, store the NPA-NXX-X in the NPAC SMS, and broadcast the NPA-NXX-X to the Service Providers. (Previously N-180);F;0;1;0;0;0;0;0;0;0;0;0;0;0
2003;npac.doc_2003;NPAC SMS shall allow NPAC personnel to modify the effective date for an NPA-NXX-X as stored in the NPAC SMS via the NPAC Administrative Interface. (Previously N-190);F;0;1;0;0;0;0;0;0;0;0;0;0;0
2004;npac.doc_2004;NPAC SMS shall allow the NPAC personnel to modify the effective date for an NPA-NXX-X if the current date is less than the effective date for the NPA-NXX-X. (Previously N-200);F;0;1;0;0;0;0;0;0;0;0;0;0;0
2005;npac.doc_2005;NPAC SMS shall, upon modifying the effective date for an NPA-NXX-X, and where the Block Creation was a scheduled event within the NPAC SMS, also modify the corresponding date for that Block Create scheduled event. (Previously N-210);F;0;1;0;0;0;0;0;0;0;0;0;0;0
2006;npac.doc_2006;NPAC SMS shall allow the NPAC SMS Administrator to modify the NPA-NXX-X Holder Effective Date Window tunable parameter. (Previously N-220);NFR;1;0;0;0;0;0;0;0;0;0;0;0;0
2007;npac.doc_2007;NPAC SMS shall verify that the modification of the Effective Date for the NPA-NXX-X Holder data is equal to, or greater than, the current date. (Previously N-225);F;0;1;0;0;0;0;0;0;0;0;0;0;0
2008;npac.doc_2008;NPAC SMS shall verify that the modification of the Effective Date for the NPA-NXX-X Holder data is equal to, or greater than, the NPA-NXX-X Holder creation date plus the value of the NPA-NXX-X Holder Effective Date Window tunable parameter. (Previously N-230);F;0;1;0;0;0;0;0;0;0;0;0;0;0
2009;npac.doc_2009;NPAC SMS shall, upon successful validation, store the updates to the NPA-NXX-X in the NPAC SMS, and broadcast the updated NPA-NXX-X to the Service Providers. (Previously N-235);F;0;1;0;0;0;0;0;0;0;0;0;0;0
2010;npac.doc_2010;NPAC SMS shall allow NPAC personnel to delete the NPA-NXX-X holder information for an NPA-NXX-X as stored in the NPAC SMS. (Previously N-240);NFR;1;0;0;0;0;0;0;0;0;0;0;0;0
2011;npac.doc_2011;NPAC SMS shall allow NPAC personnel to delete the NPA-NXX-X holder information for a single NPA-NXX-X at a time, via the NPAC Administrative Interface. (Previously N-245);NFR;1;0;0;0;0;0;0;0;0;0;0;0;0
2012;npac.doc_2012;NPAC SMS shall reject the request and issue an error message to the NPAC personnel at the time of NPA-NXX-X Deletion, if there are any TNs within the 1K Block, that contain an SV with a status of pending/conflict/cancel-pending/failed where the Old SP is equal to the NPA-NXX-X Holder SPID, and the current active SV is LNP Type of POOL. (Previously N-250);F;0;1;0;0;0;0;0;0;0;0;0;0;0
2013;npac.doc_2013;NPAC SMS shall reject the request and issue an error message to the NPAC personnel at the time of NPA-NXX-X Deletion, if there are any TNs within the 1K Block, that contain an SV, where the SV is a Port-To-Original port. (Previously N-260);F;0;1;0;0;0;0;0;0;0;0;0;0;0
2014;npac.doc_2014;NPAC SMS shall reject the request and issue an error message to the NPAC personnel at the time of NPA-NXX-X Deletion, if the associated Block, contains a status other than Active, or the Failed SP List contains any SPIDs. (Previously N-265);F;0;1;0;0;0;0;0;0;0;0;0;0;0
2015;npac.doc_2015;NPAC SMS shall reject the request and issue an error message to the NPAC personnel at the time of NPA-NXX-X Deletion, if there are any Subscription Versions with a status of sending, as a result of a disconnect request for that given Subscription Version. (Previously N-270);F;0;1;0;0;0;0;0;0;0;0;0;0;0
2016;npac.doc_2016;NPAC SMS shall provide an error dialog that displays the unique error message described in RR3-104 and RR3-105, and provides an option for the NPAC Personnel to either, exit the NPA-NXX-X Delete request, or generate the Pending-Like With Active POOL Subscription Version(s) and Pending-Like Port-to-Original Subscription Version(s) Report, in the report format listed in RR9-15, RR9-16, RR9-17, and RR9-18, to the screen on the NPAC Administrative Interface. (Previously N-280.1);F;0;1;0;0;0;0;0;0;0;0;0;0;0
2017;npac.doc_2017;NPAC SMS shall, after displaying the Pending-Like With Active POOL Subscription Version(s) and Pending-Like Port-to-Original Subscription Version(s) Report, to the screen, allow the NPAC Personnel to choose an output destination for the report. (Previously N-280.2);F;0;1;0;0;0;0;0;0;0;0;0;0;0
2018;npac.doc_2018;NPAC SMS shall, continue to display the Pending-Like With Active POOL Subscription Version(s) and Pending-Like Port-to-Original Subscription Version(s) Report, to the screen, and allow the NPAC Personnel to choose additional output destinations one at a time, for the report, until the NPAC Personnel requests the closure of the report window. (Previously N-280.3);F;0;1;0;0;0;0;0;0;0;0;0;0;0
2019;npac.doc_2019;NPAC SMS shall provide output destination options, as listed in R9-2, for the Pending-Like With Active POOL Subscription Version(s) and Pending-Like Port-to-Original Subscription Version(s) Report, based on the error condition in RR3-108.1. (Previously N-281);F;0;1;0;0;0;0;0;0;0;0;0;0;0
2020;npac.doc_2020;NPAC SMS shall delete the NPA-NXX-X Holder Information for a 1K Block, through a multi-step process that includes: (Previously N-290)  Broadcasting the delete of SVs to non-EDR Local SMSs, Broadcasting the delete of Blocks to the EDR Local SMSs, Receiving a successful response from all EDR and non-EDR Local SMSs, Updating all SVs and Blocks on the NPAC SMS, Deleting the NPA-NXX-X Holder information from the NPAC SMS, Broadcasting the delete of NPA-NXX-X to the NPA-NXX-X enabled SOAs and Local SMSs.;F;0;1;0;0;0;0;0;0;0;0;0;0;0
2021;npac.doc_2021;NPAC SMS shall only delete the NPA-NXX-X Holder Information after successfully updating all associated SVs and Blocks to a status of Old with NO Failed SP List. (Previously N-295);F;0;1;0;0;0;0;0;0;0;0;0;0;0
2022;npac.doc_2022;NPAC SMS shall delete an associated Block Create Scheduled Event, that has not been executed, when deleting the NPA-NXX-X Holder Information. (Previously N-297);F;0;1;0;0;0;0;0;0;0;0;0;0;0
2023;npac.doc_2023;NPAC SMS shall allow NPAC personnel, Service Provider SOA via the SOA to NPAC SMS Interface, Local SMS via the NPAC SMS to Local SMS Interface, or Service Provider SOA via the NPAC SOA Low-tech Interface, to query the NPA-NXX-X holder information for all data as listed in the NPA-NXX-X Holder Information Data Model, for an NPA-NXX-X as stored in the NPAC SMS. (Previously N-340);NFR;1;0;0;0;0;0;0;0;0;0;0;0;0
2024;npac.doc_2024;NPAC SMS shall return to the NPAC Personnel or requesting Service Provider all NPA-NXX-Xs that match the query selection criteria, as listed in the NPA-NXX-X Holder Information Data Model, for an NPA-NXX-X as stored in the NPAC SMS. (Previously N-360);F;0;1;0;0;0;0;0;0;0;0;0;0;0
2025;npac.doc_2025;NPAC SMS shall provide to NPAC Personnel only, an indicator on the NPAC Administrative Interface, only after completing a query, if an associated Block Create Scheduled Event, that has not been executed, exists in the NPAC SMS. (Previously N-365);F;0;1;0;0;0;0;0;0;0;0;0;0;0
2026;npac.doc_2026;NPAC SMS shall provide a separate bulk data download file that contains all NPA-NXX-Xs in the NPAC SMS, when generating bulk data download files for Network Data. (Previously N-373);F;0;1;0;0;0;0;0;0;0;0;0;0;0
2027;npac.doc_2027;NPAC SMS shall apply NPA-NXX Filters to NPA-NXX-Xs in the creation of a bulk data download file. (Previously N-374);F;0;1;0;0;0;0;0;0;0;0;0;0;0
2028;npac.doc_2028;NPAC SMS shall automatically put the NPA-NXX-X bulk data download file into the FTP sub-directory of the Service Provider, based on SPID, that requested the creation of the bulk data download file for Network Data. (Previously N-375);F;0;1;0;0;0;0;0;0;0;0;0;0;0
2029;npac.doc_2029;NPAC SMS shall allow NPAC Personnel to add, modify, or query Block Holder information via the NPAC Administrative Interface. (Previously B-10);F;0;1;0;0;0;0;0;0;0;0;0;0;0
2030;npac.doc_2030;NPAC SMS shall download Number Pooling Block Information, for additions, modifications, deletions, re-sends, and resync using the Number Pooling Block Object, via the NPAC SMS to Local SMS Interface if the EDR indicator is TRUE, at the time a request is processed by the NPAC SMS. (Previously B-20);F;0;1;0;0;0;0;0;0;0;0;0;0;0
2031;npac.doc_2031;NPAC SMS shall download Number Pooling Block Information, for additions, modifications, deletions, re-sends, and resyncs, using individual subscription versions with LNP Type of POOL, for the TNs within the range of the 1K Block, via the NPAC SMS to Local SMS Interface if the EDR indicator is FALSE, at the time a request is processed by the NPAC SMS. (Previously B-30);F;0;1;0;0;0;0;0;0;0;0;0;0;0
2032;npac.doc_2032;NPAC SMS shall use the EDR Indicator when processing a request for Number Pooling Block Information, but not during the retry functionality (“x by y” [where “x” is the number of attempts, and “y” is the interval in number of minutes in between attempts]). (Previously B-32);F;0;1;0;0;0;0;0;0;0;0;0;0;0
2033;npac.doc_2033;NPAC SMS shall maintain data integrity for LRN and GTT data, between a Number Pooling Block and the corresponding Subscription Versions with LNP Type of POOL in that 1K Block, in the NPAC SMS. (Previously B-34);NFR;1;0;0;0;0;0;0;0;0;0;0;0;0
2034;npac.doc_2034;NPAC SMS shall verify the Block Holder SPID attribute of the Block object matches the SPID in the accessControl for SOA Block Activation. (Previously B-40);F;0;1;0;0;0;0;0;0;0;0;0;0;0
2035;npac.doc_2035;NPAC SMS shall verify the SPID of the accessControl matches the owner of the association or one of its secondary providers. (Previously B-50);F;0;1;0;0;0;0;0;0;0;0;0;0;0
2036;npac.doc_2036;NPAC SMS shall, upon receiving a block activate request, validate that the SPID and the NPA-NXX-X attributes in the request are the same as the SPID and the NPA-NXX-X in a single entry in the NPA-NXX-X Holder Information. (Previously B-60);F;0;1;0;0;0;0;0;0;0;0;0;0;0
2037;npac.doc_2037;NPAC SMS shall reject a request to create a Block if the current date is prior to the effective date of the Number Pooling NPA-NXX-X as defined in the NPAC SMS. (Previously B-70);F;0;1;0;0;0;0;0;0;0;0;0;0;0
2038;npac.doc_2038;NPAC SMS shall validate that the LRN specified in the addition or modification of Number Pooling Block Holder information is a valid LRN defined in the NPAC SMS for the Block Holder. (Previously B-80);F;0;1;0;0;0;0;0;0;0;0;0;0;0
2039;npac.doc_2039;NPAC SMS shall validate that the NPA-NXX-X specified in the addition of Number Pooling Block Holder Information does not already exist in the Number Pooling Block Holder Information, except for a status of Old where the Block’s Failed SP List is empty. (Previously B-90);F;0;1;0;0;0;0;0;0;0;0;0;0;0
2040;npac.doc_2040;NPAC SMS shall set the SOA Origination to TRUE for Blocks sent over the SOA to NPAC SMS Interface or for Blocks sent over the NPAC SOA Low-tech Interface, and to FALSE for Blocks that were created by NPAC personnel, except where the value will be maintained from the Old Block, as a result of an NPA Split. (Previously B-100);F;0;1;0;0;0;0;0;0;0;0;0;0;0
2041;npac.doc_2041;NPAC SMS shall report an error to the user and reject the addition or modification of Number Pooling Block Holder information if validation errors occur as defined in RR3-124, RR3-125, RR3-126, RR3-127, RR3-128, RR3-129, RR3-146, and RR3-149. (Previously B-110);F;0;1;0;0;0;0;0;0;0;0;0;0;0
2042;npac.doc_2042;NPAC SMS shall send all SOA notifications to the current SP (the block holder) for updates on Blocks, when the Block SOA Origination is TRUE. (Previously B-120);F;0;1;0;0;0;0;0;0;0;0;0;0;0
2043;npac.doc_2043;NPAC SMS shall suppress all SOA notifications to the current SP (the block holder) for updates on Blocks, when the Block SOA Origination is FALSE. (Previously B-130);F;0;1;0;0;0;0;0;0;0;0;0;0;0
2044;npac.doc_2044;NPAC SMS shall consider an EDR Local SMS to be discrepant and shall update the Block Failed SP List, based on an EDR Local SMS failing to process the Block Object, for an addition, modification, deletion, re-send, resync, or mass update. (Previously B-140);F;0;1;0;0;0;0;0;0;0;0;0;0;0
2045;npac.doc_2045;NPAC SMS shall consider a non-EDR Local SMS to be discrepant and shall update the Block Failed SP List, based on a non-EDR Local SMS failing to process one or more Subscription Versions, with LNP Type of POOL, within the Block, for an addition, modification, deletion, re-send, resync, or mass update. (Previously B-150);F;0;1;0;0;0;0;0;0;0;0;0;0;0
2046;npac.doc_2046;NPAC SMS shall send the Block Failed SP List, to the current SP (the block holder) via the SOA to NPAC SMS Interface, along with the SOA notification for status update of the Block, when the Block SOA Origination is TRUE, and the broadcast to one or more Local SMSs fail. (Previously B-160);F;0;1;0;0;0;0;0;0;0;0;0;0;0
2047;npac.doc_2047;NPAC SMS shall ensure that the status for Block broadcasts to EDR Local SMSs and Subscription Versions with LNP Type of POOL broadcasts to non-EDR Local SMSs, are synchronized, by performing the following: (Previously B-165.1) The status for the Block and Subscription Versions shall cross-reference one another and contain the results of the broadcast of the Block to the EDR Local SMSs, and the broadcast of the Subscription Versions to the non-EDR Local SMSs, The status for each Subscription Version shall only be set, once the broadcasts of the Block to all EDR and Subscription Versions to non-EDR Local SMSs has been completed, and a response has been received by all EDR and non-EDR Local SMSs or retries have been exhausted, The status for the Block shall only be set, once the broadcasts of the Block to all EDR and Subscription Versions to non-EDR Local SMSs has been completed, and a response has been received by all EDR and non-EDR Local SMSs or retries have been exhausted, The status for the Block shall reflect the information contained in Tables RR3-137.2, RR3-137.3, and RR3-137.4.;F;0;1;0;0;0;0;0;0;0;0;0;0;0
2048;npac.doc_2048;NPAC SMS shall set the status of a Block for Block Modification, based on the data contained in Table RR3-137.3. (Previously B-165.3);F;0;1;0;0;0;0;0;0;0;0;0;0;0
2049;npac.doc_2049;NPAC SMS shall set the status of a Block for Block Deletion, based on the data contained in Table RR3-137.4.  (Previously B-165.4);F;0;1;0;0;0;0;0;0;0;0;0;0;0
2050;npac.doc_2050;NPAC SMS shall ensure that the Block Failed SP List and the Subscription Versions Failed SP Lists for Block broadcasts to EDR Local SMSs and Subscription Versions broadcasts to non-EDR Local SMSs, are synchronized, by performing the following: (Previously B-166.1) The Block Failed SP List for the Block and Subscription Versions Failed SP Lists for the Subscription Versions shall cross-reference one another and contain the results of the broadcast of the Block to the EDR Local SMSs, and the broadcast of the Subscription Versions to the non-EDR Local SMSs, The Subscription Versions Failed SP Lists for the Subscription Versions shall be set, based on the results of the Block broadcasts to all EDR Local SMSs and the Subscription Version broadcasts to all non-EDR Local SMSs, and a response has been received by all EDR and non-EDR Local SMSs or retries have been exhausted, for Activations, Modifications, and Deletions, The Block Failed SP List for the Block shall be set, based on the results of the Block broadcasts to all EDR Local SMSs and the Subscription Version broadcasts to all non-EDR Local SMSs, and a response has been received by all EDR and non-EDR Local SMSs or retries have been exhausted, The Block Failed SP List for the Block shall be based on the summary of all Subscription Versions with LNP Type of POOL within the 1K Block, The Block Failed SP List for the Block shall reflect the information contained in Table RR3-138.2.;F;0;1;0;0;0;0;0;0;0;0;0;0;0
2051;npac.doc_2051;NPAC SMS shall set the Block Failed SP List of a Block for updates, based on the data contained in Table RR3-138.2.;F;0;1;0;0;0;0;0;0;0;0;0;0;0
2052;npac.doc_2052;NPAC SMS shall remove an EDR Service Provider from ALL subscription version's Failed SP List when the Service Provider is no longer on the Block Failed SP List. (Previously B-168);F;0;1;0;0;0;0;0;0;0;0;0;0;0
2053;npac.doc_2053;NPAC SMS shall generate a unique alarmable error message when a Block’s status is initially set to either Partial Failure or Failed, for Block Activation requests initiated by NPAC Personnel. (Previously B-169.1.1);F;0;1;0;0;0;0;0;0;0;0;0;0;0
2054;npac.doc_2054;NPAC SMS shall generate a unique alarmable error message when a Block’s status is updated to Active with a Failed SP List, for each occurrence, for Block Modification requests initiated by NPAC Personnel. (Previously B-169.2);F;0;1;0;0;0;0;0;0;0;0;0;0;0
2055;npac.doc_2055;NPAC SMS shall generate a unique alarmable error message when a Block’s status is updated to Old with a Failed SP List, for Block Deletion requests that were initiated through the NPA-NXX-X deletion by NPAC Personnel. (Previously B-169.3);F;0;1;0;0;0;0;0;0;0;0;0;0;0
2056;npac.doc_2056;NPAC SMS shall provide a mechanism to send a recurring page to NPAC Personnel, based on a configurable interval, when a unique alarmable error message is generated as defined in RR3-141.1, RR3-141.3, or RR3-141.4. (Previously B-169.6);F;0;1;0;0;0;0;0;0;0;0;0;0;0
2057;npac.doc_2057;NPAC SMS shall provide a mechanism to stop the recurring page to NPAC Personnel, whenever the Block’s status is set to Active AND the Block Failed SP List is empty, or, the Block’s status is set to Old AND the Block Failed SP List is empty. (Previously B-169.7);F;0;1;0;0;0;0;0;0;0;0;0;0;0
2058;npac.doc_2058;NPAC SMS shall apply NPA-NXX Filters to Block broadcasts to the Local SMS(s). (Previously B-560);NFR;1;0;0;0;0;0;0;0;0;0;0;0;0
2059;npac.doc_2059;NPAC SMS shall allow NPAC personnel, Service Provider via the SOA to NPAC SMS Interface, or Service Provider via the NPAC SOA Low-tech Interface, to request the creation of a Number Pooling Block. (Previously B-170);NFR;1;0;0;0;0;0;0;0;0;0;0;0;0
2060;npac.doc_2060;NPAC SMS shall reject a request to create a Block by a Service Provider via the NPAC SMS to Local SMS Interface, and will return an error message to the LSMS. (Previously B-175);F;0;1;0;0;0;0;0;0;0;0;0;0;0
2061;npac.doc_2061;NPAC SMS shall require NPAC personnel or Service Provider via the SOA to NPAC SMS Interface to specify the Block Holder SPID, the NPA-NXX-X, and the initial routing information, as defined in the Number Pooling Block Holder Information. (Previously B-180);F;0;1;0;0;0;0;0;0;0;0;0;0;0
2062;npac.doc_2062;NPAC SMS shall reject the request and issue a unique alarmable error message to the NPAC personnel at the time of Block Creation for an NPAC initiated request, from the NPAC Administrative Interface, if there are any TNs within the 1K Block, that contain an SV, with a status of pending/conflict/cancel-pending/failed, and where a currently active SV does NOT exist, for the given TN. (Previously B-190);F;0;1;0;0;0;0;0;0;0;0;0;0;0
2063;npac.doc_2063;NPAC SMS shall reject the request and issue an error message to the SOA at the time of Block Creation from the SOA via the SOA to NPAC SMS Interface, if there are any TNs within the 1K Block, that contain an SV, for a given TN in the 1K Block, with a status of pending/conflict/cancel-pending/failed, and where a currently active SV does NOT exist, for the given TN. (Previously B-210);F;0;1;0;0;0;0;0;0;0;0;0;0;0
2064;npac.doc_2064;NPAC SMS shall perform field-level data validations to ensure that the value formats for the following input data, is valid according to the formats specified in the Subscription Version Data Model upon Block creation for a Number Pool: (Previously B-250);F;0;1;0;0;0;0;0;0;0;0;0;0;0
2065;npac.doc_2065;NPAC SMS shall, upon successfully creating a Block, set the Block’s status to sending, and broadcast an addition of a Block, to EDR Local SMSs, via the NPAC SMS to Local SMS Interface. (Previously B-260);F;0;1;0;0;0;0;0;0;0;0;0;0;0
2066;npac.doc_2066;NPAC SMS shall update the Activation Broadcast Complete Timestamp of the Block upon completion of the broadcast, and the FIRST successful response, for either an EDR or non-EDR Local SMS. (Previously B-265);F;0;1;0;0;0;0;0;0;0;0;0;0;0
2067;npac.doc_2067;NPAC SMS shall update the status of the Block upon completion of the Activation broadcast, and a response from ALL EDR and non-EDR Local SMSs, or retries are exhausted, as defined in RR3-137.1 and RR3-137.2. (Previously B-270);F;0;1;0;0;0;0;0;0;0;0;0;0;0
2068;npac.doc_2068;NPAC SMS shall update the Block Failed SP List upon completion of the Activation broadcast, and a response from ALL EDR and non-EDR Local SMSs, or retries are exhausted, as defined in RR3-138.1, and RR3-138.2. (Previously B-275);F;0;1;0;0;0;0;0;0;0;0;0;0;0
2069;npac.doc_2069;NPAC SMS shall allow NPAC Personnel to modify the SOA Origination Indicator on the NPAC Block record, via the NPAC Administrative Interface. (Previously B-315);F;0;1;0;0;0;0;0;0;0;0;0;0;0
2070;npac.doc_2070;NPAC SMS shall suppress the broadcast to a Local SMS, of a modification to a Block’s SOA Origination Indicator. (Previously B-317);F;0;1;0;0;0;0;0;0;0;0;0;0;0
2071;npac.doc_2071;NPAC SMS shall suppress the creation of a Block modification notification, when the Block’s SOA Origination Indicator is modified to FALSE. (Previously B-318);F;0;1;0;0;0;0;0;0;0;0;0;0;0
2072;npac.doc_2072;NPAC SMS shall allow NPAC personnel, Service Provider via the SOA to NPAC SMS Interface, or Service Provider via the NPAC SOA Low-tech Interface, to modify the block holder default routing information (LRN, DPC(s), and SSN(s)), for a 1K Block as stored in the NPAC SMS. (Previously B-320);NFR;1;0;0;0;0;0;0;0;0;0;0;0;0
2073;npac.doc_2073;NPAC SMS shall reject a request to modify a Block by a Service Provider via the NPAC SMS to Local SMS Interface, and will return an error message to the LSMS. (Previously B-325);F;0;1;0;0;0;0;0;0;0;0;0;0;0
2074;npac.doc_2074;NPAC SMS shall allow a Service Provider via the SOA to NPAC SMS Interface or Service Provider via the NPAC SOA Low-tech Interface, to modify Block data for Blocks where the Block Holder SPID matches the Service Provider making the request. (Previously B-330);NFR;1;0;0;0;0;0;0;0;0;0;0;0;0
2075;npac.doc_2075;NPAC SMS shall allow a Service Provider via the SOA to NPAC SMS Interface, to modify Block data by specifying either Block ID, or NPA-NXX-X value and status, in the request. (Previously B-332);NFR;1;0;0;0;0;0;0;0;0;0;0;0;0
2076;npac.doc_2076;NPAC SMS shall reject and issue an error message to NPAC personnel, Service Provider via the SOA to NPAC SMS Interface, or Service Provider via the NPAC SOA Low-tech Interface, when modifying block holder data, for a 1K Block as stored in the NPAC SMS, and the Block’s current status is not active, or the Block has at least one Service Provider in the Failed SP List. (Previously B-335);F;0;1;0;0;0;0;0;0;0;0;0;0;0
2077;npac.doc_2077;NPAC SMS shall, upon processing a valid request to modify a Block, update the status of the Block, at the start of the broadcast of a Block modification to the Local SMSs, from an active status to a sending status. (Previously B-340);F;0;1;0;0;0;0;0;0;0;0;0;0;0
2078;npac.doc_2078;NPAC SMS shall, upon successfully modifying a Block and setting the Block’s status to sending, broadcast a modification of a Block to EDR Local SMSs, via the NPAC SMS to Local SMS Interface. (Previously B-350);F;0;1;0;0;0;0;0;0;0;0;0;0;0
2079;npac.doc_2079;NPAC SMS shall update the Modify Broadcast Complete Timestamp of the Block upon completion of the broadcast, and the FIRST successful response, for either an EDR or non-EDR Local SMS. (Previously B-355);F;0;1;0;0;0;0;0;0;0;0;0;0;0
2080;npac.doc_2080;NPAC SMS shall update the status of the Block upon completion of the Modification broadcast, and a response from ALL EDR and non-EDR Local SMSs, or retries are exhausted, as defined in RR3-137.1 and RR3-137.3. (Previously B-360);F;0;1;0;0;0;0;0;0;0;0;0;0;0
2081;npac.doc_2081;NPAC SMS shall update the Block Failed SP List upon completion of the broadcast, and a response from ALL EDR and non-EDR Local SMSs, or retries are exhausted, as defined in RR3-138.1, and 3-138.2. (Previously B-370);F;0;1;0;0;0;0;0;0;0;0;0;0;0
2082;npac.doc_2082;NPAC SMS shall create an old Block with a new version id for an active Block prior to modification. (Previously B-380);F;0;1;0;0;0;0;0;0;0;0;0;0;0
2083;npac.doc_2083;NPAC SMS shall broadcast no data to the Local SMSs due to the creation of an old Block with a new version id for an active Block prior to modification. (Previously B-390);F;0;1;0;0;0;0;0;0;0;0;0;0;0
2084;npac.doc_2084;NPAC SMS shall not allow NPAC Personnel to request a delete of a Block in the NPAC SMS.NOTE: This is initiated at the NPA-NXX-X level, and is part of a multi-step “cascading delete” process. (Previously B-400);F;0;1;0;0;0;0;0;0;0;0;0;0;0
2085;npac.doc_2085;NPAC SMS shall reject a request to delete a Block by a Service Provider via the SOA to NPAC SMS interface, and will return an error message to the SOA. (Previously B-410);F;0;1;0;0;0;0;0;0;0;0;0;0;0
2086;npac.doc_2086;NPAC SMS shall reject a request to delete a Block by a Service Provider via the NPAC SMS to Local SMS Interface, and will return an error message to the LSMS. (Previously B-412);F;0;1;0;0;0;0;0;0;0;0;0;0;0
2087;npac.doc_2087;NPAC SMS shall not allow Service Provider Personnel to request a delete of a Block in the NPAC SMS via the NPAC SOA Low-tech Interface. (Previously B-415);NFR;1;0;0;0;0;0;0;0;0;0;0;0;0
2088;npac.doc_2088;NPAC SMS shall, upon processing a valid request to delete an NPA-NXX-X, update the status of the Block at the start of the broadcast to the Local SMSs, from an active status to a sending status. (Previously B-430);F;0;1;0;0;0;0;0;0;0;0;0;0;0
2089;npac.doc_2089;NPAC SMS shall, upon setting the Block’s status to sending, broadcast a delete of a Block, to EDR LSMSs, via the NPAC SMS to Local SMS Interface. (Previously B-440);F;0;1;0;0;0;0;0;0;0;0;0;0;0
2090;npac.doc_2090;NPAC SMS shall update the Disconnect Complete Timestamp of the Block upon completion of the broadcast, and the FIRST successful response, for either an EDR or non-EDR Local SMS. (Previously B-445);F;0;1;0;0;0;0;0;0;0;0;0;0;0
2091;npac.doc_2091;NPAC SMS shall update the status of the Block upon completion of the Deletion broadcast, and a response from ALL EDR and non-EDR Local SMSs, or retries are exhausted, as defined in RR3-137.1 and RR3-137.4. (Previously B-450);F;0;1;0;0;0;0;0;0;0;0;0;0;0
2092;npac.doc_2092;NPAC SMS shall update the Block Failed SP List upon completion of the broadcast, and a response from ALL EDR and non-EDR Local SMSs, or retries are exhausted, as defined in RR3-138.1, and RR3-138.2. (Previously B-480);F;0;1;0;0;0;0;0;0;0;0;0;0;0
2093;npac.doc_2093;NPAC SMS shall create an old Block with a new version id for a disconnected Block when the NPA-NXX-X Holder Information de-pool request is received. (Previously B-482);F;0;1;0;0;0;0;0;0;0;0;0;0;0
2094;npac.doc_2094;NPAC SMS shall broadcast no data to the Local SMSs due to the creation of an old Block with a new version id for a disconnected Block when the NPA-NXX-X Holder Information de-pool request is received. (Previously B-484);F;0;1;0;0;0;0;0;0;0;0;0;0;0
2095;npac.doc_2095;NPAC SMS shall allow NPAC Personnel to query the block holder information for all data as listed in the Block Holder Information Data Model, for a 1K Block as stored in the NPAC SMS. (Previously B-555);NFR;1;0;0;0;0;0;0;0;0;0;0;0;0
2096;npac.doc_2096;NPAC SMS shall allow a Service Provider SOA via the SOA to NPAC SMS Interface, Service Provider Local SMS via the NPAC SMS to Local SMS Interface, or Service Provider via the NPAC SOA Low-tech Interface, to query Block Holder Information, regardless of the value in the requesting Service Provider’s EDR Indicator. (Previously B-556);NFR;1;0;0;0;0;0;0;0;0;0;0;0;0
2097;npac.doc_2097;NPAC SMS shall return, to the NPAC Personnel or requesting Service Provider, all Block data that match the query selection criteria. (Previously B-557);F;0;1;0;0;0;0;0;0;0;0;0;0;0
2098;npac.doc_2098;The NPAC SMS shall use the default routing restoration information in the Number Pooling Block Holder Information as the block holder default routing, when a ported pooled number is disconnected or port to original port is activated, and returns the TN(s) to the block, once the Block exists, except for Old with or without a Failed SP List. (Previously B-570);F;0;1;0;0;0;0;0;0;0;0;0;0;0
2099;npac.doc_2099;The NPAC SMS shall send a notification to the Code Holder, and suppress the notification to the Block Holder, when a ported pooled number is disconnected, for TN(s) in the block, when the Block is being de-pooled, and the most recent block contains a status of Old, with a Failed SP List. (Previously B-571);F;0;1;0;0;0;0;0;0;0;0;0;0;0
2100;npac.doc_2100;NPAC SMS shall apply NPA-NXX Filters to Block re-sends to the Local SMS(s). (Previously B-574);NFR;1;0;0;0;0;0;0;0;0;0;0;0;0
2101;npac.doc_2101;NPAC SMS shall allow NPAC Personnel to re-send Block Information, one Block at a time, via the NPAC Administrative Interface. (B-575.1);F;0;1;0;0;0;0;0;0;0;0;0;0;0
2102;npac.doc_2102;NPAC SMS shall allow NPAC Personnel to re-send Block Information, to a single Service Provider or all Service Providers in the Block Failed SP List, via the NPAC Administrative Interface. (Previously B-575.2);F;0;1;0;0;0;0;0;0;0;0;0;0;0
2103;npac.doc_2103;NPAC SMS shall use the value in the Service Provider's EDR Indicator to determine the type of data to re-send to the Service Provider, when a re-send request is initiated. (Previously B-576);F;0;1;0;0;0;0;0;0;0;0;0;0;0
2104;npac.doc_2104;NPAC SMS shall re-send Block Information to an EDR Local SMS, by re-sending the previously failed Block Object, via the NPAC SMS to Local SMS Interface. (Previously B-577);F;0;1;0;0;0;0;0;0;0;0;0;0;0
2105;npac.doc_2105;NPAC SMS shall re-send Block Information to a non-EDR Local SMS, by re-sending the previously failed Subscription Version(s), via the NPAC SMS to Local SMS Interface. (Previously B-578);F;0;1;0;0;0;0;0;0;0;0;0;0;0
2106;npac.doc_2106;NPAC SMS shall update the status of the failed Block, specified in the re-send request, at the start of the re-send to the Local SMSs, from a failed status to a sending status. (Previously B-580);F;0;1;0;0;0;0;0;0;0;0;0;0;0
2107;npac.doc_2107;NPAC SMS shall update the status of the partial failure Block, specified in the re-send request, at the start of the re-send to the Local SMSs, from a partial failure status to a sending status. (Previously B-590);F;0;1;0;0;0;0;0;0;0;0;0;0;0
2108;npac.doc_2108;NPAC SMS shall update the status of the active Block, with a Failed SP List, specified in the re-send request, at the start of the re-send to the Local SMSs, from an active status to a sending status. (Previously B-600);F;0;1;0;0;0;0;0;0;0;0;0;0;0
2109;npac.doc_2109;NPAC SMS shall update the status of the old Block, with a Failed SP List, specified in the re-send request, at the start of the re-send to the Local SMSs, from an old status to a sending status. (Previously B-610);F;0;1;0;0;0;0;0;0;0;0;0;0;0
2110;npac.doc_2110;NPAC SMS shall, upon setting the Block’s status to sending, broadcast a re-send of a Block, to EDR LSMSs, via the NPAC SMS to Local SMS Interface. (Previously B-620);F;0;1;0;0;0;0;0;0;0;0;0;0;0
2111;npac.doc_2111;NPAC SMS shall update the Block Failed SP List of the Block and the Subscription Version Failed SP List of each Subscription Version with LNP Type of POOL, by removing the previously failed Local SMS, upon a successful re-send to a previously failed Local SMS. (Previously B-630);F;0;1;0;0;0;0;0;0;0;0;0;0;0
2112;npac.doc_2112;NPAC SMS shall update the status of the Block, specified in the re-send request for a Block Creation, Modification, or Deletion, at the completion of the re-send to the Local SMS, and a response from the Local SMS or if retries have been exhausted, from a sending status, as defined in RR3-137.1, RR3-137.2, RR3-137.3, and RR3-137.4. (Previously B-635);F;0;1;0;0;0;0;0;0;0;0;0;0;0
2113;npac.doc_2113;NPAC SMS shall update the Block Failed SP List, specified in the re-send request for a Block Creation, Modification, or Deletion, at the completion of the re-send to the Local SMS, and a response from the Local SMS or if retries have been exhausted, as defined in RR3-138.1, and RR3-138.2. (Previously B-636);F;0;1;0;0;0;0;0;0;0;0;0;0;0
2114;npac.doc_2114;NPAC SMS shall allow NPAC personnel to request a bulk data download file for Block data via the NPAC Administrative Interface. (Previously B-640);F;0;1;0;0;0;0;0;0;0;0;0;0;0
2115;npac.doc_2115;NPAC SMS shall include the Requesting Service Provider, Active and Partial Failure Blocks Only or Latest View of Block Activity Choice, Time Range in Central Time (daylight/standard), and Block Range as Selection Criteria fields for the Block bulk data download file via the NPAC Administrative Interface. (Previously B-650);F;0;1;0;0;0;0;0;0;0;0;0;0;0
2116;npac.doc_2116;NPAC SMS shall allow NPAC Personnel to select either Active and Partial Failure Blocks Only or Latest View of Block Activity, and shall use the selected choice, for Block data. (Previously B-652.1);NFR;1;0;0;0;0;0;0;0;0;0;0;0;0
2117;npac.doc_2117;NPAC SMS shall use the Active and Partial Failure Blocks Only selection to only include Blocks with a status of either Active or Partial Failure in the Block Bulk Data Download file. (Previously B-652.2);F;0;1;0;0;0;0;0;0;0;0;0;0;0
2118;npac.doc_2118;NPAC SMS shall use the Latest View of Block Activity selection to include all Blocks, regardless of status, in order to capture activation, modification, and deletion transactions for Block data, but only include the latest instance of the Block in the Block Bulk Data Download file, for a given NPA-NXX-X, when a Block has more than one activity (e.g., addition, then modification) within the specified time range. (Previously B-652.3);F;0;1;0;0;0;0;0;0;0;0;0;0;0
2119;npac.doc_2119;NPAC SMS shall use the Start Time Range entry field as an inclusive start range in GMT, and the End Time Range entry field as an inclusive ending range in GMT, for Block data that were broadcast during the specified Time Range. (Previously B-654.1);F;0;1;0;0;0;0;0;0;0;0;0;0;0
2120;npac.doc_2120;NPAC SMS shall use the Start and End Time Range entry fields to include Block data, based on the Activation Broadcast Timestamp, Modify Broadcast Timestamp, and Disconnect Broadcast Timestamp, in the NPAC’s Block Data Model, when generating the file for the Latest View of Block Activity selection. (Previously B-654.2);F;0;1;0;0;0;0;0;0;0;0;0;0;0
2121;npac.doc_2121;NPAC SMS shall use the first Block Range entry field as an inclusive start range, and the second Block Range entry field as an inclusive ending range, for Block data. (Previously B-655);F;0;1;0;0;0;0;0;0;0;0;0;0;0
2122;npac.doc_2122;NPAC SMS shall edit the selection criteria combination as shown in the table below: (Previously B-657);F;0;1;0;0;0;0;0;0;0;0;0;0;0
2123;npac.doc_2123;NPAC SMS shall provide a bulk data download file, based on the selection criteria, that contains all Blocks in the NPAC SMS, regardless of the value in the Service Provider’s EDR Indicator. (Previously B-660);F;0;1;0;0;0;0;0;0;0;0;0;0;0
2124;npac.doc_2124;NPAC SMS shall sort the Block Bulk Data Download file, in ascending order based on the value in the NPA-NXX-X attribute. (Previously B-662);F;0;1;0;0;0;0;0;0;0;0;0;0;0
2125;npac.doc_2125;NPAC SMS shall apply NPA-NXX Filters to Blocks in the creation of bulk data download files. (Previously B-670);F;0;1;0;0;0;0;0;0;0;0;0;0;0
2126;npac.doc_2126;NPAC SMS shall automatically put the bulk data download file into the FTP sub-directory of the Service Provider, based on SPID, that requested the creation of the bulk data download file. (Previously B-680);F;0;1;0;0;0;0;0;0;0;0;0;0;0
2127;npac.doc_2127;The NPAC SMS shall allow NPAC Personnel to add a Service Provider.;NFR;1;0;0;0;0;0;0;0;0;0;0;0;0
2128;npac.doc_2128;NPAC SMS shall allow modification of Service Provider data via the NPAC SMS to Local SMS interface or the SOA to NPAC SMS interface. Service Providers can only modify their own data.;NFR;1;0;0;0;0;0;0;0;0;0;0;0;0
2129;npac.doc_2129;NPAC SMS shall allow NPAC personnel to delete a Service Provider.;NFR;1;0;0;0;0;0;0;0;0;0;0;0;0
2130;npac.doc_2130;NPAC SMS shall allow NPAC personnel to view Service Provider data.;NFR;1;0;0;0;0;0;0;0;0;0;0;0;0
2131;npac.doc_2131;NPAC SMS shall allow NPAC personnel to view a list of Subscription Versions associated with the Service Provider.;NFR;1;0;0;0;0;0;0;0;0;0;0;0;0
2132;npac.doc_2132;NPAC SMS shall allow authorized Service Provider personnel to view their own Service Provider data via the SOA to NPAC SMS interface, the NPAC SMS to Local SMS interface, and the NPAC SOA Low-tech Interface.;NFR;1;0;0;0;0;0;0;0;0;0;0;0;0
2133;npac.doc_2133;NPAC SMS shall allow authorized Service Provider personnel to modify their own Service Provider data.;NFR;1;0;0;0;0;0;0;0;0;0;0;0;0
2134;npac.doc_2134;NPAC SMS shall broadcast all additions, modifications, and deletions of NPAC Customer names via the NPAC SMS to Local SMS interface and/or SOA to NPAC SMS interface.;F;0;1;0;0;0;0;0;0;0;0;0;0;0
2135;npac.doc_2135;This section describes NPAC SMS functionality required to support the NPAC personnel requests described in the above section. The following specifies user requests and lists the NPAC SMS functionality needed to support those requests.;F;0;1;0;0;0;0;0;0;0;0;0;0;0
2136;npac.doc_2136;NPAC personnel can request that Service Provider data be created in the NPAC SMS. ;F;0;1;0;0;0;0;0;0;0;0;0;0;0
2137;npac.doc_2137;The functionality described below enables a new instance of Service Provider data for a Service Provider to be created, provided that no other Service Provider data exists for the Service Provider.;F;0;1;0;0;0;0;0;0;0;0;0;0;0
2138;npac.doc_2138;NPAC SMS shall require the following to be entered to identify the Service Provider, when NPAC personnel are creating a new Service Provider: Service Provider ID ‑ the alphanumeric identifier of the Service Provider. This ID must be unique.;F;0;1;0;0;0;0;0;0;0;0;0;0;0
2139;npac.doc_2139;NPAC SMS shall check to see if there is an existing Service Provider with the same Service Provider ID.;F;0;1;0;0;0;0;0;0;0;0;0;0;0
2140;npac.doc_2140;NPAC SMS shall inform the user that the Service Provider data already exists for the Service Provider, if it does exist, and that the new Service Provider data cannot be created.;F;0;1;0;0;0;0;0;0;0;0;0;0;0
2141;npac.doc_2141;NPAC SMS shall require the following data if there is no existing Service Provider data:;F;0;1;0;0;0;0;0;0;0;0;0;0;0
2142;npac.doc_2142;"Service Provider name, address, phone number, and contact organization, NPAC customer type, Service Provider allowable functions, Service Provider Network Address of NPAC SMS to Local SMS interface, Service Provider Network Address of SOA to NPAC SMS interface, Service Provider Security Contact. Contact data is security data when Contact Type is “SE"",  Service Provider Repair contact name and phone number. The default Service Provider Repair Contact and phone number shall be the same as the Service Provider contact and phone number, if the Service Provider Repair Contact information is left blank, Service Provider billing name, address, phone number, and billing contact for NPAC SMS billing. The default for the Service Provider Billing data shall be the same as the Service Provider data, if the Service Provider Billing information is left blank, Service Provider Download Indicator, Service Provider Maximum Query, NPAC New Functionality Support, Port In Timer Type, Port Out Timer Type, Business Hour/Days, NPAC Customer SOA NPA-NXX-X Indicator,  NPAC Customer LSMS NPA-NXX-X Indicator,  LSMS EDR Indicator.";NFR;1;0;0;0;0;0;0;0;0;0;0;0;0
2143;npac.doc_2143;NPAC SMS shall validate that all required Service Provider data has been received, after the Service Provider data has been collected.;F;0;1;0;0;0;0;0;0;0;0;0;0;0
2144;npac.doc_2144;NPAC SMS shall notify NPAC personnel upon successful creation of the new Service Provider.;F;0;1;0;0;0;0;0;0;0;0;0;0;0
2145;npac.doc_2145;NPAC SMS shall issue an appropriate error message upon unsuccessful creation of the new Service Provider.;F;0;1;0;0;0;0;0;0;0;0;0;0;0
2146;npac.doc_2146;NPAC personnel and the SOA to NPAC SMS interface and the NPAC to Local SMS interface can request that Service Provider data be modified in the NPAC SMS. The functionality described below enables the user to modify data for the Service Provider.;F;0;1;0;0;0;0;0;0;0;0;0;0;0
2147;npac.doc_2147;NPAC SMS shall require one of the following data items to identify the Service Provider data to be modified: Service Provider ID or Service Provider Name, The Service Provider ID is required over the SOA to NPAC SMS interface and the NPAC SMS to Local SMS interface.;NFR;1;0;0;0;0;0;0;0;0;0;0;0;0
2148;npac.doc_2148;NPAC SMS shall issue an appropriate error message to the user if the Service Provider data to be modified does not exist.;F;0;1;0;0;0;0;0;0;0;0;0;0;0
2149;npac.doc_2149;NPAC SMS shall allow Service Provider data to be modified or added to the Service Provider data with the exception of the data listed in REF _Ref377264767 \h Table 3‑2 NPAC Customer Data Model.;NFR;1;0;0;0;0;0;0;0;0;0;0;0;0
2150;npac.doc_2150;NPAC SMS shall allow NPAC Operations personnel to modify the data in REF _Ref377264767 \h Table 3‑2 NPAC Customer Data Model, with the exception of the NPAC Customer ID.;NFR;1;0;0;0;0;0;0;0;0;0;0;0;0
2151;npac.doc_2151;NPAC SMS shall revalidate that all required Service Provider data is present when a user attempts to submit modified Service Provider data.;F;0;1;0;0;0;0;0;0;0;0;0;0;0
2152;npac.doc_2152;NPAC SMS shall issue an appropriate error message to the user if the Service Provider data fails validation on a modify.;F;0;1;0;0;0;0;0;0;0;0;0;0;0
2153;npac.doc_2153;NPAC personnel can request that the Service Provider data be deleted. Deleted Service Provider data will be written to a history file. The functionality described below enables a user to delete data for the Service Provider.;NFR;1;0;0;0;0;0;0;0;0;0;0;0;0
2154;npac.doc_2154;NPAC SMS shall require the Service Provider ID and/or Service Provider name from the user to identify the Service Provider data to be deleted.;NFR;1;0;0;0;0;0;0;0;0;0;0;0;0
2155;npac.doc_2155;NPAC SMS shall generate an error message and send it to the request originator, if the Service Provider data does not exist, or if is has already been deleted and exists only in a history file. NPAC SMS will not proceed further with the deletion request.;F;0;1;0;0;0;0;0;0;0;0;0;0;0
2156;npac.doc_2156;NPAC SMS shall perform the deletion of the Service Provider data, notify the user that the deletion request was successful, if there are no affected Subscription Versions, and write the Service Provider data to a history file.;NFR;1;0;0;0;0;0;0;0;0;0;0;0;0
2157;npac.doc_2157;NPAC SMS shall notify the user that the request to delete the Service Provider data cannot be completed until the affected individual Subscription Versions are modified, if affected Subscription Versions are found.;F;0;1;0;0;0;0;0;0;0;0;0;0;0
2158;npac.doc_2158;NPAC SMS shall determine if there are any Subscription Versions being affected by the NPA-NXX and/or LRN data being deleted.;NFR;1;0;0;0;0;0;0;0;0;0;0;0;0
2159;npac.doc_2159;The query functionality discussed in this section will give users the ability to view Service Provider and Subscription data. A user may not be able to modify a particular data item because they do not have the proper security permissions, therefore the data is made available via NPAC SMS for read‑only purposes.;NFR;1;0;0;0;0;0;0;0;0;0;0;0;0
2160;npac.doc_2160;NPAC SMS shall allow NPAC personnel to view all Subscription Versions associated with a Service Provider ID and/or Service Provider Name.;NFR;1;0;0;0;0;0;0;0;0;0;0;0;0
2161;npac.doc_2161;NPAC SMS shall allow NPAC personnel to view all Subscription Versions associated with an LRN.;NFR;1;0;0;0;0;0;0;0;0;0;0;0;0
2162;npac.doc_2162;NPAC SMS shall allow NPAC personnel to view all Subscription Versions associated with an NPA-NXX.;NFR;1;0;0;0;0;0;0;0;0;0;0;0;0
2163;npac.doc_2163;The following specifies NPAC SMS functionality needed to support the user requests described above.;F;0;1;0;0;0;0;0;0;0;0;0;0;0
2164;npac.doc_2164;NPAC SMS shall require the Service Provider ID and/or the Service Provider Name for queries regarding Service Provider data.;F;0;1;0;0;0;0;0;0;0;0;0;0;0
2165;npac.doc_2165;NPAC SMS shall provide the request originator with a message indicating that there was no data in the NPAC SMS that matched the search keys for a Service Provider query, if no match was found.;F;0;1;0;0;0;0;0;0;0;0;0;0;0
2166;npac.doc_2166;NPAC SMS shall return all Service Provider data associated with the Service Provider ID and/or Service Provider Name, as listed in Tables 3-2, 3-3, 3-4, and 3-5, if the Service Provider data matches the query criteria. ;F;0;1;0;0;0;0;0;0;0;0;0;0;0
2167;npac.doc_2167;Service Providers are only allowed to query their own data.;NFR;1;0;0;0;0;0;0;0;0;0;0;0;0
2168;npac.doc_2168;NPAC SMS shall receive the Service Provider ID, a request to view subscription data, and optionally the subscription data status types to be returned (e.g., active only, active or pending) for queries regarding subscription data for a specific Service Provider.;NFR;1;0;0;0;0;0;0;0;0;0;0;0;0
2169;npac.doc_2169;NPAC SMS shall provide the request originator with a message indicating that there was no data in NPAC SMS that matched the search keys, if NPAC SMS does not have subscription data as specified by the request originator.;F;0;1;0;0;0;0;0;0;0;0;0;0;0
2170;npac.doc_2170;NPAC SMS shall receive the attributes to be searched on for queries regarding Subscription Versions associated with the Service Provider. ;NFR;1;0;0;0;0;0;0;0;0;0;0;0;0
2171;npac.doc_2171;Allowable attributes are the following data elements from REF _Ref37721444 Table 3‑6 Subscription Version Data Model:;F;0;1;0;0;0;0;0;0;0;0;0;0;0
2172;npac.doc_2172;Subscription Version ID, Subscription Version Status, Local Number Portability Type, Ported Telephone Number, Old facilities-based Service Provider Due Date, New facilities-based Service Provider Due Date, New facilities-based Service Provider ID, Authorization from old facilities-based Service Provider, Local Routing Number (LRN),;F;0;1;0;0;0;0;0;0;0;0;0;0;0
2173;npac.doc_2173;Class DPC, Class SSN, LIDB DPC, LIDB SSN, CNAM DPC, CNAM SSN, ISVM DPC, ISVM SSN, WSMSC DPC, WSMSC SSN, Billing Service Provider ID, End User Location Value, End User Location Type, Customer Disconnect Date, Effective Release Date, Disconnect Complete Time Stamp, Conflict Time Stamp, Activation Time Stamp, Cancellation Time Stamp (Status Modified to Cancel Time Stamp),  New Service Provider Creation Time Stamp,  Old Service Provider Authorization Time Stamp,  Pre-cancellation Status, Old Service Provider Cancellation Time Stamp, New Service Provider Cancellation Time Stamp, Old Time Stamp (Status Modified to Old Time Stamp), New Service Provider Conflict Resolution Time Stamp, Create Time Stamp, Modify Time Stamp, Porting To Original, Status Change Cause Code, Timer Type, Business Hour Type.;F;0;1;0;0;0;0;0;0;0;0;0;0;0
2174;npac.doc_2174;NPAC SMS shall allow Service Providers to add/delete the NPA-NXX and/or LRN data via the NPAC SMS to Local SMS interface and SOA to NPAC SMS interface provided the changes do not cause mass updates to the Subscription Versions.;NFR;1;0;0;0;0;0;0;0;0;0;0;0;0
2175;npac.doc_2175;NPAC SMS shall allow removal of a Service Provider by NPAC personnel only if all associated LRNs are removed, and no Subscription Versions are associated with the LRN.;NFR;1;0;0;0;0;0;0;0;0;0;0;0;0
2176;npac.doc_2176;NPAC SMS shall allow removal of a Service Provider by NPAC personnel only if all associated NPA-NXXs are removed, and no Subscription Versions are associated with the NPA-NXX.;NFR;1;0;0;0;0;0;0;0;0;0;0;0;0
2177;npac.doc_2177;NPAC SMS shall allow removal of an NPA-NXX by NPAC personnel only if no Subscription Versions, except for Old without a Failed SP List or Canceled Subscription Versions, exist for the NPA-NXX.;F;0;1;0;0;0;0;0;0;0;0;0;0;0
2178;npac.doc_2178;NPAC SMS shall allow the removal of an NPA-NXX by NPAC personnel only if Number Pooling NPA-NXX-X Information, does not exist for the NPA-NXX.;F;0;1;0;0;0;0;0;0;0;0;0;0;0
2179;npac.doc_2179;NPAC SMS shall allow the removal of an LRN by NPAC personnel only if no Subscription Versions, except for Old without a Failed SP List or Canceled Subscription Versions, exist and use the LRN.;F;0;1;0;0;0;0;0;0;0;0;0;0;0
2180;npac.doc_2180;NPAC SMS shall allow the removal of an LRN by NPAC personnel only if Number Pooling Block Information, except for Old with NO Failed SP List, do not exist and do not use the LRN.;F;0;1;0;0;0;0;0;0;0;0;0;0;0
2181;npac.doc_2181;NPAC SMS shall validate upon request to add an NPA-NXX for a service provider, that the NPA-NXX does not exist for any service provider in the region.;F;0;1;0;0;0;0;0;0;0;0;0;0;0
2182;npac.doc_2182;NPAC SMS shall upon finding that an NPA-NXX already exists for a service provider in a region, reject a request to add an NPA-NXX for a service provider and report an error to the user.;F;0;1;0;0;0;0;0;0;0;0;0;0;0
2183;npac.doc_2183;NPAC SMS shall validate upon request to add an LRN for a service provider, that the LRN does not exist for any service provider in the region.;F;0;1;0;0;0;0;0;0;0;0;0;0;0
2184;npac.doc_2184;NPAC SMS shall upon finding that an LRN already exists for a service provider in a region, reject a request to add an LRN for a service provider and report an error to the user.;F;0;1;0;0;0;0;0;0;0;0;0;0;0
2185;npac.doc_2185;NPAC SMS shall return all active Subscription Versions associated with the Service Provider which satisfy the selection criteria, up to a tunable parameter number of Subscription Versions for queries initiated via the NPAC SMS to Local SMS interface.;F;0;1;0;0;0;0;0;0;0;0;0;0;0
2186;npac.doc_2186;NPAC SMS shall return all Subscription Versions regardless of Subscription Version status for queries initiated via the NPAC SOA Low-tech Interface.;F;0;1;0;0;0;0;0;0;0;0;0;0;0
2187;npac.doc_2187;NPAC SMS shall return an “out of range” error and the count of subscription records returned by a query, if more than a tunable parameter number of Subscription Versions are found.;F;0;1;0;0;0;0;0;0;0;0;0;0;0
2188;npac.doc_2188;NPAC SMS shall provide the request originator with a message indicating that there was no data in NPAC SMS that matched the search keys, if NPAC SMS does not have Subscription Versions as specified by the request originator.;F;0;1;0;0;0;0;0;0;0;0;0;0;0
2189;npac.doc_2189;NPAC SMS shall allow NPAC personnel and the SOA to NPAC SMS interface to create a Subscription Version.;F;0;1;0;0;0;0;0;0;0;0;0;0;0
2190;npac.doc_2190;NPAC SMS shall allow NPAC personnel, a Service Provider SOA via the SOA to NPAC SMS Interface, or Service Provider via the NPAC SOA Low-tech Interface, to create inter-service provider ports or intra-service provider ports for a TN within the 1K Block, when the currently active Subscription Version(s) is LNP Type POOL, and the Block’s status is active, with an empty Failed SP List. (Previously SV-195);NFR;1;0;0;0;0;0;0;0;0;0;0;0;0
2191;npac.doc_2191;NPAC SMS shall allow NPAC personnel and the SOA to NPAC SMS interface to modify a Subscription Version.;NFR;1;0;0;0;0;0;0;0;0;0;0;0;0
2192;npac.doc_2192;NPAC SMS shall allow NPAC personnel and the SOA to NPAC SMS interface to activate a Subscription Version.;F;0;1;0;0;0;0;0;0;0;0;0;0;0
2193;npac.doc_2193;NPAC SMS shall allow NPAC personnel to set a Subscription Version to conflict.;NFR;1;0;0;0;0;0;0;0;0;0;0;0;0
2194;npac.doc_2194;NPAC SMS shall prohibit a Subscription Version in conflict from being activated.;NFR;1;0;0;0;0;0;0;0;0;0;0;0;0
2195;npac.doc_2195;NPAC SMS shall allow NPAC personnel and the SOA to NPAC SMS interface to disconnect a Subscription Version.;NFR;1;0;0;0;0;0;0;0;0;0;0;0;0
2196;npac.doc_2196;NPAC SMS shall allow NPAC personnel and the SOA to NPAC SMS interface to cancel a Subscription Version.;NFR;1;0;0;0;0;0;0;0;0;0;0;0;0
2197;npac.doc_2197;NPAC SMS shall allow NPAC personnel, Local SMS/ SOA to NPAC SMS interface to query for a Subscription Version.;F;0;1;0;0;0;0;0;0;0;0;0;0;0
2198;npac.doc_2198;This section describes NPAC SMS functionality required to support NPAC personnel and SOA to NPAC SMS interface user requests defined in the above section.;F;0;1;0;0;0;0;0;0;0;0;0;0;0
2199;npac.doc_2199;Additionally, NPAC SMS functionality will perform operations which are not invoked by a direct user request. Some examples of this are: monitor a Subscription Version to determine whether the old and the new facilities‑based Service Providers have authorized the transfer of service for a ported number, issue appropriate notifications to Service Providers, and change the status of a Subscription Version based on tunable parameters.;NFR;1;0;0;0;0;0;0;0;0;0;0;0;0
2200;npac.doc_2200;This section provides the requirements for the Subscription Version Create functionality, which is executed upon the user requesting to create a Subscription Version.;F;0;1;0;0;0;0;0;0;0;0;0;0;0
2201;npac.doc_2201;NPAC SMS shall notify all accepting Local SMSs and SOAs of the NPA-NXX, effective date, and owning Service Provider when an NPA-NXX is being ported for the first time immediately after creation validation of a Subscription Version.;F;0;1;0;0;0;0;0;0;0;0;0;0;0
2202;npac.doc_2202;NPAC SMS shall notify all accepting Local SMSs and SOAs of the NPA-NXX, effective date, and owning Service Provider when a new NPA-NXX involved in an NPA Split, is being ported for the first time, after the start of permissive dialing, immediately after creation validation of a Subscription Version.;F;0;1;0;0;0;0;0;0;0;0;0;0;0
2203;npac.doc_2203;NPAC SMS shall accept the following data from the NPAC personnel or old Service Provider upon Subscription Version creation for an Inter-Service Provider port: Local Number Portability Type ‑Port Type, Ported Telephone Number(s) ‑ this entry can be a single TN or a continuous range of TNs that identifies a subscription or a group of Subscription Versions that share the same attributes, Due Date ‑ date on which transfer of service from old facilities‑based Service Provider to new facilities‑based Service Provider is initially planned to occur, Old facilities‑based Service Provider ID ‑ the identifier of the old facilities‑based Service Provider, Authorization from old facilities‑based Service Provider ‑ indication that the transfer of service is authorized by the ported‑from Service Provider, Status Change Cause Code - indication of reason for denial of authorized by the Old Service Provider.;NFR;1;0;0;0;0;0;0;0;0;0;0;0;0
2204;npac.doc_2204;NPAC SMS shall require the following data from NPAC personnel or the new Service Provider upon Subscription Version creation for an Inter-Service Provider port when NOT “porting to original”: Local Number Portability Type ‑ Port Type. This field must be set to “LSPP” for Inter-Service Provider ports, Ported Telephone Number(s) ‑ this entry can be a single TN or a continuous range of TNs that identifies a subscription or a group of Subscription Versions that share the same attributes, Due Date ‑ date on which transfer of service from old facilities‑based Service Provider to new facilities‑based Service Provider is initially planned to occur, New Facilities‑based Service Provider ID ‑ the identifier of the new facilities‑based Service Provider, Old Facilities‑based Service Provider ID ‑ the identifier of the old facilities‑based Service Provider, Location Routing Number (LRN) ‑ the identifier of the ported‑to switch, Class DPC, Class SSN, LIDB DPC, LIDB SSN, CNAM DPC, CNAM SSN, ISVM DPC, ISVM SSN, WSMSC DPC (if supported by the Service Provider SOA), WSMSC SSN (if supported by the Service Provider SOA), Porting to Original - flag indicating whether or not this is a “porting to original” port. This flag must be set to “FALSE” for this type of Inter-Service Provider port.;F;0;1;0;0;0;0;0;0;0;0;0;0;0
2205;npac.doc_2205;NPAC SMS shall require the following data from NPAC personnel or the new Service Provider upon Subscription Version creation for an Inter-Service Provider “porting to original” port: Local Number Portability Type ‑ Port Type. This field must be set to “LSPP” for “porting to original” ports,  Ported Telephone Number(s) ‑ this entry can be a single TN or a continuous range of TNs that identifies a subscription or a group of Subscription Versions that share the same attributes, Due Date ‑ date on which transfer of service from old facilities‑based Service Provider to new facilities‑based Service Provider is initially planned to occur, New Facilities‑based Service Provider ID ‑ the identifier of the new facilities‑based Service Provider, Old Facilities‑based Service Provider ID ‑ the identifier of the old facilities‑based Service Provider, Porting to original ‑ flag indicating whether or not this is a “porting to original” port, This flag must be set to “TRUE” for “porting to original” port.;F;0;1;0;0;0;0;0;0;0;0;0;0;0
2206;npac.doc_2206;NPAC SMS shall accept the following optional fields from NPAC personnel or the new Service Provider upon Subscription Version creation for an Inter-Service Provider port: Billing Service Provider ID, End‑User Location ‑ Value,  End‑User Location ‑ Type.;F;0;1;0;0;0;0;0;0;0;0;0;0;0
2207;npac.doc_2207;NPAC SMS shall perform field-level data validations to ensure that the value formats for the following input data, if supplied, is valid according to the formats specified in Table 3-6 upon Subscription Version creation for an Inter-Service Provider port: LNP Type, Ported TN(s), Old Service Provider Due Date, New Service Provider Due Date, Old Service Provider ID, New Service Provider ID, Authorization from old facilities-based Service Provider, Status Change Cause Code,  LRN,  Class DPC,  Class SSN,  LIDB DPC,  LIDB SSN,  CNAM DPC,  CNAM SSN,  ISVM DPC,  ISVM SSN,  WSMSC DPC,  WSMSC SSN,  Porting to Original, Billing Service Provider ID, End-User Location - Value, End-User Location - Type.;F;0;1;0;0;0;0;0;0;0;0;0;0;0
2208;npac.doc_2208;NPAC SMS shall verify the old and new Service Provider due dates are the same upon initial Subscription Version creation for an Inter-Service Provider port.;F;0;1;0;0;0;0;0;0;0;0;0;0;0
2209;npac.doc_2209;NPAC SMS shall verify that the due date is the current or a future date upon Subscription Version creation for an Inter-Service Provider port.;F;0;1;0;0;0;0;0;0;0;0;0;0;0
2210;npac.doc_2210;NPAC SMS shall verify that the NPA-NXX to be ported exists as an NPA-NXX in the NPAC SMS system upon Subscription Version creation for an Inter-Service Provider port.;F;0;1;0;0;0;0;0;0;0;0;0;0;0
2211;npac.doc_2211;NPAC SMS shall verify that the due date is greater than, or equal to, the NPA-NXX effective date upon Subscription Version creation for an Inter-Service Provider Port.;F;0;1;0;0;0;0;0;0;0;0;0;0;0
2212;npac.doc_2212;NPAC SMS shall verify that the old and new Service Provider IDs exist in the NPAC SMS system upon Subscription Version creation for an Inter-Service Provider port.;NFR;1;0;0;0;0;0;0;0;0;0;0;0;0
2213;npac.doc_2213;NPAC SMS shall verify that an input LRN is associated with the new Service Provider in the NPAC SMS system upon Subscription Version creation for an Inter-Service Provider port.;NFR;1;0;0;0;0;0;0;0;0;0;0;0;0
2214;npac.doc_2214;NPAC SMS shall verify that the originating user is identified as the new or old Service Provider on the incoming Subscription Version upon Subscription Version creation for an Inter-Service Provider port.;NFR;1;0;0;0;0;0;0;0;0;0;0;0;0
2215;npac.doc_2215;NPAC SMS shall verify that authorization for transfer of service for a given Service Provider does not already exist when a Service Provider creates a Subscription Version for an Inter-Service Provider port.;NFR;1;0;0;0;0;0;0;0;0;0;0;0;0
2216;npac.doc_2216;NPAC SMS shall verify that the incoming New and Old Service Provider IDs match the IDs in the current pending version, if one exists, upon Subscription Version creation for an Inter-Service Provider port.;NFR;1;0;0;0;0;0;0;0;0;0;0;0;0
2217;npac.doc_2217;NPAC SMS shall require and only allow the Status Change Cause Code to be set when the Old Service Provider authorization is set to false.;NFR;1;0;0;0;0;0;0;0;0;0;0;0;0
2218;npac.doc_2218;NPAC SMS shall verify that the old Service Provider ID on the version being created is equal to the new Service Provider ID on the active Subscription Version, if an active version exists upon Subscription Version creation for an Inter-Service Provider port.;NFR;1;0;0;0;0;0;0;0;0;0;0;0;0
2219;npac.doc_2219;NPAC SMS shall validate that the old Service Provider in the create message is the Service Provider to which the TN’s NPA-NXX is assigned (as stored in the NPAC SMS service provider data tables) if there is currently no active Subscription Version for the TN in the NPAC SMS.;NFR;1;0;0;0;0;0;0;0;0;0;0;0;0
2220;npac.doc_2220;NPAC SMS shall if the old and new service provider timer types match set the subscription version timer type to that timer type.;NFR;1;0;0;0;0;0;0;0;0;0;0;0;0
2221;npac.doc_2221;NPAC SMS shall if the old and new service provider timer types do not match set the subscription version timer type to the longer timer type of the port out type for the old service provider and the port in type of the new service provider.;NFR;1;0;0;0;0;0;0;0;0;0;0;0;0
2222;npac.doc_2222;NPAC SMS shall if the old and new service provider business hours and days match set the subscription version business type to the business type for the business hours and days supported.;NFR;1;0;0;0;0;0;0;0;0;0;0;0;0
2223;npac.doc_2223;NPAC SMS shall if the old and new service provider business hours and days do not match set the subscription version business type to the shorter business hours and days.;F;0;1;0;0;0;0;0;0;0;0;0;0;0
2224;npac.doc_2224;NPAC SMS shall send an appropriate error message to the originating NPAC personnel or SOA to NPAC SMS interface user if any of the validations fail upon Subscription Version creation for an Inter-Service Provider port.;F;0;1;0;0;0;0;0;0;0;0;0;0;0
2225;npac.doc_2225;NPAC SMS shall not apply the incoming data to an existing subscription if any of the validations fail upon Subscription Version creation for an Inter-Service Provider port.;NFR;1;0;0;0;0;0;0;0;0;0;0;0;0
2226;npac.doc_2226;NPAC SMS shall not create a new Subscription Version, if a version does not exist, if any of the validations fail upon Subscription Version creation for an Inter-Service Provider port.;NFR;1;0;0;0;0;0;0;0;0;0;0;0;0
2227;npac.doc_2227;NPAC SMS shall apply the incoming data to an existing Subscription Version if all validations pass upon Subscription Version creation for an Inter-Service Provider or port.;F;0;1;0;0;0;0;0;0;0;0;0;0;0
2228;npac.doc_2228;NPAC SMS shall create a new Subscription Version, if a version does not already exist, if all validations pass at the time of Subscription Version creation for an Inter-Service Provider port.;F;0;1;0;0;0;0;0;0;0;0;0;0;0
2229;npac.doc_2229;NPAC SMS shall provide long and short Initial Concurrence Window tunable parameters which are defined as the number of business hours subsequent to the time the Subscription Version was initially created by which both Service Providers can authorize transfer of service if this is an Inter-Service Provider port.;F;0;1;0;0;0;0;0;0;0;0;0;0;0
2230;npac.doc_2230;NPAC SMS shall allow the NPAC SMS Administrator to modify the long and short Initial Concurrence Window tunable parameters.;NFR;1;0;0;0;0;0;0;0;0;0;0;0;0
2231;npac.doc_2231;NPAC SMS shall default the long Initial Concurrence Window tunable parameter to 9 business hours.;F;0;1;0;0;0;0;0;0;0;0;0;0;0
2232;npac.doc_2232;NPAC SMS shall default the short Initial Concurrence Window tunable parameter to 1 business hour.;F;0;1;0;0;0;0;0;0;0;0;0;0;0
2233;npac.doc_2233;NPAC SMS shall set a Subscription Version to pending upon successful subscription creation and the Old Service Provider has authorized transfer of service if this is an Old Service Provider create request for an Inter-Service Provider port.;F;0;1;0;0;0;0;0;0;0;0;0;0;0
2234;npac.doc_2234;NPAC SMS shall notify the old and new Service Providers when a Subscription Version is set to pending upon successful subscription creation for an Inter-Service Provider port.;F;0;1;0;0;0;0;0;0;0;0;0;0;0
2235;npac.doc_2235;NPAC SMS shall set a Subscription Version directly to conflict and set the cause code, if the Subscription Version passed validations, but this is a create request from the Old Service Provider and the Old Service Provider did not authorize transfer of service for an Inter-Service Provider port and specified a cause code.;F;0;1;0;0;0;0;0;0;0;0;0;0;0
2236;npac.doc_2236;NPAC SMS shall set the conflict timestamp to the current time when a Subscription Version is set to conflict at the time of subscription version creation for an Inter-Service Provider port.;F;0;1;0;0;0;0;0;0;0;0;0;0;0
2237;npac.doc_2237;NPAC SMS shall notify the Old and New Service Provider when a Subscription Version is set to conflict at the time of Subscription Version creation for an Inter-Service Provider or port.;F;0;1;0;0;0;0;0;0;0;0;0;0;0
2238;npac.doc_2238;NPAC SMS shall include the cause code in the conflict notification to the Old and New Service Provider when the Old Service Provider did not authorize transfer of service for an Inter-Service Provider port on creation.;F;0;1;0;0;0;0;0;0;0;0;0;0;0
2239;npac.doc_2239;NPAC SMS shall send a notification to the Service Provider (old or new) who has not yet authorized the transfer of service, when the Initial Concurrence Window tunable parameter for a pending Subscription Version has expired.;F;0;1;0;0;0;0;0;0;0;0;0;0;0
2240;npac.doc_2240;NPAC SMS shall provide long and short Final Concurrence Window tunable parameters which are defined as the number of business hours after the concurrence request is sent by the NPAC SMS by which time both Service Providers can authorize transfer of subscription service for an Inter-Service Provider port.;F;0;1;0;0;0;0;0;0;0;0;0;0;0
2241;npac.doc_2241;NPAC SMS shall allow the NPAC SMS Administrator to modify the long and short Final Concurrence Window tunable parameters.;NFR;1;0;0;0;0;0;0;0;0;0;0;0;0
2242;npac.doc_2242;NPAC SMS shall default the long Final Concurrence Window tunable parameter to 9 business hours.;F;0;1;0;0;0;0;0;0;0;0;0;0;0
2243;npac.doc_2243;NPAC SMS shall default the short Final Concurrence Window tunable parameter to 1 business hour.;F;0;1;0;0;0;0;0;0;0;0;0;0;0
2244;npac.doc_2244;NPAC SMS shall set the Subscription Version status to cancel when the Final Concurrence Window tunable parameter expires and a new Service Provider has not sent authorization for the transfer of service.;F;0;1;0;0;0;0;0;0;0;0;0;0;0
2245;npac.doc_2245;NPAC SMS shall reject an inter-service provider Subscription Version Create message where there is no active subscription version for the TN in the NPAC SMS, or inter-service provider Port-to-Original Subscription Version Create message for a TN within the 1K Block, from NPAC Personnel, a Service Provider SOA via the SOA to NPAC SMS Interface, or Service Provider via the NPAC SOA Low-tech Interface, after the Creation of the NPA-NXX-X, and prior to the existence of the Block in the NPAC SMS. (Previously SV-180);F;0;1;0;0;0;0;0;0;0;0;0;0;0
2246;npac.doc_2246;NPAC SMS shall validate that the New Service Provider is the Block Holder, in an inter-service provider port-to-original port for a TN within the 1K Block, once the Block exists in the NPAC SMS. (Previously SV-190);NFR;1;0;0;0;0;0;0;0;0;0;0;0;0
2247;npac.doc_2247;RR5-57 Create Inter-Service Provider Port-to-Original Subscription Version – After Block Activation;F;0;1;0;0;0;0;0;0;0;0;0;0;0
2248;npac.doc_2248;NPAC SMS shall allow a pending Subscription Version to be activated without an old Service Provider authorization for transfer of service.;NFR;1;0;0;0;0;0;0;0;0;0;0;0;0
2249;npac.doc_2249;NPAC SMS shall allow activation without Old Service Provider concurrence only after the final concurrence window timer has expired.;F;0;1;0;0;0;0;0;0;0;0;0;0;0
2250;npac.doc_2250;NPAC SMS shall upon expiration of the Final Concurrence Timer send a notification to the old service provider via the SOA to NPAC SMS interface to inform them of the timer expiration.;F;0;1;0;0;0;0;0;0;0;0;0;0;0
2251;npac.doc_2251;NPAC SMS shall require the following data from the NPAC personnel or the Current (New) Service Provider at the time of Subscription Version Creation for an Intra-Service Provider port: LNP Type - port type This field must be set to “LISP for Intra-Service Provider support”,  Ported Telephone Number(s) - this entry can be a single TN or a continuous range of TNs that identifies a subscription or group of Subscription Versions that share the same attributes, Due Date - date on which Intra-Service Provider port is planned to occur, New facilities-based Service Provider ID - current Service Provider within which the Intra-Service Provider port will occur, Old facilities-based Service Provider ID - current Service Provider within which the Intra-Service Provider port will occur, Location Routing Number (LRN) - identifier of the ported-to switch, Class DPC, Class SSN, LIDB DPC, LIDB SSN, CNAM DPC, CNAM SSN, ISVM DPC, ISVM SSN, WSMSC DPC (if supported by the Service Provider SOA), WSMSC SSN (if supported by the Service Provider SOA).;F;0;1;0;0;0;0;0;0;0;0;0;0;0
2252;npac.doc_2252;NPAC SMS shall accept the following optional fields from the NPAC personnel or the Current Service Provider upon a Subscription Version Creation for an Intra-Service Provider port: Billing Service Provider ID,  End-User Location - Value, End-User Location - Type.;F;0;1;0;0;0;0;0;0;0;0;0;0;0
2253;npac.doc_2253;NPAC SMS shall perform field-level data validations to ensure that the value formats for the following input data, if supplied, is valid according to the formats specified in Table 3-6 upon Subscription Version creation for an Intra-Service Provider port: LNP Type, Ported TN(s), Current Service Provider Due Date, Old Service Provider ID, New Service Provider ID, LRN, Class DPC, Class SSN, LIDB DPC, LIDB SSN, CNAM DPC, CNAM SSN, ISVM DPC, ISVM SSN, WSMSC DPC (if supported by the Service Provider SOA),  WSMSC SSN (if supported by the Service Provider SOA), Billing Service Provider ID, End-User Location - Value, End-User Location - Type.;F;0;1;0;0;0;0;0;0;0;0;0;0;0
2254;npac.doc_2254;NPAC SMS shall validate that the new and old Service Provider IDs are identical to the ID of the requesting user at the time of Subscription Version creation for an Intra-Service Provider port.;NFR;1;0;0;0;0;0;0;0;0;0;0;0;0
2255;npac.doc_2255;NPAC SMS shall verify that the input due date is the current or a future due date upon Subscription Version creation for an Intra-Service Provider port.;F;0;1;0;0;0;0;0;0;0;0;0;0;0
2256;npac.doc_2256;NPAC SMS shall verify that the NPA-NXX for the TN to be ported exists as an NPA-NXX in the NPAC SMS system upon Subscription Version creation for an Intra-Service Provider port.;F;0;1;0;0;0;0;0;0;0;0;0;0;0
2257;npac.doc_2257;NPAC SMS shall verify that the due date is greater than, or equal to, the NPA-NXX effective date upon Subscription Version creation for an Intra-Service Provider port.;F;0;1;0;0;0;0;0;0;0;0;0;0;0
2258;npac.doc_2258;NPAC SMS shall verify that the LRN is associated with the new Service Provider in the NPAC SMS system upon Subscription Version creation for an Intra-Service Provider port.;NFR;1;0;0;0;0;0;0;0;0;0;0;0;0
2259;npac.doc_2259;NPAC SMS shall verify that the authorization for transfer of service for a given Service Provider does not already exist when a Service Provider creates a Subscription Version for an Intra-Service Provider port.;NFR;1;0;0;0;0;0;0;0;0;0;0;0;0
2260;npac.doc_2260;NPAC SMS shall verify that the old Service Provider ID on the version being created is equal to the new Service Provider ID on the active Subscription Version, if an active version exists, upon Subscription Version creation for an Intra-Service Provider port.;NFR;1;0;0;0;0;0;0;0;0;0;0;0;0
2261;npac.doc_2261;NPAC SMS shall allow an Intra-Service Provider port to occur for a telephone number not associated with a current active version.;F;0;1;0;0;0;0;0;0;0;0;0;0;0
2262;npac.doc_2262;NPAC SMS shall validate that the old Service Provider in the create message is the Service Provider to which the TN’s NPA-NXX is assigned (as stored in the NPAC SMS service provider data tables) if there is currently no active Subscription Version for the TN in the NPAC SMS.;NFR;1;0;0;0;0;0;0;0;0;0;0;0;0
2263;npac.doc_2263;NPAC SMS shall send an appropriate error message to the originating NPAC personnel or SOA to NPAC SMS Interface if any of the validations fail at the time of Subscription Version creation for an Intra-Service Provider port.;F;0;1;0;0;0;0;0;0;0;0;0;0;0
2264;npac.doc_2264;NPAC SMS shall not create a new Subscription Version if any of the validations fail at the time of Subscription Version creation for an Intra-Service Provider port.;NFR;1;0;0;0;0;0;0;0;0;0;0;0;0
2265;npac.doc_2265;NPAC SMS shall set a Subscription Version to pending upon successful creation of a Subscription Version for an Intra-Service Provider port.;F;0;1;0;0;0;0;0;0;0;0;0;0;0
2266;npac.doc_2266;NPAC SMS shall notify the current Service Provider when a Subscription Version is set to pending upon a successful creation of a Subscription Version for an Intra-Service Provider port.;F;0;1;0;0;0;0;0;0;0;0;0;0;0
2267;npac.doc_2267;NPAC SMS shall allow NPAC personnel to create intra-service provider ports for a TN within the 1K Block, after the Creation of the NPA-NXX-X and up to the NPA-NXX-X's Effective Date, only where the new/old Service Provider is the Code Holder SPID, and a previously active SV does NOT exist in the NPAC SMS. (Previously SV-160);NFR;1;0;0;0;0;0;0;0;0;0;0;0;0
2268;npac.doc_2268;NPAC SMS shall reject an intra-service provider Subscription Version Create message for a TN within the 1K Block, from a Service Provider SOA via the SOA to NPAC SMS Interface, or Service Provider via the NPAC SOA Low-tech Interface, after the Creation of the NPA-NXX-X Holder Information, and a previously active SV does NOT exist in the NPAC SMS. (Previously SV-170);NFR;1;0;0;0;0;0;0;0;0;0;0;0;0
2269;npac.doc_2269;NPAC SMS shall return an error to the originating NPAC personnel or SOA to NPAC SMS interface user if the version status is sending, failed, partial failure, canceled, cancel pending, old or disconnect pending upon Subscription Version modification.;NFR;1;0;0;0;0;0;0;0;0;0;0;0;0
2270;npac.doc_2270;NPAC SMS shall receive the following data from the originating NPAC personnel or SOA to NPAC SMS interface user to identify a pending or conflict Subscription Version to be modified:;F;0;1;0;0;0;0;0;0;0;0;0;0;0
2271;npac.doc_2271;NPAC SMS shall allow the following data to be modified in a pending or conflict Subscription Version for an Inter-Service Provider or Intra-Service Provider port by the new/current Service Provider or NPAC personnel: Location Routing Number (LRN) ‑ the identifier of the ported to switch, Due Date ‑ date on which transfer of service from old facilities‑based Service Provider to new facilities-based Service Provider is planned to occur, Class DPC, Class SSN, LIDB DPC, LIDB SSN, CNAM DPC, CNAM SSN, ISVM DPC, ISVM SSN, WSMSC DPC (if supported by the Service Provider SOA), WSMSC SSN (if supported by the Service Provider SOA).;NFR;1;0;0;0;0;0;0;0;0;0;0;0;0
2272;npac.doc_2272;NPAC SMS shall allow the following data to be modified in a pending, or conflict Subscription Version for a “porting to original” port by the new Service Provider or NPAC personnel:;F;0;1;0;0;0;0;0;0;0;0;0;0;0
2273;npac.doc_2273;NPAC SMS shall allow the following data to be modified in a pending or conflict Subscription Version for an Inter-Service Provider port by the old Service Provider or NPAC personnel: Due Date ‑ date on which transfer of service from old facilities‑based Service Provider to new Service Provider is planned to occur, Old Service Provider Authorization, Status Change Cause Code.;NFR;1;0;0;0;0;0;0;0;0;0;0;0;0
2274;npac.doc_2274;NPAC SMS shall allow the old Service Provider to modify the old Service Provider authorization flag to false and set the cause code. As a result the NPAC SMS will set the Subscription Version status to conflict provided the version has not previously been set into conflict by the Old Service Provider for reasons other than cancellation.;NFR;1;0;0;0;0;0;0;0;0;0;0;0;0
2275;npac.doc_2275;NPAC SMS shall accept the following optional fields from the NPAC personnel or the new Service Provider upon modification of a pending or conflict Subscription version: Billing Service Provider ID, End‑User Location ‑ Value,  End‑User Location ‑ Type;F;0;1;0;0;0;0;0;0;0;0;0;0;0
2276;npac.doc_2276;NPAC SMS shall perform field-level data validations to ensure that the value formats for the following input data, if supplied, is valid according to the formats specified in Table 3-6 upon Subscription Version modification: LNP Type, Port4ed TN(s), Old Service Provider Authorization, Status Change Cause Code, Old Service Provider ID, New Service Provider ID, LRN, Class DPC, Class SSN, LIDB DPC, LIDB SSN, CNAM DPC, CNAM SSN, ISVM DPC, ISVM SSN, WSMSC DPC, WSMSC SSN, Billing Service Provider ID, End-User Location - Value, End-User Location - Type.;F;0;1;0;0;0;0;0;0;0;0;0;0;0
2277;npac.doc_2277;NPAC SMS shall verify that an input due date is the current or future date upon Subscription Version modification.;F;0;1;0;0;0;0;0;0;0;0;0;0;0
2278;npac.doc_2278;NPAC SMS shall allow a request to modify the due date of a Subscription Version, when the new value is equal to, or greater than, the corresponding NPA-NXX effective date.;F;0;1;0;0;0;0;0;0;0;0;0;0;0
2279;npac.doc_2279;NPAC SMS shall verify that an input LRN is associated with the new Service Provider in the NPAC SMS system upon Subscription Version modification.;NFR;1;0;0;0;0;0;0;0;0;0;0;0;0
2280;npac.doc_2280;NPAC SMS shall verify that the originating user is identified as the new or old Service Provider on the current Subscription Version, if one exists, upon Subscription Version modification.;NFR;1;0;0;0;0;0;0;0;0;0;0;0;0
2281;npac.doc_2281;NPAC SMS shall require and only allow the Status Change Cause Code to be set when the Old Service Provider authorization is set to false.;NFR;1;0;0;0;0;0;0;0;0;0;0;0;0
2282;npac.doc_2282;NPAC SMS shall send an error message to the originating user if the modified pending or conflict Subscription Version fails validations.;F;0;1;0;0;0;0;0;0;0;0;0;0;0
2283;npac.doc_2283;NPAC SMS shall leave the original version intact upon validation failure of a modified pending or conflict Subscription Version.;F;0;1;0;0;0;0;0;0;0;0;0;0;0
2284;npac.doc_2284;NPAC SMS shall send an appropriate message to the old and new Service Providers upon successful modification of a Subscription Version.;F;0;1;0;0;0;0;0;0;0;0;0;0;0
2285;npac.doc_2285;NPAC SMS shall set the conflict timestamp to the current time when a Subscription Version is set to conflict upon Subscription Version modification.;F;0;1;0;0;0;0;0;0;0;0;0;0;0
2286;npac.doc_2286;NPAC SMS shall notify the Old and New Service Provider when a Subscription Version is set to conflict upon Subscription Version modification.;F;0;1;0;0;0;0;0;0;0;0;0;0;0
2287;npac.doc_2287;NPAC SMS shall include the cause code for conflict in the conflict notification to the Old and New Service Provider when a Subscription Version is set to conflict upon Subscription Version modification.;F;0;1;0;0;0;0;0;0;0;0;0;0;0
2288;npac.doc_2288;NPAC SMS shall allow only NPAC personnel and the current Service Provider to modify their own active Subscription Versions.;NFR;1;0;0;0;0;0;0;0;0;0;0;0;0
2289;npac.doc_2289;NPAC SMS shall require the following data from NPAC personnel or SOA to NPAC SMS interface users to identify the active Subscription Version to be modified: Ported Telephone Numbers (or a specified range of numbers) and status of Active or Subscription Version ID.;F;0;1;0;0;0;0;0;0;0;0;0;0;0
2290;npac.doc_2290;NPAC SMS shall allow the following data to be modified for an active Subscription Version: Location Routing Number (LRN) ‑ the identifier of the ported to switch, Class DPC, Class SSN, LIDB DPC, LIDB SSN, CNAM DPC, CNAM SSN, ISVM DPC, ISVM SSN, WSMSC DPC (if supported by the Service Provider SOA), WSMSC SSN (if supported by the Service Provider SOA).;F;0;1;0;0;0;0;0;0;0;0;0;0;0
2291;npac.doc_2291;NPAC SMS shall accept the following optional fields from the new Service Provider or NPAC personnel for an active Subscription Version to be modified: Billing Service Provider ID, End‑User Location ‑ Value, End‑User Location ‑ Type.;NFR;1;0;0;0;0;0;0;0;0;0;0;0;0
2292;npac.doc_2292;NPAC SMS shall perform field-level data validations to ensure that the value formats for the following input data, if supplied, is valid according to the formats specified in Table 3-6 upon Subscription Version modification of an active version: LRN,  Class DPC,  Class SSN,  LIDB DPC,  LIDB SSN,  CNAM DPC,  CNAM SSN, ISVM DPC,  ISVM SSN,  WSMSC DPC (if supported by the Service Provider SOA), WSMSC SSN (if supported by the Service Provider SOA), Billing Service Provider ID, End-User Location - Value, End-User Location - Type.;F;0;1;0;0;0;0;0;0;0;0;0;0;0
2293;npac.doc_2293;NPAC SMS shall verify that an input LRN is associated with the new Service Provider in the NPAC SMS system upon Subscription Version modification of an active version.;NFR;1;0;0;0;0;0;0;0;0;0;0;0;0
2294;npac.doc_2294;NPAC SMS shall send an appropriate error message to the originating user if the modified active Subscription Version fails validations.;F;0;1;0;0;0;0;0;0;0;0;0;0;0
2295;npac.doc_2295;NPAC SMS shall leave the original version intact upon validation failure of a modified active Subscription Version.;F;0;1;0;0;0;0;0;0;0;0;0;0;0
2296;npac.doc_2296;NPAC SMS shall create an old Subscription Version with a new version id for an active Subscription Version prior to modification.;NFR;1;0;0;0;0;0;0;0;0;0;0;0;0
2297;npac.doc_2297;NPAC SMS shall broadcast no data to the Local SMSs due to the creation of an old Subscription Version with a new version id for an active Subscription Version prior to modification.;NFR;1;0;0;0;0;0;0;0;0;0;0;0;0
2298;npac.doc_2298;NPAC SMS shall record the current date and time as the broadcast date and time stamp upon initiation of broadcasting of the modified active Subscription Version.;F;0;1;0;0;0;0;0;0;0;0;0;0;0
2299;npac.doc_2299;NPAC SMS shall notify the originating user indicating successful modification of an active Subscription Version.;F;0;1;0;0;0;0;0;0;0;0;0;0;0
2300;npac.doc_2300;NPAC SMS shall record the current date and time as the Broadcast Complete Date and Time Stamp, after one Local SMS has successfully acknowledged modifying the new Subscription Version.;F;0;1;0;0;0;0;0;0;0;0;0;0;0
2301;npac.doc_2301;NPAC SMS shall proceed with the broadcast modified active subscription process upon successful modification of an active Subscription Version.;F;0;1;0;0;0;0;0;0;0;0;0;0;0
2302;npac.doc_2302;NPAC SMS shall determine which Local SMSs to send the Subscription Version to by identifying all Local SMSs that are accepting Subscription version data downloads for the given NPA-NXX.;NFR;1;0;0;0;0;0;0;0;0;0;0;0;0
2303;npac.doc_2303;NPAC SMS shall send the modified Subscription version via the NPAC SMS to Local SMS Interface to the Local SMSs;F;0;1;0;0;0;0;0;0;0;0;0;0;0
2304;npac.doc_2304;NPAC SMS shall set the Subscription Version status to sending upon sending the Subscription version to the Local SMSs.;F;0;1;0;0;0;0;0;0;0;0;0;0;0
2305;npac.doc_2305;NPAC SMS shall upon completion of the broadcast (failed or successful) return the status of the modified active subscription to its previous state.;F;0;1;0;0;0;0;0;0;0;0;0;0;0
2306;npac.doc_2306;NPAC SMS shall use the Subscription Modification Retry Attempts tunable parameter which defines the number of times a new Subscription Version will be sent to a Local SMS which has not acknowledged receipt of the modify request.;F;0;1;0;0;0;0;0;0;0;0;0;0;0
2307;npac.doc_2307;NPAC SMS shall use the Subscription Modification Retry Interval tunable parameter, which defines the delay between sending new Subscription Versions to a Local SMS that has not acknowledged receipt of the modify request.;F;0;1;0;0;0;0;0;0;0;0;0;0;0
2308;npac.doc_2308;NPAC SMS shall resend the modified Subscription Version a Subscription Modification Retry Attempts tunable parameter number of times to a Local SMS that has not acknowledged the receipt of the modification request once the Subscription Activation Retry Interval tunable parameter expires.;NFR;1;0;0;0;0;0;0;0;0;0;0;0;0
2309;npac.doc_2309;NPAC SMS shall retain the status for the Subscription Version being modified as sending until the earlier of the Subscription Version retry period has expired for all Local SMSs, or until all Local SMSs have acknowledged the modification.;F;0;1;0;0;0;0;0;0;0;0;0;0;0
2310;npac.doc_2310;NPAC SMS shall notify the NPAC SMS Administrator of all Local SMSs where a modify has failed, once each Local SMS has successfully responded or failed to respond during the modification retry period.;F;0;1;0;0;0;0;0;0;0;0;0;0;0
2311;npac.doc_2311;NPAC SMS shall provide NPAC SMS personnel with the functionality to re-send modify active Subscription Version requests to all failed Local SMSs.;F;0;1;0;0;0;0;0;0;0;0;0;0;0
2312;npac.doc_2312;NPAC SMS shall send a list to the Current Service Provider of all Local SMSs that failed modification when a Subscription Version modify active fails.;NFR;1;0;0;0;0;0;0;0;0;0;0;0;0
2313;npac.doc_2313;NPAC SMS shall require the following data from NPAC personnel to identify the Subscription Version to be placed in conflict: Ported Telephone Number or Subscription Version ID.;F;0;1;0;0;0;0;0;0;0;0;0;0;0
2314;npac.doc_2314;NPAC SMS shall send an error message to the NPAC personnel or old Service Provider if the version status is not pending or cancel pending upon attempting to set the Subscription Version to conflict.;F;0;1;0;0;0;0;0;0;0;0;0;0;0
2315;npac.doc_2315;NPAC SMS shall send an error message to the SOA if the cause code is not specified upon setting the Subscription Version to conflict.;F;0;1;0;0;0;0;0;0;0;0;0;0;0
2316;npac.doc_2316;NPAC SMS shall only allow a subscription version to be placed into conflict by the Old Service provider one time.;F;0;1;0;0;0;0;0;0;0;0;0;0;0
2317;npac.doc_2317;NPAC SMS shall provide a Conflict Restriction Tunable which is defined as the time on the business day prior to the New Service Provider due date that a pending Subscription Version can no longer be placed into conflict state by the old Service Provider.;NFR;1;0;0;0;0;0;0;0;0;0;0;0;0
2318;npac.doc_2318;NPAC SMS shall provide a Conflict Restriction Window that restricts an Old Service Provider from putting a Subscription Version into Conflict.;NFR;1;0;0;0;0;0;0;0;0;0;0;0;0
2319;npac.doc_2319;NPAC SMS shall restrict a Subscription Version from being placed into Conflict by the Old Service Provider, when the Conflict Restriction Window Tunable Time is reached AND the Final Concurrence Timer (T2) has expired.;NFR;1;0;0;0;0;0;0;0;0;0;0;0;0
2320;npac.doc_2320;NPAC SMS shall allow the NPAC SMS Administrator to modify the Conflict Restriction Window Tunable parameter.;NFR;1;0;0;0;0;0;0;0;0;0;0;0;0
2321;npac.doc_2321;NPAC SMS shall default the Conflict Restriction Window Tunable parameter to 12 noon.;F;0;1;0;0;0;0;0;0;0;0;0;0;0
2322;npac.doc_2322;NPAC SMS shall not apply the Conflict Restriction Window Tunable to subscription versions being ported using short timers.;F;0;1;0;0;0;0;0;0;0;0;0;0;0
2323;npac.doc_2323;NPAC SMS shall, upon placing a Subscription Version into conflict, set the version status to conflict.;F;0;1;0;0;0;0;0;0;0;0;0;0;0
2324;npac.doc_2324;NPAC SMS shall, upon placing a Subscription Version into conflict, record the current date and time as the conflict date and time stamp.;NFR;1;0;0;0;0;0;0;0;0;0;0;0;0
2325;npac.doc_2325;NPAC SMS shall issue an appropriate message to the originating user and the Old and New Service Providers indicating successful completion of the process to place a subscription in conflict.;F;0;1;0;0;0;0;0;0;0;0;0;0;0
2326;npac.doc_2326;NPAC SMS shall provide a Conflict Expiration Window tunable parameter which is defined as a number of calendar days a Subscription Version will remain in conflict prior to cancellation.;F;0;1;0;0;0;0;0;0;0;0;0;0;0
2327;npac.doc_2327;NPAC SMS shall default the Conflict Expiration Window tunable parameter to 30 calendar days.;F;0;1;0;0;0;0;0;0;0;0;0;0;0
2328;npac.doc_2328;NPAC SMS shall allow the NPAC SMS Administration to modify the Conflict Expiration Window tunable parameter.;NFR;1;0;0;0;0;0;0;0;0;0;0;0;0
2329;npac.doc_2329;NPAC SMS shall set the status of the Subscription Version to cancel after a Subscription Version has been in conflict for a Conflict Expiration Window tunable parameter number of calendar days.;NFR;1;0;0;0;0;0;0;0;0;0;0;0;0
2330;npac.doc_2330;NPAC SMS shall set a Subscription Version cancellation date timestamp to the current time upon setting a conflict Subscription Version to cancel.;F;0;1;0;0;0;0;0;0;0;0;0;0;0
2331;npac.doc_2331;NPAC SMS shall notify both Service Providers after a Subscription Version status is set to cancel from conflict.;F;0;1;0;0;0;0;0;0;0;0;0;0;0
2332;npac.doc_2332;NPAC SMS shall require the following data from the NPAC personnel user, new, or old Service Provider to identify the Subscription Version to be set from conflict to pending: Ported Telephone Number or Subscription Version ID.;F;0;1;0;0;0;0;0;0;0;0;0;0;0
2333;npac.doc_2333;NPAC SMS shall send an error message to the originating user if the Subscription Version status is not in conflict upon attempting to set the Subscription Version to pending.;F;0;1;0;0;0;0;0;0;0;0;0;0;0
2334;npac.doc_2334;NPAC SMS shall set the version status to pending if the Subscription Version is in conflict upon a request from NPAC personnel, new, or old service providers to set a Subscription Version to pending.;F;0;1;0;0;0;0;0;0;0;0;0;0;0
2335;npac.doc_2335;NPAC SMS shall send an appropriate message to the originating user indicating successful completion of the process to set a subscription to pending.;F;0;1;0;0;0;0;0;0;0;0;0;0;0
2336;npac.doc_2336;NPAC SMS shall inform both Service Providers when the status of a Subscription Version is set to pending for an Inter-Service Provider port.;F;0;1;0;0;0;0;0;0;0;0;0;0;0
2337;npac.doc_2337;NPAC SMS shall provide long and short Conflict Resolution New Service Provider Restriction tunable parameters which are defined as a number of business hours after the subscription version is put into conflict that the NPAC SMS will prevent it from being removed from conflict by the New Service Provider.;NFR;1;0;0;0;0;0;0;0;0;0;0;0;0
2338;npac.doc_2338;NPAC SMS shall default the long Conflict Resolution New Service Provider Restriction tunable parameter to 6 business hours.;NFR;1;0;0;0;0;0;0;0;0;0;0;0;0
2339;npac.doc_2339;R5-50.2 Conflict Resolution Subscription Version - Status Message;F;0;1;0;0;0;0;0;0;0;0;0;0;0
2340;npac.doc_2340;NPAC SMS shall allow the NPAC SMS Administration to modify the long and short Conflict Resolution New Service Provider Restriction tunable parameters.;NFR;1;0;0;0;0;0;0;0;0;0;0;0;0
2341;npac.doc_2341;NPAC SMS shall default the short Conflict Resolution New Service Provider Restriction tunable parameter to 6 business hours.;F;0;1;0;0;0;0;0;0;0;0;0;0;0
2342;npac.doc_2342;RR5-12.1 Conflict Resolution Subscription Version - Inform Both Service Providers of Pending Status;F;0;1;0;0;0;0;0;0;0;0;0;0;0
2343;npac.doc_2343;NPAC SMS shall update the conflict resolution date and time stamp with the current date and time and set the old Service Provider Authorization flag to true when conflict is resolved.;F;0;1;0;0;0;0;0;0;0;0;0;0;0
2344;npac.doc_2344;NPAC SMS shall require the following data from the NPAC personnel or new service provider to identify the Subscription Version to be activated: Ported Telephone Number or Subscription Version ID.;F;0;1;0;0;0;0;0;0;0;0;0;0;0
2345;npac.doc_2345;NPAC SMS shall record the current date and time as the Activation Broadcast Complete Date and Time Stamp, as soon as one Local SMS has successfully acknowledged activating the new Subscription Version.;F;0;1;0;0;0;0;0;0;0;0;0;0;0
2346;npac.doc_2346;NPAC SMS shall proceed with the “immediate” disconnect processing when a “porting to original” Subscription Version is activated.;F;0;1;0;0;0;0;0;0;0;0;0;0;0
2347;npac.doc_2347;NPAC SMS shall set the Activation Received timestamp to the current date and time upon receiving a Subscription Version activation request.;NFR;1;0;0;0;0;0;0;0;0;0;0;0;0
2348;npac.doc_2348;NPAC SMS shall send an error message to the originating user if the version status is not pending upon Subscription Version activation.;F;0;1;0;0;0;0;0;0;0;0;0;0;0
2349;npac.doc_2349;NPAC SMS shall verify that a Subscription Version is in a valid pending state by checking that a new Service Provider time stamp exists and that the effective date of the NPA-NXX has been reached.;F;0;1;0;0;0;0;0;0;0;0;0;0;0
2350;npac.doc_2350;NPAC SMS shall send an error message to the originating user if the Subscription validation fails.;NFR;1;0;0;0;0;0;0;0;0;0;0;0;0
2351;npac.doc_2351;NPAC SMS shall verify that a pending Subscription Version is eligible for activation by ensuring that the new Service Provider due date is less than or equal to the current date.;F;0;1;0;0;0;0;0;0;0;0;0;0;0
2352;npac.doc_2352;NPAC SMS shall determine which Local SMSs to send the Subscription Version to by identifying all Local SMS that are accepting Subscription Version data downloads for the given NPA-NXX.;NFR;1;0;0;0;0;0;0;0;0;0;0;0;0
2353;npac.doc_2353;NPAC SMS shall send the activated Subscription Version for an activated Inter or Intra-Service Provider port via the NPAC SMS to Local SMS Interface to the Local SMSs.;F;0;1;0;0;0;0;0;0;0;0;0;0;0
2354;npac.doc_2354;NPAC SMS shall set the subscription status to sending upon sending the activated Subscription Version to the Local SMSs.;NFR;1;0;0;0;0;0;0;0;0;0;0;0;0
2355;npac.doc_2355;NPAC SMS shall record the current date and time as the broadcast date and time stamp upon initiating sending the activated subscription to the Local SMSs.;F;0;1;0;0;0;0;0;0;0;0;0;0;0
2356;npac.doc_2356;NPAC SMS shall log the activation responses resulting from the activation requests sent to the Local SMSs.;F;0;1;0;0;0;0;0;0;0;0;0;0;0
2357;npac.doc_2357;NPAC SMS shall provide a Local SMS Activation Log Retention Period tunable parameter which is defined as the number of calendar days Local SMS activation responses will remain in the log.;NFR;1;0;0;0;0;0;0;0;0;0;0;0;0
2358;npac.doc_2358;NPAC SMS shall allow the NPAC SMS Administrator to modify the Local SMS Activation Log Retention Period tunable parameter.;NFR;1;0;0;0;0;0;0;0;0;0;0;0;0
2359;npac.doc_2359;NPAC SMS shall default the Local SMS Activation Log Retention Period tunable parameter to 90 calendar days.;F;0;1;0;0;0;0;0;0;0;0;0;0;0
2360;npac.doc_2360;NPAC SMS shall allow NPAC personnel to view the Local SMS Activation Message log.;NFR;1;0;0;0;0;0;0;0;0;0;0;0;0
2361;npac.doc_2361;NPAC SMS shall, upon receiving successful activation acknowledgment from all involved Local SMSs, set the sending Subscription Version status to active.;F;0;1;0;0;0;0;0;0;0;0;0;0;0
2362;npac.doc_2362;NPAC SMS shall upon receiving successful activation acknowledgment from any involved Local SMSs, set the previous active Subscription Version status to old.;F;0;1;0;0;0;0;0;0;0;0;0;0;0
2363;npac.doc_2363;NPAC SMS shall provide a Subscription Activation Retry Attempts tunable parameter which defines the number of times a new Subscription Version will be sent to a Local SMS which has not acknowledged receipt of the activation request.;NFR;1;0;0;0;0;0;0;0;0;0;0;0;0
2364;npac.doc_2364;NPAC SMS shall provide a Subscription Activation Retry Interval tunable parameter, which defines the delay between sending new Subscription Versions to a Local SMS that has not acknowledged receipt of the activation request.;F;0;1;0;0;0;0;0;0;0;0;0;0;0
2365;npac.doc_2365;NPAC SMS shall allow the NPAC SMS Administrator to modify the Subscription Activation Retry Attempts tunable parameter.;NFR;1;0;0;0;0;0;0;0;0;0;0;0;0
2366;npac.doc_2366;NPAC SMS shall allow the NPAC SMS Administrator to modify the Subscription Activation Retry Interval tunable parameter.;NFR;1;0;0;0;0;0;0;0;0;0;0;0;0
2367;npac.doc_2367;NPAC SMS shall default the Subscription Activation Retry Attempts tunable parameter to 3 times.;NFR;1;0;0;0;0;0;0;0;0;0;0;0;0
2368;npac.doc_2368;NPAC SMS shall default the Subscription Activation Retry Interval tunable parameter to 2 minutes.;NFR;1;0;0;0;0;0;0;0;0;0;0;0;0
2369;npac.doc_2369;NPAC SMS shall resend the activated Subscription Version a Subscription Activation Retry Attempts tunable parameter number of times to a Local SMS that has not acknowledged the receipt of the activation request once the Subscription Activation Retry Interval tunable parameter expires.;NFR;1;0;0;0;0;0;0;0;0;0;0;0;0
2370;npac.doc_2370;NPAC SMS shall consider the Subscription Version activation for a given Local SMS failed once the applicable Activation Retry tunable parameter number of retries has been exhausted for that Local SMS.;NFR;1;0;0;0;0;0;0;0;0;0;0;0;0
2371;npac.doc_2371;NPAC SMS shall retain the status for the Subscription Version being activated as sending until the Subscription Version retry period expires for all Local SMSs, or until all Local SMSs have acknowledged the activation.;NFR;1;0;0;0;0;0;0;0;0;0;0;0;0
2372;npac.doc_2372;NPAC SMS shall notify the NPAC SMS Administrator of all Local SMSs where new activation failed, once each Local SMS has successfully responded or failed to respond during the activation retry period.;F;0;1;0;0;0;0;0;0;0;0;0;0;0
2373;npac.doc_2373;NPAC SMS shall set the Subscription Version status to partial failure if the activation resulting from an subscription version activation request failed in one or more, but not all, of the Local SMSs.;F;0;1;0;0;0;0;0;0;0;0;0;0;0
2374;npac.doc_2374;NPAC SMS shall set the status of a previous active version to old when a Subscription Version activation succeeds for at least one of the Local SMSs.;F;0;1;0;0;0;0;0;0;0;0;0;0;0
2375;npac.doc_2375;NPAC SMS shall set the status of the Subscription Version to failed if the Subscription Version fails activation resulting from an subscription version activation request in all the Local SMSs to which it was sent.;F;0;1;0;0;0;0;0;0;0;0;0;0;0
2376;npac.doc_2376;NPAC SMS shall notify the NPAC System Administrator when a Subscription Version fails activation at all of the Local SMSs.;NFR;1;0;0;0;0;0;0;0;0;0;0;0;0
2377;npac.doc_2377;NPAC SMS shall provide NPAC SMS personnel with the functionality to re-send activate Subscription Version requests to all failed Local SMSs.;F;0;1;0;0;0;0;0;0;0;0;0;0;0
2378;npac.doc_2378;NPAC SMS shall send a list to the Old and New Service Providers of all Local SMSs that failed activation when a Subscription Version is set to failed or partial failure subsequent to Subscription Version activation for an Inter-Service Provider port.;NFR;1;0;0;0;0;0;0;0;0;0;0;0;0
2379;npac.doc_2379;NPAC SMS shall send a list to the current Service Provider of all Local SMSs that failed activation when a Subscription Version is set to failed or partial failure subsequent to Subscription Version activation for an Intra-Service Provider port.;NFR;1;0;0;0;0;0;0;0;0;0;0;0;0
2380;npac.doc_2380;NPAC SMS shall allow NPAC personnel, a Service Provider SOA via the SOA to NPAC SMS Interface, or Service Provider via the NPAC SOA Low-tech Interface, to activate intra-service provider ports for a TN within the 1K Block, where there is no active Subscription Version in the NPAC SMS. (Previously SV-200);NFR;1;0;0;0;0;0;0;0;0;0;0;0;0
2381;npac.doc_2381;The NPAC SMS shall broadcast a new Subscription Version Create to a non-EDR Local SMS, upon activating a port-to-original Subscription Version, where the TN is within the range of a 1K Block, once the Block exists in the NPAC SMS. (Previously SV-210);F;0;1;0;0;0;0;0;0;0;0;0;0;0
2382;npac.doc_2382;The NPAC SMS shall broadcast a Subscription Version Delete to an EDR Local SMS, upon activating a port-to-original Subscription Version, where the TN is within the range of a 1K Block, once the Block exists in the NPAC SMS. (Previously SV-220);F;0;1;0;0;0;0;0;0;0;0;0;0;0
2383;npac.doc_2383;NPAC SMS shall receive the following data from the NPAC personnel or current Service Provider to identify an active Subscription Version to be disconnected:Ported Telephone Numbers (or a specified range of numbers) or  Subscription Version ID.;NFR;1;0;0;0;0;0;0;0;0;0;0;0;0
2384;npac.doc_2384;NPAC SMS shall require the following input data upon a Subscription Version disconnect: Customer Disconnect Date - Date upon which the customer’s service is disconnected.;NFR;1;0;0;0;0;0;0;0;0;0;0;0;0
2385;npac.doc_2385;NPAC SMS shall accept the following optional input data upon a Subscription Version disconnect: Effective Release Date - Future date upon which the disconnect should be broadcast to all Local SMSs.;F;0;1;0;0;0;0;0;0;0;0;0;0;0
2386;npac.doc_2386;NPAC SMS shall allow only NPAC personnel or the Current Service Provider to invoke the functionality to disconnect a Subscription Version.;NFR;1;0;0;0;0;0;0;0;0;0;0;0;0
2387;npac.doc_2387;NPAC SMS shall send an appropriate error message to the originating user that the Subscription Version is not active in the network and cannot be disconnected or set to disconnect pending if there is no Subscription Version with a status of active.;NFR;1;0;0;0;0;0;0;0;0;0;0;0;0
2388;npac.doc_2388;NPAC SMS shall notify the originating user that the active Subscription Version cannot be disconnected if a version of that subscription version with a status other than canceled or old exists.;NFR;1;0;0;0;0;0;0;0;0;0;0;0;0
2389;npac.doc_2389;NPAC SMS shall create an old Subscription Version with a new version id for a disconnect-pending Subscription Version when the immediate or deferred disconnect request is received.;F;0;1;0;0;0;0;0;0;0;0;0;0;0
2390;npac.doc_2390;NPAC SMS shall broadcast no data to the Local SMSs due to the creation of an old Subscription Version with a new version id for a disconnect-pending Subscription Version when the immediate or deferred disconnect request is received.;F;0;1;0;0;0;0;0;0;0;0;0;0;0
2391;npac.doc_2391;NPAC SMS shall set the status of a Subscription Version to disconnect pending upon a Subscription Version disconnect request when an effective release date is specified.;F;0;1;0;0;0;0;0;0;0;0;0;0;0
2392;npac.doc_2392;NPAC SMS shall inform the current Service Provider when the status of a Subscription Version is set to Disconnect Pending.;F;0;1;0;0;0;0;0;0;0;0;0;0;0
2393;npac.doc_2393;NPAC SMS shall notify the new Service Provider (donor) of the Subscription Version Customer Disconnect Date and Effective Release Date immediately prior to broadcasting a Subscription Version disconnect.;F;0;1;0;0;0;0;0;0;0;0;0;0;0
2394;npac.doc_2394;NPAC SMS shall immediately proceed with the broadcasting of the disconnect after the Customer Disconnect Date notification is sent if no Effective Release Date was specified with the request.;F;0;1;0;0;0;0;0;0;0;0;0;0;0
2395;npac.doc_2395;NPAC SMS shall proceed with the broadcasting of the disconnect when the specified Effective Release Date is reached if an Effective Release Date was specified with the request.;F;0;1;0;0;0;0;0;0;0;0;0;0;0
2396;npac.doc_2396;NPAC SMS shall broadcast the disconnect Subscription Version message to the Local SMSs that are accepting Subscription Version data downloads for the given NPA-NXX via the NPAC SMS to Local SMS Interface.;F;0;1;0;0;0;0;0;0;0;0;0;0;0
2397;npac.doc_2397;NPAC SMS shall record the current date and time as the disconnect broadcast date and time stamp upon sending of disconnect messages to the Local SMSs.;F;0;1;0;0;0;0;0;0;0;0;0;0;0
2398;npac.doc_2398;NPAC SMS shall set a Subscription Version status to sending upon sending the disconnect messages to the Local SMSs.;NFR;1;0;0;0;0;0;0;0;0;0;0;0;0
2399;npac.doc_2399;NPAC SMS shall update the Disconnect Complete timestamp of the previously active Subscription Version upon completion of the broadcast, and the FIRST successful response from a Local SMS.;F;0;1;0;0;0;0;0;0;0;0;0;0;0
2400;npac.doc_2400;NPAC SMS shall set the disconnect Subscription Version to old if a successful response from at least one Local SMS is returned.;F;0;1;0;0;0;0;0;0;0;0;0;0;0
2401;npac.doc_2401;NPAC SMS shall update the status of the disconnect Subscription Version upon completion of the Deletion broadcast, and a response from ALL Local SMSs, or retries are exhausted.;F;0;1;0;0;0;0;0;0;0;0;0;0;0
2402;npac.doc_2402;NPAC SMS shall set the status of the disconnect Subscription Version to active if the disconnect fails in all the Local SMSs to which it was sent.;NFR;1;0;0;0;0;0;0;0;0;0;0;0;0
2403;npac.doc_2403;NPAC SMS shall notify the NPAC SMS System Administrator when a disconnect Subscription Version fails in all of the Local SMSs.;F;0;1;0;0;0;0;0;0;0;0;0;0;0
2404;npac.doc_2404;NPAC SMS shall provide authorized NPAC SMS personnel with the functionality to resend all failed disconnect requests to the Local SMSs.;F;0;1;0;0;0;0;0;0;0;0;0;0;0
2405;npac.doc_2405;NPAC SMS shall allow the NPAC SMS Administrator to modify the Subscription Disconnect Retry Attempts tunable parameter, which is defined as the number of times the NPAC SMS will resend a disconnect message to an unresponsive Local SMS.;NFR;1;0;0;0;0;0;0;0;0;0;0;0;0
2406;npac.doc_2406;NPAC SMS shall default the Subscription Disconnect Retry Attempts tunable parameter to 3 times.;NFR;1;0;0;0;0;0;0;0;0;0;0;0;0
2407;npac.doc_2407;NPAC SMS shall allow the NPAC SMS Administrator to modify the Subscription Disconnect Retry Interval tunable parameter, which is defined as the amount of time that shall elapse between disconnect retries.;NFR;1;0;0;0;0;0;0;0;0;0;0;0;0
2408;npac.doc_2408;NPAC SMS shall default the Subscription Disconnect Retry Interval tunable parameter to 2 minutes.;NFR;1;0;0;0;0;0;0;0;0;0;0;0;0
2409;npac.doc_2409;NPAC SMS shall resend a Subscription Version disconnect message a Subscription Disconnect Retry Attempts tunable parameter number of times to a Local SMS that has not acknowledged the receipt of a disconnect once the Subscription Disconnect Retry Interval tunable parameter expires.;NFR;1;0;0;0;0;0;0;0;0;0;0;0;0
2410;npac.doc_2410;NPAC SMS shall retain the status for the Subscription Version being disconnected as sending until the Subscription Disconnect Retry Attempts tunable parameter period expires for all Local SMSs, or until all Local SMSs have acknowledged the disconnect.;NFR;1;0;0;0;0;0;0;0;0;0;0;0;0
2411;npac.doc_2411;NPAC SMS shall consider the disconnect Subscription Version request to have failed at a specific Local SMS after the Subscription Disconnect Retry Attempts tunable parameter count for the specific Local SMS has been exhausted.;F;0;1;0;0;0;0;0;0;0;0;0;0;0
2412;npac.doc_2412;NPAC SMS shall send a list of the Local SMSs where the disconnect request failed to the NPAC SMS System Administrator after every local SMS has either succeeded or failed with the disconnect.;F;0;1;0;0;0;0;0;0;0;0;0;0;0
2413;npac.doc_2413;NPAC SMS shall set the disconnect Subscription Version status to old if the disconnect request failed at one or more, but not all, of the Local SMSs.;F;0;1;0;0;0;0;0;0;0;0;0;0;0
2414;npac.doc_2414;NPAC SMS shall provide authorized NPAC SMS personnel with the functionality to resend disconnect requests to all Local SMSs that failed to register the disconnect request.;F;0;1;0;0;0;0;0;0;0;0;0;0;0
2415;npac.doc_2415;The NPAC SMS shall reinstate the Block default routing, block holder Service Provider Id and the LNP Type to POOL for a subscription version upon a disconnect for a ported TN, or an activate for a Port-To-Original TN, belonging to the 1K Block, once the Block exists in the NPAC SMS, except for a status of Old, with or without a Block Failed SP List. (Previously SV-390);F;0;1;0;0;0;0;0;0;0;0;0;0;0
2416;npac.doc_2416;NPAC SMS shall notify the Block Holder of the Subscription Version Customer Disconnect Date and Effective Release Date, for a ported pooled Subscription Version that is being disconnected, prior to reinstating the default routing. (Previously SV-400);F;0;1;0;0;0;0;0;0;0;0;0;0;0
2417;npac.doc_2417;The NPAC SMS shall broadcast a new Subscription Version Create to a non-EDR Local SMS, upon a disconnect of a ported pooled Subscription Version, where the TN is within the 1K Block. (Previously SV-410);F;0;1;0;0;0;0;0;0;0;0;0;0;0
2418;npac.doc_2418;The NPAC SMS shall broadcast a Subscription Version Delete to an EDR Local SMS, upon a disconnect of a ported pooled Subscription Version, where the TN is within the 1K Block. (Previously SV-420);F;0;1;0;0;0;0;0;0;0;0;0;0;0
2419;npac.doc_2419;NPAC SMS shall update the Status of the individual subscription version(s) broadcast to the EDR Local SMSs, and the individual subscription version(s) broadcast to the non-EDR Local SMSs, upon completion of the disconnect broadcast to ALL EDR and non-EDR Local SMSs. (Previously SV-422.1);F;0;1;0;0;0;0;0;0;0;0;0;0;0
2420;npac.doc_2420;NPAC SMS shall, upon broadcasting the delete of the Subscription Version to EDR Local SMSs, and create of Subscription Version to non-EDR Local SMSs, set the status of the Subscription Version being disconnected to: (Previously SV-422.2) Active, if ALL EDR and non-EDR Local SMSs, fail the broadcast, Old, for all other cases.;F;0;1;0;0;0;0;0;0;0;0;0;0;0
2421;npac.doc_2421;NPAC SMS shall, upon broadcasting the delete of the Subscription Version to EDR Local SMSs, and create of Subscription Version to non-EDR Local SMSs, set the status of the Subscription Version being created to reinstate default routing to: (Previously SV-422.3);F;0;1;0;0;0;0;0;0;0;0;0;0;0
2422;npac.doc_2422;Active, if all EDR and non-EDR Local SMSs, respond successfully to the broadcast, Failed, if all EDR and non-EDR Local SMSs, fail the broadcast, or retries are exhausted, Partial Failure, for all other cases.;F;0;1;0;0;0;0;0;0;0;0;0;0;0
2423;npac.doc_2423;NPAC SMS shall update the Status of the individual subscription version(s) broadcast to the EDR Local SMSs, the individual subscription version(s) broadcast to the non-EDR Local SMSs, and the individual subscription version(s) representing the port-to-original request, upon completion of the Port-To-Original broadcast to ALL EDR and non-EDR Local SMSs. (Previously SV-423.1);F;0;1;0;0;0;0;0;0;0;0;0;0;0
2424;npac.doc_2424;NPAC SMS shall, upon broadcasting the delete of the Subscription Version to EDR Local SMSs, and create of Subscription Version to non-EDR Local SMSs, set the status of the Subscription Version being ported-to-original to: (Previously SV-423.2) Old, if ALL EDR and non-EDR Local SMSs, respond successfully to the broadcast, Failed, if ALL EDR and non-EDR Local SMSs, fail the broadcast, or retries are exhausted, Partial Failure, for all other cases.;F;0;1;0;0;0;0;0;0;0;0;0;0;0
2425;npac.doc_2425;NPAC SMS shall, upon broadcasting the delete of the Subscription Version to EDR Local SMSs, and create of Subscription Version to non-EDR Local SMSs, set the status of the previously active Subscription Version being disconnected due to the port-to-original request to: (Previously SV-423.3) Active, if ALL EDR and non-EDR Local SMSs, fail the broadcast,Old, for all other cases.;F;0;1;0;0;0;0;0;0;0;0;0;0;0
2426;npac.doc_2426;NPAC SMS shall, upon broadcasting the delete of the Subscription Version to EDR Local SMSs, and create of Subscription Version to non-EDR Local SMSs, set the status of the Subscription Version being created to reinstate default routing for the port-to-original request to: (Previously SV-423.4) Active, if all EDR and non-EDR Local SMSs, respond successfully to the broadcast, Failed, if all EDR and non-EDR Local SMSs, fail the broadcast, or retries are exhausted, Partial Failure, for all other cases.;F;0;1;0;0;0;0;0;0;0;0;0;0;0
2427;npac.doc_2427;NPAC SMS shall update the Subscription Version Failed SP List of the individual subscription version(s) that were broadcast to the EDR Local SMSs with the discrepant Local SMS(s) , upon completion of the broadcast of the delete of the Subscription Version(s) to EDR Local SMSs, and the create of the Subscription Version(s) to non-EDR Local SMSs. (Previously SV-425);F;0;1;0;0;0;0;0;0;0;0;0;0;0
2428;npac.doc_2428;NPAC SMS shall update the Subscription Version Failed SP List of the individual subscription version(s) that were sent up in the Port-to-Original Activate request by the SOA with the discrepant Local SMS(s), upon completion of the broadcast of the delete of the Subscription Version(s) to EDR Local SMSs, and the create of the Subscription Version(s) to non-EDR Local SMSs. (Previously SV-426);F;0;1;0;0;0;0;0;0;0;0;0;0;0
2429;npac.doc_2429;NPAC SMS shall inform both old and new Service Providers when the status of a Subscription Version is set to cancel pending for an Inter-Service Provider port.;F;0;1;0;0;0;0;0;0;0;0;0;0;0
2430;npac.doc_2430;NPAC SMS shall receive the following data from the NPAC personnel to identify a Subscription Version to be canceled: Ported Telephone Number (or a specified range of numbers) or Subscription Version ID.;F;0;1;0;0;0;0;0;0;0;0;0;0;0
2431;npac.doc_2431;NPAC SMS shall send an appropriate error message to the originating user if the status is not pending, conflict, or disconnect pending.;F;0;1;0;0;0;0;0;0;0;0;0;0;0
2432;npac.doc_2432;NPAC SMS shall send an appropriate error message to the originating user if the originating user is neither the New nor the Old Service Provider in the existing Subscription Version upon Subscription Version cancellation.;NFR;1;0;0;0;0;0;0;0;0;0;0;0;0
2433;npac.doc_2433;NPAC SMS shall set the Subscription Version cancellation date and time to current upon setting the Subscription Version status to canceled.;F;0;1;0;0;0;0;0;0;0;0;0;0;0
2434;npac.doc_2434;NPAC SMS shall set the subscription version status to cancel upon receiving a cancellation from the old Service Provider if the New Service Provider has not sent a subscription version create.;NFR;1;0;0;0;0;0;0;0;0;0;0;0;0
2435;npac.doc_2435;NPAC SMS shall set the subscription version status to cancel upon receiving a cancellation from the New Service Provider if the Old Service Provider has not sent an subscription version create.;NFR;1;0;0;0;0;0;0;0;0;0;0;0;0
2436;npac.doc_2436;NPAC SMS shall return an error if a Service Provider sends a cancellation for a subscription version that has not been created by that Service Provider.;F;0;1;0;0;0;0;0;0;0;0;0;0;0
2437;npac.doc_2437;NPAC SMS shall set the subscription version status to Cancel Pending upon receiving a cancellation from either the Old or New Service Provider for a subscription version with a pending status (both Service Providers have done a create) for an Inter-Service Provider or Port to original port.;F;0;1;0;0;0;0;0;0;0;0;0;0;0
2438;npac.doc_2438;NPAC SMS shall set the subscription version status to cancel upon receiving a cancellation from the new Service Provider on a subscription in conflict that was previously in cancel pending and for which only the old service provider has sent a cancellation acknowledgment.;F;0;1;0;0;0;0;0;0;0;0;0;0;0
2439;npac.doc_2439;NPAC SMS shall return an error to the Old Service Provider if they attempt to cancel a Subscription Version that is in conflict due to lack of New Service Provider cancellation concurrence on a subscription version that was previously in cancel pending state.;F;0;1;0;0;0;0;0;0;0;0;0;0;0
2440;npac.doc_2440;NPAC SMS shall set the subscription version status to Active upon receiving a cancellation for a subscription version with a status of disconnect pending.;F;0;1;0;0;0;0;0;0;0;0;0;0;0
2441;npac.doc_2441;NPAC SMS shall set the subscription version status to cancel upon receiving a cancellation from the current Service Provider for an Intra-Service Provider port.;NFR;1;0;0;0;0;0;0;0;0;0;0;0;0
2442;npac.doc_2442;NPAC SMS shall set the Subscription Version status to cancel upon receiving cancellation pending acknowledgment from the Service Provider that did not initiate the cancellation for an Inter-Service Provider port.;F;0;1;0;0;0;0;0;0;0;0;0;0;0
2443;npac.doc_2443;NPAC SMS shall notify both old and new Service Providers after a Subscription Version’s status is set to canceled for an Inter-Service Provider port.;F;0;1;0;0;0;0;0;0;0;0;0;0;0
2444;npac.doc_2444;NPAC SMS shall notify the current Service Provider after a Subscription Version’s status is set to canceled for an Intra-Service Provider port.;F;0;1;0;0;0;0;0;0;0;0;0;0;0
2445;npac.doc_2445;NPAC SMS shall update the old Service Provider cancellation date and time stamp with the current date and time when the cancellation acknowledgment is received from the old Service Provider.;F;0;1;0;0;0;0;0;0;0;0;0;0;0
2446;npac.doc_2446;NPAC SMS shall update the new Service Provider cancellation date and time stamp with the current date and time when the cancellation acknowledgment is received from the new Service Provider.;F;0;1;0;0;0;0;0;0;0;0;0;0;0
2447;npac.doc_2447;NPAC SMS shall provide long and short Cancellation-Initial Concurrence Window tunable parameters, which are defined as the number of business hours after the version is set to Cancel Pending by which the non-originating Service Provider is expected to acknowledge the pending cancellation.;F;0;1;0;0;0;0;0;0;0;0;0;0;0
2448;npac.doc_2448;NPAC SMS shall allow the NPAC SMS Administrator to modify the long and short Cancellation-Initial Concurrence Window tunable parameters.;NFR;1;0;0;0;0;0;0;0;0;0;0;0;0
2449;npac.doc_2449;NPAC SMS shall default the long Cancellation-Initial Concurrence Window tunable parameter to 9 business hours.;F;0;1;0;0;0;0;0;0;0;0;0;0;0
2450;npac.doc_2450;NPAC SMS shall default the short Cancellation-Initial Concurrence Window tunable parameter to 9 business hours.;F;0;1;0;0;0;0;0;0;0;0;0;0;0
2451;npac.doc_2451;NPAC SMS shall provide long and short Cancellation-Final Concurrence Window tunable parameters which are defined as the number of business hours after the second cancel pending notification is sent by which both Service Providers are expected to acknowledge the pending cancellation.;F;0;1;0;0;0;0;0;0;0;0;0;0;0
2452;npac.doc_2452;NPAC SMS shall allow the NPAC SMS Administrator to modify the long and short Cancellation-Final Concurrence Window tunable parameters.;NFR;1;0;0;0;0;0;0;0;0;0;0;0;0
2453;npac.doc_2453;NPAC SMS shall default the long Cancellation-Final Concurrence Window tunable parameter to 9 business hours.;F;0;1;0;0;0;0;0;0;0;0;0;0;0
2454;npac.doc_2454;NPAC SMS shall default the short Cancellation-Final Concurrence Window tunable parameter to 9 business hours.;F;0;1;0;0;0;0;0;0;0;0;0;0;0
2455;npac.doc_2455;NPAC SMS shall send a notification to the Service Provider (new or old) who has not yet acknowledged the cancel pending status when the Cancellation-Initial Concurrence Window tunable parameter expires.;F;0;1;0;0;0;0;0;0;0;0;0;0;0
2456;npac.doc_2456;NPAC SMS shall set the Subscription Version status to conflict when the NPAC SMS has not received the cancellation acknowledgment from the new Service Provider and the Cancellation-Final Concurrence Window tunable parameter has expired.;F;0;1;0;0;0;0;0;0;0;0;0;0;0
2457;npac.doc_2457;NPAC SMS shall set the Subscription Version status to cancel and set the cause code to “NPAC SMS automatic cancellation” when the NPAC SMS has not received the cancellation acknowledgment from the Old Service Provider and the Cancellation-Final Concurrence Window tunable parameter has expired.;NFR;1;0;0;0;0;0;0;0;0;0;0;0;0
2458;npac.doc_2458;NPAC SMS shall notify the old and new Service Providers upon setting a Subscription Version to conflict.;F;0;1;0;0;0;0;0;0;0;0;0;0;0
2459;npac.doc_2459;NPAC SMS shall receive the following data from NPAC personnel to identify a subscription version that contains a Failed SP List with one or more SPIDS, to be resent: Ported Telephone Number or Subscription Version ID.;F;0;1;0;0;0;0;0;0;0;0;0;0;0
2460;npac.doc_2460;NPAC SMS shall require NPAC personnel to specify a TN Range (NPA-NXX-xxxx through yyyy, where yyyy is greater than xxxx) to identify multiple subscription versions that contain a Failed SP List with one or more SPIDS, to be resent.;F;0;1;0;0;0;0;0;0;0;0;0;0;0
2461;npac.doc_2461;NPAC SMS shall require the following input data from NPAC personnel upon a Subscription Version resend: List of “failed” Local SMSs to resend to.;F;0;1;0;0;0;0;0;0;0;0;0;0;0
2462;npac.doc_2462;NPAC SMS shall send an error message to the originating user upon Subscription Version resend if the version does not have a list of failed LSMSs associated with the subscription’s last operation.;NFR;1;0;0;0;0;0;0;0;0;0;0;0;0
2463;npac.doc_2463;NPAC SMS shall resend a Subscription Version activation request, if the Subscription Version previously failed activation, to the designated list of failed Local SMSs via the NPAC SMS to Local SMS Interface upon a Subscription Version resend request.;F;0;1;0;0;0;0;0;0;0;0;0;0;0
2464;npac.doc_2464;NPAC SMS shall resend a Subscription Version disconnect request, if the Subscription Version previously failed disconnect, to the designated list of failed Local SMSs via the NPAC SMS to Local SMS Interface upon a Subscription Version resend request.;F;0;1;0;0;0;0;0;0;0;0;0;0;0
2465;npac.doc_2465;NPAC SMS shall set a failed or partial failure Subscription Version to sending subsequent to resending to the Local SMSs via the NPAC SMS to Local SMS Interface.;NFR;1;0;0;0;0;0;0;0;0;0;0;0;0
2466;npac.doc_2466;NPAC SMS shall proceed with the standard activation processing subsequent to resending a Subscription Version activation request to the Local SMSs via the NPAC SMS to Local SMS Interface.;F;0;1;0;0;0;0;0;0;0;0;0;0;0
2467;npac.doc_2467;NPAC SMS shall proceed with the standard disconnect processing subsequent to resending a Subscription Version disconnect request to the Local SMSs via the NPAC SMS to Local SMS Interface.;F;0;1;0;0;0;0;0;0;0;0;0;0;0
2468;npac.doc_2468;NPAC SMS shall resend a Subscription Version modify active request, if an active Subscription Version previously failed modification, to the designated list of failed Local SMSs via the NPAC SMS to Local SMS Interface upon a Subscription Version resend request.;F;0;1;0;0;0;0;0;0;0;0;0;0;0
2469;npac.doc_2469;NPAC SMS shall proceed with the standard modify active processing subsequent to resending a Subscription Version modify request to the Local SMSs via the NPAC SMS to Local SMS Interface.;F;0;1;0;0;0;0;0;0;0;0;0;0;0
2470;npac.doc_2470;NPAC SMS shall prevent NPAC Personnel from re-sending a Subscription Version with LNP Type of POOL, via the NPAC Administrative Interface. (Previously SV-451);F;0;1;0;0;0;0;0;0;0;0;0;0;0
2471;npac.doc_2471;NPAC SMS shall re-send Subscription Versions to a discrepant non-EDR Local SMS via the NPAC SMS to Local SMS Interface, when a re-send request is initiated to a Block. (Previously SV-452);F;0;1;0;0;0;0;0;0;0;0;0;0;0
2472;npac.doc_2472;NPAC SMS shall update the status of the failed Subscription Versions with LNP Type of POOL in the 1K Block, at the start of the re-send to the Local SMSs, from a failed status to a sending status. (Previously SV-460);F;0;1;0;0;0;0;0;0;0;0;0;0;0
2473;npac.doc_2473;NPAC SMS shall update the status of the partial failure Subscription Versions with LNP Type of POOL in the 1K Block, at the start of the re-send to the Local SMSs, from a partial failure status to a sending status. (Previously SV-470);F;0;1;0;0;0;0;0;0;0;0;0;0;0
2474;npac.doc_2474;NPAC SMS shall update the status of the active Subscription Version with LNP Type of POOL in the 1K Block, with a Failed SP List, at the start of the re-send to the Local SMSs, from an active status to a sending status. (Previously SV-480);F;0;1;0;0;0;0;0;0;0;0;0;0;0
2475;npac.doc_2475;NPAC SMS shall update the status of the old Subscription Version with LNP Type of POOL in the 1K Block, with a Failed SP List, at the start of the re-send to the Local SMSs, from an old status to a sending status. (Previously SV-490);F;0;1;0;0;0;0;0;0;0;0;0;0;0
2476;npac.doc_2476;NPAC SMS shall update the Subscription Version Failed SP List of the Subscription Version(s) with LNP Type of POOL in the 1K Block, by removing the previously failed Local SMS, upon a successful re-send to a previously failed Local SMS. (Previously SV-510);F;0;1;0;0;0;0;0;0;0;0;0;0;0
2477;npac.doc_2477;RR5-75 Re-Send of Number Pooling Subscription Version Information – Sending Status Update to Active Subscription Version for Block Modification or Deletion;F;0;1;0;0;0;0;0;0;0;0;0;0;0
2478;npac.doc_2478;NPAC SMS shall update the status of the Subscription Version(s) and the Block, specified in the re-send request for a Block Creation, Modification, or Deletion, at the completion of the re-send to the Local SMS, and a response from the Local SMS or if retries have been exhausted, from a sending status, as defined in RR3-137.1, RR3-137.2 RR3-137.3, and RR3-137.4. (Previously SV-515);F;0;1;0;0;0;0;0;0;0;0;0;0;0
2479;npac.doc_2479;NPAC SMS shall update the Subscription Version Failed SP List of the Subscription Version(s) with LNP Type of POOL in the 1K Block, specified in the re-send request for a Block Creation, Modification, or Deletion, at the completion of the re-send to the Local SMS, and a response from the Local SMS, or if retries have been exhausted, as defined in RR3-138.1 and RR3-138.2. (Previously SV-516);F;0;1;0;0;0;0;0;0;0;0;0;0;0
2480;npac.doc_2480;NPAC SMS shall examine a Service Provider's EDR Indicator, at the time of re-send, to determine the message to re-send, for a disconnect or a Port-To-Original Subscription Version of a ported pooled TN, where the TN is contained within a Pooled 1K Block. (Previously SV-518);NFR;1;0;0;0;0;0;0;0;0;0;0;0;0
2481;npac.doc_2481;NPAC SMS shall, for a re-send of a disconnect Subscription Version of a ported pooled TN, where the TN is contained within a Pooled 1K Block, re-broadcast the Delete request of the Subscription Version that was active prior to the disconnect broadcast to a discrepant EDR Local SMS. (Previously SV-519.1);F;0;1;0;0;0;0;0;0;0;0;0;0;0
2482;npac.doc_2482;NPAC SMS shall, for a re-send of a disconnect Subscription Version of a ported pooled TN, where the TN is contained within a Pooled 1K Block, re-broadcast the Create request of the Subscription Version that was created to restore default routing to a discrepant non-EDR Local SMS. (Previously SV-519.2);F;0;1;0;0;0;0;0;0;0;0;0;0;0
2483;npac.doc_2483;NPAC SMS shall, for a re-send of a Port-To-Original Subscription Version of a ported pooled TN, where the TN is contained within a Pooled 1K Block, re-broadcast the Delete request of the Subscription Version that was active prior to the Port-To-Original broadcast to a discrepant EDR Local SMS. (Previously SV-520.1);F;0;1;0;0;0;0;0;0;0;0;0;0;0
2484;npac.doc_2484;NPAC SMS shall, for a re-send of a Port-To-Original Subscription Version of a ported pooled TN, where the TN is contained within a Pooled 1K Block, re-broadcast the Create request of the Subscription Version that was created to restore default routing, and shall NOT re-broadcast the Delete request of the Subscription Version that was active prior to the Port-To-Original broadcast to a discrepant non-EDR Local SMS. (Previously SV-520.2);F;0;1;0;0;0;0;0;0;0;0;0;0;0
2485;npac.doc_2485;NPAC SMS shall allow NPAC personnel, SOA to NPAC SMS interface users, and NPAC SMS to Local SMS interface users to query data maintained by the NPAC SMS for a Subscription and all its Versions.;F;0;1;0;0;0;0;0;0;0;0;0;0;0
2486;npac.doc_2486;NPAC SMS shall receive the following data to identify a Subscription Version to be queried: Ported Telephone Numbers and status (optional) or Subscription Version ID.;F;0;1;0;0;0;0;0;0;0;0;0;0;0
2487;npac.doc_2487;NPAC SMS shall only retrieve Subscription Versions with a specific status when the user supplies a specific Subscription Version status as part of the query criteria.;NFR;1;0;0;0;0;0;0;0;0;0;0;0;0
2488;npac.doc_2488;NPAC SMS shall return all Subscription Versions associated with a ported TN that the requester is eligible to view if the originating user has not provided a Subscription Version status as part of the query criteria.;NFR;1;0;0;0;0;0;0;0;0;0;0;0;0
2489;npac.doc_2489;NPAC SMS shall return the following output data for a Subscription Version query request initiated by NPAC personnel or a SOA to NPAC SMS interface user: Subscription Version ID, Subscription Version Status, Subscription Version Status, Local Number Portability Type,Ported Telephone Number, Old facilities‑based Service Provider Due Date, New facilities‑based Service Provider Due Date, New facilities‑based Service Provider ID,  Old facilities‑based Service Provider ID, Authorization from old facilities‑based Service Provider, Status Change Cause Code, Location Routing Number (LRN), Class DPC. Class SSN, LIDB DPC, CNAM DPC, CNAM SSN, ISVM SSN, WSMSC DPC (for SOAs that support WSMSC data), WSMSC SSN (for SOAs that support WSMSC data), Billing Service Provider ID, End‑User Location Value, End User Location Type, Customer Disconnect Date, Effective Release Date, Disconnect Complete Time Stamp, Conflict Time Stamp, Broadcast Time Stamp, Activation Time Stamp, Cancellation Time Stamp (Status Modified to Canceled Time Stamp), New Service Provider Creation Time Stamp, Old Service Provider Authorization Time Stamp, Pre-cancellation Status, Old Service Provider Cancellation Time Stamp, New Service Provider Cancellation Time Stamp, Old Time Stamp (Status Modified to Old Time Stamp), New Service Provider Conflict Resolution Time Stamp, Old Service Provider Conflict Resolution Time Stamp, Create Time Stamp, Modified Time Stamp, Porting to Original, Download Reason, Timer Type (for SOAs that support Timer Type), Business Hours Type (for SOAs that support Business Hours), List of all Local SMSs that failed activation, modification, or disconnect.;F;0;1;0;0;0;0;0;0;0;0;0;0;0
2490;npac.doc_2490;NPAC SMS shall return the following output data for a Subscription Version query request initiated over the NPAC SMS to Local SMS interface: Subscription Version ID, Ported Telephone Number, Location Routing Number (LRN), New facilities-based Service Provider ID, Activation Time Stamp, Customer Disconnect Date, Class DPC, Class SSN, LIDB DPC, LIDB SSN,  CNAM DPC,  CNAM SSN,  ISVM DPC,  ISVM SSN,  WSMSC DPC (for Local SMSs that support WSMSC data), WSMSC SSN (for Local SMSs that support WSMSC data), End-User Location Value, End-User Location Type, Billing Service Provider ID, Local Number Portability Type.;F;0;1;0;0;0;0;0;0;0;0;0;0;0
2491;npac.doc_2491;NPAC SMS shall send the originating user an appropriate message indicating that there was no data found if no Subscription Versions were found for a query.;F;0;1;0;0;0;0;0;0;0;0;0;0;0
2492;npac.doc_2492;NPAC SMS shall allow NPAC personnel or SOA to NPAC SMS interface users to retrieve subscription data that they cannot modify.;NFR;1;0;0;0;0;0;0;0;0;0;0;0;0
2493;npac.doc_2493;NPAC SMS shall allow authorized NPAC personnel, SOA to NPAC SMS interface users, or NPAC SMS to Local SMS interface users to submit query requests for Subscription Version data based on a single ported TN only.;NFR;1;0;0;0;0;0;0;0;0;0;0;0;0
2494;npac.doc_2494;NPAC SMS shall allow old and new Service Providers or NPAC personnel to view a Subscription Version for any ported TN.;NFR;1;0;0;0;0;0;0;0;0;0;0;0;0
2495;npac.doc_2495;NPAC SMS shall allow NPAC Customers who are neither the old nor the new Service Provider to view only those Subscription Versions for a ported TN with a status of active, partial-failure, disconnect-pending, canceled or old.;NFR;1;0;0;0;0;0;0;0;0;0;0;0;0
2496;npac.doc_2496;NPAC SMS shall only allow Subscription Version queries of online subscription Versions that have not been archived.;NFR;1;0;0;0;0;0;0;0;0;0;0;0;0
2497;npac.doc_2497;NPAC SMS shall return Subscription Versions with LNP Type of POOL that match the query selection criteria, on query requests by NPAC personnel, SOA via the SOA to NPAC SMS Interface, Local SMS via the NPAC SMS to Local SMS Interface, or Service Provider via the NPAC SOA Low-tech Interface, regardless of the value in the requesting Service Provider’s EDR Indicator. (Previously SV-440);F;0;1;0;0;0;0;0;0;0;0;0;0;0
2498;npac.doc_2498;NPAC SMS shall reject a message from NPAC personnel, a Service Provider SOA via the SOA to NPAC SMS Interface, a Service Provider LSMS via the NPAC SMS to Local SMS Interface, or a Service Provider via the NPAC SOA Low-tech Interface, to Create, Modify, Cancel, Set to Conflict, Activate, or Disconnect, a Subscription Version with an LNP Type of POOL. (Previously SV-1);F;0;1;0;0;0;0;0;0;0;0;0;0;0
2499;npac.doc_2499;NPAC SMS shall suppress status change and attribute value change notifications to the old and new/current service provider SOA systems for Subscription Versions with LNP Type of POOL. (Previously SV-2);F;0;1;0;0;0;0;0;0;0;0;0;0;0
2500;npac.doc_2500;NPAC SMS shall apply NPA-NXX Filters to subscription version broadcasts to the Local SMSs, for Subscription Versions with LNP Type of POOL. (Previously SV-3);F;0;1;0;0;0;0;0;0;0;0;0;0;0
2501;npac.doc_2501;NPAC SMS shall broadcast an addition, modification, or deletion of Subscription Versions, with LNP Type of POOL, to non-EDR LSMSs, via the NPAC SMS to Local SMS Interface, upon successful update of the 1K Block in the NPAC SMS, for Subscription Versions. (Previously SV-4);F;0;1;0;0;0;0;0;0;0;0;0;0;0
2502;npac.doc_2502;NPAC SMS shall consider an EDR Local SMS to be discrepant and shall update the Subscription Version Failed SP List for all Subscription Versions with LNP Type of POOL in the 1K Block, based on an EDR Local SMS failing to process the Block Object, for an addition, modification, deletion, re-send, or mass update. (Previously SV-5);F;0;1;0;0;0;0;0;0;0;0;0;0;0
2503;npac.doc_2503;NPAC SMS shall maintain data integrity for SPID, LRN and DPC/SSN data, between Subscription Versions with LNP Type of POOL in a 1K Block, and the corresponding Number Pooling Block, in the NPAC SMS. (Previously SV-6);NFR;1;0;0;0;0;0;0;0;0;0;0;0;0
2504;npac.doc_2504;NPAC SMS shall create individual subscription versions, with LNP Type of POOL, for each TN within the 1K Block, that does not already exist with a status of active/partial failure/disconnect pending/old with a Failed SP List/sending, immediately after successfully creating Number Pooling Block Holder Information in the NPAC SMS. (Previously SV-10);F;0;1;0;0;0;0;0;0;0;0;0;0;0
2505;npac.doc_2505;NPAC SMS shall automatically populate the following data upon Subscription Version creation for a Pooled Number port: (Previously SV-20);F;0;1;0;0;0;0;0;0;0;0;0;0;0
2506;npac.doc_2506;"Version ID ‑ Automatically generated by NPAC SMS, LRN ‑ Value set to same field in Block, Old Service Provider ID ‑ Value set to owner of NPA-NXX, New Service Provider ID ‑ Value set to NPA-NXX-X Holder SPID field in Block,  TN ‑ Telephone Number associated with this Subscription Versio, LNP Type ‑ Value set to ""POOL"",  Status ‑ Value initially set to ""Sending"",  CLASS DPC ‑ Value set to same field in Block, CLASS SSN ‑ Value set to same field in Block, LIDB DPC ‑ Value set to same field in Block, LIDB SSN ‑ Value set to same field in Block, CNAM DPC ‑ Value set to same field in Block, CNAM SSN ‑ Value set to same field in Block, ISVM DPC ‑ Value set to same field in Block, ISVM SSN ‑ Value set to same field in Block, WSMSC DPC ‑ Value set to same field in Block, WSMSC SSN ‑ Value set to same field in Block, New Service Provider Due Date ‑ Value set to current date, Old Service Provider Due Date ‑ Value set to current date, Old Service Provider Authorization ‑ Value set to ""TRUE"", New Service Provider Create Time Stamp ‑ Value set to current date/time, Old Service Provider Authorization Time Stamp ‑ Value set to current date/time, Activation Request Time Stamp ‑ Value set to current date/time, Activation Broadcast Date ‑ Value set to current date, Activation Broadcast Complete Time Stamp ‑ Value set to current date/time, once the broadcast is complete (Local SMS has responded), Disconnect Request Time Stamp ‑ Value set to all zeros, Disconnect Broadcast Time Stamp ‑ Value set to all zeros, Disconnect Broadcast Time Stamp ‑ Value set to all zeros, Disconnect Complete Time Stamp ‑ Value set to all zeros, Effective Release Date ‑ Value set to all zeros, Customer Disconnect Date ‑ Value set to all zeros, Pre-Cancellation Status ‑ Value set to NULL, Old Service Provider Cancellation Time Stamp ‑ Value set to all zeros, New Service Provider Cancellation Time Stamp ‑ Value set to all zeros, Cancellation Time Stamp ‑ Value set to all zeros, Old Time Stamp ‑ Value set to all zeros, Conflict Time Stamp ‑ Value set to all zeros, Conflict Resolution Time Stamp ‑ Value set to all zeros, Create Time Stamp ‑ Value set to current date/time, Modified Time Stamp ‑ Value set to current date/time, Porting to Original ‑ Value set to ""FALSE"", End User Location Value ‑ Value set to ""no value"", End User Location Value Type ‑ Value set to ""no value"", Modify Request Time Stamp ‑ Value set to all zeros, Modify Broadcast Time Stamp ‑ Value set to all zeros, Modify Broadcast Complete Time Stamp ‑ Value set to all zeros, Billing ID ‑ Value set to ""no value"", Status Change Cause Code ‑ Value set to ""no value"".";NFR;1;0;0;0;0;0;0;0;0;0;0;0;0
2507;npac.doc_2507;NPAC SMS shall upon finding an existing subscription version with an active, partial failure, disconnect pending, old with a failed SP list, or sending status for any TNs within the 1K Block, will bypass and not alter that TN/subscription version, log an information message, and continue processing. (Previously SV-30);F;0;1;0;0;0;0;0;0;0;0;0;0;0
2508;npac.doc_2508;NPAC SMS shall set a Subscription Version of LNP Type POOL in the 1K Block, to sending upon successful subscription creation. (Previously SV-70);F;0;1;0;0;0;0;0;0;0;0;0;0;0
2509;npac.doc_2509;NPAC SMS shall update the status of each Subscription Version with LNP Type of POOL for each TN in the 1K Block, upon completion of the broadcast, and a response from ALL EDR and non-EDR Local SMSs, or retries are exhausted/timers have expired, as defined in RR3-137.1 and RR3-137.2. (Previously SV-90);F;0;1;0;0;0;0;0;0;0;0;0;0;0
2510;npac.doc_2510;NPAC SMS shall update the Subscription Version Failed SP List with the discrepant Local SMS of the individual subscription version(s) with LNP Type of POOL, upon completion of the activation broadcast to All EDR and non-EDR Local SMSs, an unsuccessful response from at least one Local SMS, and a response from ALL EDR and non-EDR Local SMSs, or retries are exhausted/timers have expired, as defined in RR3-138.1 and RR3-138.2. (Previously SV-121);F;0;1;0;0;0;0;0;0;0;0;0;0;0
2511;npac.doc_2511;NPAC SMS shall, upon successful completion of a Block Create request, where the Block status is active, verify that 1000 individual TNs exist for the Block, with an LNP Type of either: (Previously SV-131) POOL, where the status is active, or LSPP/LISP, where the status is active/partial failure/disconnect pending.;F;0;1;0;0;0;0;0;0;0;0;0;0;0
2512;npac.doc_2512;NPAC SMS shall run the Block Create Validation Process within 24 hours of Block Creation where the Block status is active. (Previously SV-132);F;0;1;0;0;0;0;0;0;0;0;0;0;0
2513;npac.doc_2513;NPAC SMS shall, upon finding any missing TNs with a status of Old without a Failed SP List, in the 1K Block, upon performing the Subscription Version Completion Check defined in RR5-96, log an information message, create a Subscription Version with LNP Type of POOL in the NPAC SMS using the routing data in the Block, and set the status to sending for the Subscription Version. (Previously SV-133);F;0;1;0;0;0;0;0;0;0;0;0;0;0
2514;npac.doc_2514;NPAC SMS shall, for any missing TNs in the 1K Block defined in RR5-98, broadcast the Subscription Version(s) with LNP Type of POOL, to all non-EDR Local SMSs, via the NPAC SMS to Local SMS Interface. (Previously SV-135);F;0;1;0;0;0;0;0;0;0;0;0;0;0
2515;npac.doc_2515;NPAC SMS shall update the status of the Block based on the results of the broadcast of the Subscription Versions to all non-EDR Local SMSs, or retries are exhausted, as defined in RR3-137.1, RR3-137.2, RR3-137.3, and RR3-137.4. (Previously SV-137);F;0;1;0;0;0;0;0;0;0;0;0;0;0
2516;npac.doc_2516;NPAC SMS shall update the Block Failed SP List of the Block based on the results of the broadcast of the Subscription Versions to all non-EDR Local SMSs, or retries are exhausted, as defined in RR3-138.1 and RR3-138.2. (Previously SV-139);F;0;1;0;0;0;0;0;0;0;0;0;0;0
2517;npac.doc_2517;NPAC SMS shall upon finding any missing TNs within the 1K Block during the Block Create Validation Process, log an information message, and continue processing. (Previously SV-140);F;0;1;0;0;0;0;0;0;0;0;0;0;0
2518;npac.doc_2518;NPAC SMS shall automatically apply the updates to the attributes of the individual subscription versions with LNP Type of POOL, with a status of active, for each TN within the 1K Block after successfully modifying a Number Pooling Block in the NPAC SMS. (Previously SV-230);F;0;1;0;0;0;0;0;0;0;0;0;0;0
2519;npac.doc_2519;NPAC SMS shall update the status of the individual subscription versions with LNP Type of POOL, with a status of active, for each TN within the 1K Block, upon the start of the broadcast of a Block Modification to the Local SMSs, from an active status to a sending status, after successfully modifying a Number Pooling Block in the NPAC SMS. (Previously SV-240);F;0;1;0;0;0;0;0;0;0;0;0;0;0
2520;npac.doc_2520;NPAC SMS shall update the status of each Subscription Version with LNP Type of POOL, with a status of active, for each TN in the 1K Block, upon completion of the broadcast, and a response from All EDR and non-EDR Local SMSs, or retries are exhausted, as defined in RR3-137.1 and RR3-137.3. (Previously SV-270);F;0;1;0;0;0;0;0;0;0;0;0;0;0
2521;npac.doc_2521;NPAC SMS shall update the Subscription Version Failed SP List with the discrepant Local SMS of the individual subscription version(s) with LNP Type of POOL, with a status of active, upon completion of the modification broadcast to All EDR and non-EDR Local SMSs, an unsuccessful response from at least one Local SMS, and a response from ALL EDR and non-EDR Local SMSs, or retries are exhausted, as defined in RR3-138.1 and RR3-138.2. (Previously SV-280);F;0;1;0;0;0;0;0;0;0;0;0;0;0
2522;npac.doc_2522;NPAC SMS shall, upon processing a valid request to delete an NPA-NXX-X, update the status of the Subscription Versions with LNP Type of POOL in the 1K Block, at the start of the broadcast to all EDR and non-EDR Local SMSs, from an active status to a sending status. (Previously SV-330);F;0;1;0;0;0;0;0;0;0;0;0;0;0
2523;npac.doc_2523;NPAC SMS shall, upon setting the Subscription Versions with LNP Type of POOL in the 1K Block status to sending, broadcast a delete of Subscription Versions with LNP Type of POOL in the 1K Block, to non-EDR LSMSs, via the NPAC SMS to Local SMS Interface. (Previously SV-335);F;0;1;0;0;0;0;0;0;0;0;0;0;0
2524;npac.doc_2524;NPAC SMS shall update the status of a particular Subscription Version with LNP Type of POOL for each TN in the 1K Block, upon completion of the broadcast, a response for the Block to all EDR Local SMSs and that particular Subscription Version to non-EDR Local SMSs, or retries are exhausted, as defined in RR3-137.1 and RR3-137.4. (Previously SV-350);F;0;1;0;0;0;0;0;0;0;0;0;0;0
2525;npac.doc_2525;NPAC SMS shall update the Subscription Version Failed SP List with the discrepant Local SMS of the individual subscription version(s) with LNP Type of POOL, upon completion of the deletion broadcast to All EDR and non-EDR Local SMSs, an unsuccessful response from at least one Local SMS, and a response from ALL EDR and non-EDR Local SMSs, or retries are exhausted, as defined in RR3-138.1 and RR3-138.2. (Previously SV-365);F;0;1;0;0;0;0;0;0;0;0;0;0;0
2526;npac.doc_2526;NPAC SMS shall ensure that upon completion of an NPA-NXX-X delete (de-pool), there are no Subscription Versions of LNP Type POOL, remaining in the 1K Block. (Previously SV-429);F;0;1;0;0;0;0;0;0;0;0;0;0;0
2527;npac.doc_2527;NPAC SMS shall filter out Subscription Versions with LNP Type of POOL for Bulk Data Download files of Subscription Version data, when the requesting Service Provider has an EDR Indicator set to TRUE. (Previously SV-521);F;0;1;0;0;0;0;0;0;0;0;0;0;0
2528;npac.doc_2528;NPAC SMS Interoperable Interface shall be designed in terms of CMIP transactions in a manager-agent relationship.;F;0;1;0;0;0;0;0;0;0;0;0;0;0
2529;npac.doc_2529;The SOA to NPAC SMS Interface and the NPAC SMS to Local SMS Interface shall be open, non-proprietary interfaces and will not become the property of any entity.;F;0;1;0;0;0;0;0;0;0;0;0;0;0
2530;npac.doc_2530;Both the SOA to NPAC SMS and the NPAC SMS to Local SMS interfaces shall be available on a 24 by 7 basis, consistent with other availability requirements in this specification.;F;0;1;0;0;0;0;0;0;0;0;0;0;0
2531;npac.doc_2531;A 99.9 % reliability rate shall be maintained for both the SOA to NPAC SMS and NPAC SMS to Local SMS interfaces.;F;0;1;0;0;0;0;0;0;0;0;0;0;0
2532;npac.doc_2532;A transaction rate of 2 CMIP transactions (sustained) per second shall be supported by each SOA to NPAC SMS interface association.;F;0;1;0;0;0;0;0;0;0;0;0;0;0
2533;npac.doc_2533;NPAC SMS shall support a rate of 5.2 CMIP operations per second (peak) over a single SOA to NPAC SMS interface association.;F;0;1;0;0;0;0;0;0;0;0;0;0;0
2534;npac.doc_2534;A transaction rate of 25 TN downloads per second shall be supported by each NPAC SMS to Local SMS interface.;F;0;1;0;0;0;0;0;0;0;0;0;0;0
2535;npac.doc_2535;NPAC SMS shall, given a transaction rate of 25 TN downloads per second and the assumptions concerning range activations expressed above, support a rate of 5.2 CMIP operations per second (sustainable for 5 minutes) over each NPAC SMS to Local SMS interface association.;F;0;1;0;0;0;0;0;0;0;0;0;0;0
2536;npac.doc_2536;"The interoperable interface model defining both the NPAC to Local SMS and the SOA to NPAC SMS shall be specified in terms of ISO 10165-4, ""Guideline for the Definition of Managed Objects (GDMO)”.";F;0;1;0;0;0;0;0;0;0;0;0;0;0
2537;npac.doc_2537;The interface specification shall be referred to as the “NPAC SMS Interoperable Interface Specification” (NPAC SMS IIS).;F;0;1;0;0;0;0;0;0;0;0;0;0;0
2538;npac.doc_2538;The interface specified shall be capable of extension to account for evolution of the interface requirements.;F;0;1;0;0;0;0;0;0;0;0;0;0;0
2539;npac.doc_2539;NPAC SMS shall acknowledge receiving a cancel pending request for a Subscription Version via the SOA to NPAC SMS Interface.;F;0;1;0;0;0;0;0;0;0;0;0;0;0
2540;npac.doc_2540;NPAC SMS shall acknowledge receiving a conflict resolution request for a Subscription Version via the SOA to NPAC SMS Interface.;F;0;1;0;0;0;0;0;0;0;0;0;0;0
2541;npac.doc_2541;NPAC SMS shall allow a specific Subscription Version to be placed into a deferred disconnect status by having the effective date in the future via the SOA to NPAC SMS Interface.;F;0;1;0;0;0;0;0;0;0;0;0;0;0
2542;npac.doc_2542;NPAC SMS shall notify a Service Provider of a request for a Subscription Version status to be changed to cancel via the SOA to NPAC SMS Interface.;F;0;1;0;0;0;0;0;0;0;0;0;0;0
2543;npac.doc_2543;NPAC SMS shall notify a Service Provider of a request for a Subscription Version status to be changed to conflict resolution via the SOA to NPAC SMS Interface.;F;0;1;0;0;0;0;0;0;0;0;0;0;0
2544;npac.doc_2544;NPAC SMS shall allow NPAC System Administrators to specify a tunable parameter value for the maximum number of download records.;NFR;1;0;0;0;0;0;0;0;0;0;0;0;0
2545;npac.doc_2545;NPAC SMS shall allow NPAC System Administrators to specify a tunable parameter value for the maximum time range for a download.;NFR;1;0;0;0;0;0;0;0;0;0;0;0;0
2546;npac.doc_2546;NPAC SMS shall constrain all queries on the NPAC SMS to Local SMS Interface to one NPA-NXX plus additional filter criteria.;F;0;1;0;0;0;0;0;0;0;0;0;0;0
2547;npac.doc_2547;NPAC SMS shall, for a Subscription Version Resynchronization request, over the NPAC SMS to Local SMS Interface, only send subscription version that are not filtered on the Local SMS.;F;0;1;0;0;0;0;0;0;0;0;0;0;0
2548;npac.doc_2548;The NPAC SOA Low-tech Interface supports the request functionality of the SOA to NPAC SMS interface.;F;0;1;0;0;0;0;0;0;0;0;0;0;0
2549;npac.doc_2549;NPAC SMS shall provide an NPAC SOA Low-tech Interface.;F;0;1;0;0;0;0;0;0;0;0;0;0;0
2550;npac.doc_2550;NPAC SMS shall support Create Subscription Version requests via a secure, NPAC SOA Low-tech Interface.;F;0;1;0;0;0;0;0;0;0;0;0;0;0
2551;npac.doc_2551;NPAC SMS shall support Cancel Subscription Version requests via a secure, NPAC SOA Low-tech Interface.;F;0;1;0;0;0;0;0;0;0;0;0;0;0
2552;npac.doc_2552;NPAC SMS shall support Modify Subscription Version requests via a secure, NPAC SOA Low-tech Interface.;F;0;1;0;0;0;0;0;0;0;0;0;0;0
2553;npac.doc_2553;NPAC SMS shall support query of Subscription Versions via a secure, NPAC SOA Low-tech Interface.;F;0;1;0;0;0;0;0;0;0;0;0;0;0
2554;npac.doc_2554;NPAC SMS shall support Activation of Subscription Versions via a secure, NPAC SOA Low-tech Interface.;NFR;1;0;0;0;0;0;0;0;0;0;0;0;0
2555;npac.doc_2555;NPAC SMS shall allow NPAC personnel and users of the SOA to NPAC SMS interface to request disconnection of a Subscription Version via a secure, NPAC SOA Low-tech Interface.;NFR;1;0;0;0;0;0;0;0;0;0;0;0;0
2556;npac.doc_2556;NPAC SMS shall support SOA to NPAC SMS audit requests for all, part or one Service Provider via the NPAC SOA Low-tech Interface.;F;0;1;0;0;0;0;0;0;0;0;0;0;0
2557;npac.doc_2557;NPAC SMS shall allow NPAC Personnel and users of the SOA to NPAC SMS interface to request creation of a Number Pool Block via a secure, NPAC SOA Low-tech Interface.;NFR;1;0;0;0;0;0;0;0;0;0;0;0;0
2558;npac.doc_2558;NPAC SMS shall allow NPAC Personnel and users of the SOA to NPAC SMS interface to request modification of a Number Pool Block via a secure, NPAC SOA Low-tech Interface.;NFR;1;0;0;0;0;0;0;0;0;0;0;0;0
2559;npac.doc_2559;NPAC SMS shall support, via a secure NPAC SOA Low-tech Interface, a method to view and locally capture notifications that have occurred for the service provider upon request.;F;0;1;0;0;0;0;0;0;0;0;0;0;0
2560;npac.doc_2560;NPAC SMS shall provide a SOA Retry Attempts tunable parameter which defines the number of times a message will be sent to a SOA which has not acknowledged receipt of the message.;NFR;1;0;0;0;0;0;0;0;0;0;0;0;0
2561;npac.doc_2561;NPAC SMS shall provide a SOA Retry Interval tunable parameter, which defines the delay between sending a message to a SOA that has not acknowledged receipt of the message.;NFR;1;0;0;0;0;0;0;0;0;0;0;0;0
2562;npac.doc_2562;NPAC SMS shall allow the NPAC SMS Administrator to modify the SOA Retry Attempts tunable parameter.;NFR;1;0;0;0;0;0;0;0;0;0;0;0;0
2563;npac.doc_2563;NPAC SMS shall allow the NPAC SMS Administrator to modify the SOA Retry Interval tunable parameter.;NFR;1;0;0;0;0;0;0;0;0;0;0;0;0
2564;npac.doc_2564;NPAC SMS shall default the SOA Retry Attempts tunable parameter to 3 times.;F;0;1;0;0;0;0;0;0;0;0;0;0;0
2565;npac.doc_2565;NPAC SMS shall resend the message a SOA Retry Attempts tunable parameter number of times to a SOA that has not acknowledged the receipt of the message once the SOA Retry Interval tunable parameter expires.;NFR;1;0;0;0;0;0;0;0;0;0;0;0;0
2566;npac.doc_2566;NPAC SMS shall provide an LSMS Retry Attempts tunable parameter which defines the number of times a message will be sent to a Local SMS which has not acknowledged receipt of the message.;NFR;1;0;0;0;0;0;0;0;0;0;0;0;0
2567;npac.doc_2567;NPAC SMS shall provide an LSMS Retry Interval tunable parameter, which defines the delay between sending a message to a Local SMS that has not acknowledged receipt of the message.;NFR;1;0;0;0;0;0;0;0;0;0;0;0;0
2568;npac.doc_2568;NPAC SMS shall allow the NPAC SMS Administrator to modify the LSMS Retry Attempts tunable parameter.;NFR;1;0;0;0;0;0;0;0;0;0;0;0;0
2569;npac.doc_2569;NPAC SMS shall allow the NPAC SMS Administrator to modify the LSMS Retry Interval tunable parameter.;NFR;1;0;0;0;0;0;0;0;0;0;0;0;0
2570;npac.doc_2570;NPAC SMS shall default the LSMS Retry Attempts tunable parameter to 3 times.;F;0;1;0;0;0;0;0;0;0;0;0;0;0
2571;npac.doc_2571;NPAC SMS shall default the LSMS Retry Interval tunable parameter to 2 minutes.;F;0;1;0;0;0;0;0;0;0;0;0;0;0
2572;npac.doc_2572;NPAC SMS shall recover all notifications, failed or successful, in time sequence order when notification recovery is requested by the SOA or LSMS.;F;0;1;0;0;0;0;0;0;0;0;0;0;0
2573;npac.doc_2573;NPAC SMS shall use the Maximum Download Duration Tunable to limit the time range requested in a notification recovery request.;NFR;1;0;0;0;0;0;0;0;0;0;0;0;0
2574;npac.doc_2574;NPAC SMS shall support the recovery of notifications for the SOA and LSMS as independent requests.;F;0;1;0;0;0;0;0;0;0;0;0;0;0
2575;npac.doc_2575;NPAC SMS shall allow the SOA to only recover SOA notifications.;F;0;1;0;0;0;0;0;0;0;0;0;0;0
2576;npac.doc_2576;NPAC SMS shall allow the LSMS to only recover LSMS notifications.;NFR;1;0;0;0;0;0;0;0;0;0;0;0;0
2577;npac.doc_2577;NPAC SMS shall provide a mechanism that allows a SOA or LSMS to recover network data downloads that were missed during a broadcast to the SOA or LSMS.;F;0;1;0;0;0;0;0;0;0;0;0;0;0
2578;npac.doc_2578;NPAC SMS shall recover all network data download broadcasts in time sequence order when network data recovery is requested by the SOA or LSMS.;F;0;1;0;0;0;0;0;0;0;0;0;0;0
2579;npac.doc_2579;NPAC SMS shall use the Maximum Download Duration Tunable to limit the time range requested in a network data recovery request.;NFR;1;0;0;0;0;0;0;0;0;0;0;0;0
2580;npac.doc_2580;NPAC SMS shall support the recovery of network data for the SOA and LSMS as independent requests.;F;0;1;0;0;0;0;0;0;0;0;0;0;0
2581;npac.doc_2581;NPAC SMS shall allow the SOA to only recover network data downloads intended for the SOA.;NFR;1;0;0;0;0;0;0;0;0;0;0;0;0
2582;npac.doc_2582;NPAC SMS shall allow the LSMS to only recover network data downloads intended for the LSMS.;NFR;1;0;0;0;0;0;0;0;0;0;0;0;0
2583;npac.doc_2583;NPAC SMS shall support the following network data download criteria:;F;0;1;0;0;0;0;0;0;0;0;0;0;0
2584;npac.doc_2584;NPAC SMS shall process a Service Provider request to download Network data over the NPAC SMS to Local SMS Interface, when a Service Provider establishes an association with the resynchronization flag set to TRUE, and the download of NPA-NXX-X (or ALL) is TRUE, and shall send the NPA-NXX-X portion of the Network data when the Service Provider's NPAC Customer LSMS NPA-NXX-X Indicator is set to TRUE. (Previously N-380);F;0;1;0;0;0;0;0;0;0;0;0;0;0
2585;npac.doc_2585;NPAC SMS shall process a Service Provider request to download Network data over the NPAC SMS to Local SMS Interface, when a Service Provider establishes an association with the resynchronization flag set to TRUE, and the download of NPA-NXX-X (or ALL) is TRUE, and shall suppress the NPA-NXX-X portion of the Network data when the Service Provider's NPAC Customer LSMS NPA-NXX-X Indicator is set to FALSE. (Previously N-390);F;0;1;0;0;0;0;0;0;0;0;0;0;0
2586;npac.doc_2586;NPAC SMS shall queue up a single instance of all messages to the Local SMS, via the NPAC SMS to Local SMS Interface, when a Service Provider establishes an association with the NPAC SMS and where the resynchronization flag is set to TRUE. (Previously N-392);F;0;1;0;0;0;0;0;0;0;0;0;0;0
2587;npac.doc_2587;NPAC SMS shall send queued up messages to the Local SMS, via the NPAC SMS to Local SMS Interface, when a Service Provider has sent a message to the NPAC SMS that resynchronization has been completed. (Previously N-394);F;0;1;0;0;0;0;0;0;0;0;0;0;0
2588;npac.doc_2588;NPAC SMS shall apply NPA-NXX Filters to NPA-NXX-X resynchronization to the Local SMS(s) via the NPAC SMS to Local SMS Interface. (Previously N-400);F;0;1;0;0;0;0;0;0;0;0;0;0;0
2589;npac.doc_2589;NPAC SMS shall process a Service Provider request to download Network data over the SOA to NPAC SMS Interface, when a Service Provider establishes an association with the resynchronization flag set to TRUE, and the download of NPA-NXX-X (or ALL) is TRUE, and shall send the NPA-NXX-X portion of the Network data when the Service Provider's NPAC Customer SOA NPA-NXX-X Indicator is set to TRUE. (Previously N-410);F;0;1;0;0;0;0;0;0;0;0;0;0;0
2590;npac.doc_2590;NPAC SMS shall process a Service Provider request to download Network data over the SOA to NPAC SMS Interface, when a Service Provider establishes an association with the resynchronization flag set to TRUE, and the download of NPA-NXX-X (or ALL) is TRUE, and shall suppress the NPA-NXX-X portion of the Network data when the Service Provider's NPAC Customer SOA NPA-NXX-X Indicator is set to FALSE. (Previously N-420);F;0;1;0;0;0;0;0;0;0;0;0;0;0
2591;npac.doc_2591;NPAC SMS shall queue up a single instance of all messages to the SOA, via the SOA to NPAC SMS Interface, when a Service Provider establishes an association with the NPAC SMS and where the resynchronization flag is set to TRUE. (Previously N-430);F;0;1;0;0;0;0;0;0;0;0;0;0;0
2592;npac.doc_2592;NPAC SMS shall send queued up messages to the SOA, via the SOA to NPAC SMS Interface, when a Service Provider has sent a message to the NPAC SMS that resynchronization has been completed. (Previously N-440);F;0;1;0;0;0;0;0;0;0;0;0;0;0
2593;npac.doc_2593;NPAC SMS shall apply NPA-NXX Filters to NPA-NXX-X resynchronization to the SOA(s) via the SOA to NPAC SMS Interface. (Previously N-450);F;0;1;0;0;0;0;0;0;0;0;0;0;0
2594;npac.doc_2594;NPAC SMS shall provide a mechanism that allows an LSMS to recover subscription data downloads that were missed during a broadcast to the LSMS.;F;0;1;0;0;0;0;0;0;0;0;0;0;0
2595;npac.doc_2595;NPAC SMS shall recover subscription data download broadcasts in time sequence order when subscription data recovery is requested by the LSMS.;F;0;1;0;0;0;0;0;0;0;0;0;0;0
2596;npac.doc_2596;NPAC SMS shall use the Maximum Download Duration Tunable to limit the time range requested in a subscription data recovery request.;NFR;1;0;0;0;0;0;0;0;0;0;0;0;0
2597;npac.doc_2597;NPAC SMS shall require an LSMS to specify one of the following choices in a subscription data recovery request:;F;0;1;0;0;0;0;0;0;0;0;0;0;0
2598;npac.doc_2598;NPAC SMS shall exclude Subscription Versions with a status of failed, when subscription data recovery is requested by the LSMS.;F;0;1;0;0;0;0;0;0;0;0;0;0;0
2599;npac.doc_2599;NPAC SMS shall use the Subscription Version’s Broadcast Timestamp value to determine if an SV falls within the requested time range for a subscription data recovery request.;NFR;1;0;0;0;0;0;0;0;0;0;0;0;0
2600;npac.doc_2600;NPAC SMS shall remove a Service Provider from the Failed SP List of an SV, upon successful recovery of the subscription data.;F;0;1;0;0;0;0;0;0;0;0;0;0;0
2601;npac.doc_2601;NPAC SMS shall send, to the Old and New Service Providers, the status and a list of all Local SMSs that currently exist on the Failed SP List of an SV, upon successful recovery of the subscription data, with the exception of modify active or disconnect requests.;NFR;1;0;0;0;0;0;0;0;0;0;0;0;0
2602;npac.doc_2602;NPAC SMS shall send, to the New Service Provider only, the status and a list of all Local SMSs that currently exist on the Failed SP List of an SV, upon successful recovery of the subscription data, specific to modify active or disconnect requests.;NFR;1;0;0;0;0;0;0;0;0;0;0;0;0
2603;npac.doc_2603;NPAC SMS shall process a Service Provider request to download Block data over the NPAC SMS to Local SMS Interface, when a Service Provider establishes an association with the resynchronization flag set to TRUE, and requests Block data based on criteria sent to the NPAC SMS upon association. (Previously B-690);F;0;1;0;0;0;0;0;0;0;0;0;0;0
2604;npac.doc_2604;NPAC SMS shall accept criteria for Block data, of either Time Range in GMT or Block Range entry fields, where the Time Range in GMT includes the starting time in GMT and ending time in GMT based on the Activation Start Timestamp/Disconnect Broadcast Timestamp/Modify Broadcast Timestamp, and the Block Range includes the starting Block and ending Block. (Previously B-691);F;0;1;0;0;0;0;0;0;0;0;0;0;0
2605;npac.doc_2605;NPAC SMS shall use the existing Subscription Version tunables for Maximum Download Duration and Maximum Number of Download Records, as defined in the Functional Requirements Specification’ s Appendix C, for Blocks that can be resynchronized by a Local SMS. (Previously B-695);F;0;1;0;0;0;0;0;0;0;0;0;0;0
2606;npac.doc_2606;NPAC SMS shall reject a resynchronization request, if the criteria of either Time Range or Block Range, exceeds the current values of the Maximum Download Duration or Maximum Number of Download Records tunables. (Previously B-698);F;0;1;0;0;0;0;0;0;0;0;0;0;0
2607;npac.doc_2607;NPAC SMS shall queue up a single instance of all messages to the Local SMS, via the NPAC SMS to Local SMS Interface, when a Service Provider establishes an association with the NPAC SMS and where the resynchronization flag is set to TRUE. (Previously B-700);F;0;1;0;0;0;0;0;0;0;0;0;0;0
2608;npac.doc_2608;NPAC SMS shall send, queued up messages to the Local SMS, via the NPAC SMS to Local SMS Interface, when a Service Provider has sent a message to the NPAC SMS that resynchronization has been completed. (Previously B-710);F;0;1;0;0;0;0;0;0;0;0;0;0;0
2609;npac.doc_2609;NPAC SMS shall apply NPA-NXX Filters to Block resynchronization to the Local SMS(s), via the NPAC SMS to Local SMS Interface. (Previously B-720);F;0;1;0;0;0;0;0;0;0;0;0;0;0
2610;npac.doc_2610;NPAC SMS shall update the Block Failed SP List and Subscription Version Failed SP List, by removing the resyncing Local SMS, upon a successful response to a resynchronization request to a previously failed EDR Local SMS, as defined in RR3-138.1 and RR3-138.2. (Previously B-730);F;0;1;0;0;0;0;0;0;0;0;0;0;0
2611;npac.doc_2611;NPAC SMS shall update the status of the Block, specified in the resynchronization request for a Block Creation, Modification, or Deletion, at the completion of the resynchronization to the Local SMS, as defined in RR3-137.1, RR3-137.2, RR3-137.3, and RR3-137.4. (Previously B-740);F;0;1;0;0;0;0;0;0;0;0;0;0;0
2612;npac.doc_2612;NPAC SMS shall filter out Subscription Versions with LNP Type of POOL for Resynchronization of Subscription Version data, when the resyncing Service Provider has an EDR Indicator set to TRUE. (Previously SV-522);F;0;1;0;0;0;0;0;0;0;0;0;0;0
2613;npac.doc_2613;NPAC SMS shall examine a Service Provider's EDR Indicator, at the time of resync, to determine the message to resync, for a disconnect or a Port-To-Original Subscription Version of a ported pooled TN, where the TN is contained within a Pooled 1K Block. (Previously SV-530);NFR;1;0;0;0;0;0;0;0;0;0;0;0;0
2614;npac.doc_2614;NPAC SMS shall, for a resync of a disconnect Subscription Version of a ported pooled TN, where the TN is contained within a Pooled 1K Block, allow the EDR Local SMS to recover the Delete request of the Subscription Version that was active prior to the disconnect broadcast, regardless of it’s status, to an EDR Local SMS. (Previously SV-540);F;0;1;0;0;0;0;0;0;0;0;0;0;0
2615;npac.doc_2615;NPAC SMS shall, for a resync of a disconnect Subscription Version of a ported pooled TN, where the TN is contained within a Pooled 1K Block, allow the non-EDR Local SMS to recover the Create request of the Subscription Version that was created to restore default routing, regardless of it’s status, and regardless of the status of the Subscription Version that was active prior to the disconnect broadcast, to a non-EDR Local SMS. (Previously SV-550);NFR;1;0;0;0;0;0;0;0;0;0;0;0;0
2616;npac.doc_2616;NPAC SMS shall, for a resync of a Port-To-Original Subscription Version of a ported pooled TN, where the TN is contained within a Pooled 1K Block, allow the EDR Local SMS to recover the Delete request of the Subscription Version that was active prior to the Port-To-Original broadcast, regardless of it’s status, and regardless of the status of the Subscription Version that is used to generate the Port-To-Original request to the NPAC SMS, to an EDR Local SMS. (Previously SV-560);NFR;1;0;0;0;0;0;0;0;0;0;0;0;0
2617;npac.doc_2617;NPAC SMS shall, for a resync of a Port-To-Original Subscription Version of a ported pooled TN, where the TN is contained within a Pooled 1K Block, allow the non-EDR Local SMS to recover the Create request of the Subscription Version that was created to restore default routing, and shall NOT allow the non-EDR Local SMS to recover the Delete request of the Subscription Version that was active prior to the Port-To-Original broadcast, regardless of it’s status, regardless of the status of the Subscription Version that is used to generate the Port-To-Original request to the NPAC SMS, and regardless of the status of the Subscription Version that was created to restore default routing, to a non-EDR Local SMS. (Previously SV-570);NFR;1;0;0;0;0;0;0;0;0;0;0;0;0
2618;npac.doc_2618;"The NPAC will accept only authorized NPAC customers through interface connections, and among NPAC customers, the NPAC will make appropriate limitations on their actions (for example, letting only old or new Service Providers view a pending record). The NPAC will only accept authorized customer user IDs. However, the NPAC will make no distinction among an NPAC customer’s employees; the NPAC customer and their systems must control individual NPAC customer employee actions.";NFR;1;0;0;0;0;0;0;0;0;0;0;0;0
2619;npac.doc_2619;A user identification is a unique, auditable representation of the user's identity within the system. The NPAC SMS requires all system users, both individuals and remote machines, to be uniquely identified to support individual accountability over the NPAC Administrative and NPAC SOA Low-tech Interfaces.;NFR;1;0;0;0;0;0;0;0;0;0;0;0;0
2620;npac.doc_2620;NPAC SMS shall require unique user identification codes (userids) to identify all NPAC and Service Provider personnel.;NFR;1;0;0;0;0;0;0;0;0;0;0;0;0
2621;npac.doc_2621;NPAC SMS shall require NPAC and Service Provider personnel to identify themselves with their assigned userId before performing any actions.;F;0;1;0;0;0;0;0;0;0;0;0;0;0
2622;npac.doc_2622;NPAC SMS shall maintain internally the identity of all NPAC and Service Provider personnel logged on to the NPAC SMS.;NFR;1;0;0;0;0;0;0;0;0;0;0;0;0
2623;npac.doc_2623;NPAC SMS shall have for every process running an associated userId of the invoking user (or the userId associated with the invoking process).;NFR;1;0;0;0;0;0;0;0;0;0;0;0;0
2624;npac.doc_2624;NPAC SMS shall disable userids after a period of time during which the userId has not been used.;NFR;1;0;0;0;0;0;0;0;0;0;0;0;0
2625;npac.doc_2625;NPAC SMS shall provide an Unused Userid Disable Period tunable parameter which is defined as the number of days for which the userId has not been used.;NFR;1;0;0;0;0;0;0;0;0;0;0;0;0
2626;npac.doc_2626;NPAC SMS shall allow the NPAC SMS administrator to modify the Unused Userid Disable Period tunable parameter time period.;NFR;1;0;0;0;0;0;0;0;0;0;0;0;0
2627;npac.doc_2627;NPAC SMS shall default the Unused Userid Disable Period tunable parameter to 60 days.;NFR;1;0;0;0;0;0;0;0;0;0;0;0;0
2628;npac.doc_2628;NPAC SMS shall provide a complementary mechanism or procedure for the re‑instatement disabled userids.;F;0;1;0;0;0;0;0;0;0;0;0;0;0
2629;npac.doc_2629;NPAC SMS shall provide a procedure for the deletion of userids.;NFR;1;0;0;0;0;0;0;0;0;0;0;0;0
2630;npac.doc_2630;NPAC SMS shall support the temporary disabling of userids.;NFR;1;0;0;0;0;0;0;0;0;0;0;0;0
2631;npac.doc_2631;NPAC SMS shall provide an option for automatic reactivation of disabled userids.;NFR;1;0;0;0;0;0;0;0;0;0;0;0;0
2632;npac.doc_2632;NPAC SMS shall control and limit simultaneous active usage of the same userids by allowing only one active login.;NFR;1;0;0;0;0;0;0;0;0;0;0;0;0
2633;npac.doc_2633;NPAC SMS shall present the NPAC or Service Provider personnel with an option of disconnecting the first login and continuing the second login or terminating the second login, when a second login is entered.;NFR;1;0;0;0;0;0;0;0;0;0;0;0;0
2634;npac.doc_2634;The identity of all NPAC SMS system users, both individuals and remote machines, must be verified or authenticated to enter the system, and to access restricted data or transactions over the NPAC Administrative and NPAC SOA Low-Tech Interfaces.;NFR;1;0;0;0;0;0;0;0;0;0;0;0;0
2635;npac.doc_2635;NPAC SMS shall authenticate the identity of all NPAC and Service Provider users of the NPAC Administrative and NPAC SOA Low-tech Interfaces prior to their initially gaining access to NPAC SMS.;NFR;1;0;0;0;0;0;0;0;0;0;0;0;0
2636;npac.doc_2636;NPAC SMS shall protect all internal storage of authentication data so that it can only be accessed by an NPAC Security Administrator user.;NFR;1;0;0;0;0;0;0;0;0;0;0;0;0
2637;npac.doc_2637;NPAC SMS shall require a single password entry for each userId.;NFR;1;0;0;0;0;0;0;0;0;0;0;0;0
2638;npac.doc_2638;NPAC SMS shall allow a user to define a password that is already associated with another userId.;NFR;1;0;0;0;0;0;0;0;0;0;0;0;0
2639;npac.doc_2639;NPAC SMS shall store passwords in a one‑way encrypted form.;NFR;1;0;0;0;0;0;0;0;0;0;0;0;0
2640;npac.doc_2640;NPAC SMS shall only allow access to encrypted passwords by authorized users.;NFR;1;0;0;0;0;0;0;0;0;0;0;0;0
2641;npac.doc_2641;NPAC SMS shall automatically suppress or fully blot out the clear‑text representation of the password on the data entry device.;NFR;1;0;0;0;0;0;0;0;0;0;0;0;0
2642;npac.doc_2642;NPAC SMS shall ensure that passwords sent over public or external shared data networks are encrypted.;NFR;1;0;0;0;0;0;0;0;0;0;0;0;0
2643;npac.doc_2643;NPAC SMS shall require non-null passwords.;NFR;1;0;0;0;0;0;0;0;0;0;0;0;0
2644;npac.doc_2644;NPAC SMS shall provide a mechanism to allow passwords to be user‑changeable. This mechanism shall require re‑authentication of the user identity.;NFR;1;0;0;0;0;0;0;0;0;0;0;0;0
2645;npac.doc_2645;The NPAC SMS shall have a mechanism to reset passwords.;NFR;1;0;0;0;0;0;0;0;0;0;0;0;0
2646;npac.doc_2646;NPAC SMS shall enforce password aging.;NFR;1;0;0;0;0;0;0;0;0;0;0;0;0
2647;npac.doc_2647;NPAC SMS shall default the system password aging to 90 days.;NFR;1;0;0;0;0;0;0;0;0;0;0;0;0
2648;npac.doc_2648;NPAC SMS shall notify users a NPAC‑specifiable period of time prior to their password expiring. The system supplied default shall be seven days.;NFR;1;0;0;0;0;0;0;0;0;0;0;0;0
2649;npac.doc_2649;NPAC SMS shall default the password expiration notification time period to seven days;F;0;1;0;0;0;0;0;0;0;0;0;0;0
2650;npac.doc_2650;NPAC SMS shall require any user whose password has expired to enter a new password before allowing that user access to the system.;NFR;1;0;0;0;0;0;0;0;0;0;0;0;0
2651;npac.doc_2651;NPAC SMS shall ensure that a password can not be reused by the same individual for specifiable period of time.;NFR;1;0;0;0;0;0;0;0;0;0;0;0;0
2652;npac.doc_2652;NPAC SMS shall default the time period in which a password can not be reused to six months.;NFR;1;0;0;0;0;0;0;0;0;0;0;0;0
2653;npac.doc_2653;Passwords shall contain a combination of at least six case-sensitive alphanumeric characters including at least one alphabetic and one numeric or punctuation character.;NFR;1;0;0;0;0;0;0;0;0;0;0;0;0
2654;npac.doc_2654;NPAC SMS shall ensure that passwords do not contain the associated userId.;NFR;1;0;0;0;0;0;0;0;0;0;0;0;0
2655;npac.doc_2655;NPAC SMS shall provide a password generator.;NFR;1;0;0;0;0;0;0;0;0;0;0;0;0
2656;npac.doc_2656;"NPAC SMS shall ensure that generated passwords are ""reasonably"" resistant to brute‑force password guessing attacks.";NFR;1;0;0;0;0;0;0;0;0;0;0;0;0
2657;npac.doc_2657;NPAC SMS shall ensure that the generated sequence of passwords have the property of randomness.;NFR;1;0;0;0;0;0;0;0;0;0;0;0;0
2658;npac.doc_2658;NPAC SMS shall allow access to authorized individual users.;NFR;1;0;0;0;0;0;0;0;0;0;0;0;0
2659;npac.doc_2659;NPAC SMS shall allow access to authorized remote systems.;NFR;1;0;0;0;0;0;0;0;0;0;0;0;0
2660;npac.doc_2660;NPAC SMS shall provide a facility for the initial entry of authorized user and associated authentication information.;NFR;1;0;0;0;0;0;0;0;0;0;0;0;0
2661;npac.doc_2661;NPAC SMS shall provide a facility for the modification of authorized user and associated authentication information.;NFR;1;0;0;0;0;0;0;0;0;0;0;0;0
2662;npac.doc_2662;NPAC SMS's login procedure shall be able to be reliably initiated by the user, i.e., a trusted communications path should exist between NPAC SMS and the user during the login procedure.;NFR;1;0;0;0;0;0;0;0;0;0;0;0;0
2663;npac.doc_2663;NPAC SMS shall disconnect end users after a period of non‑use.;NFR;1;0;0;0;0;0;0;0;0;0;0;0;0
2664;npac.doc_2664;NPAC SMS shall default the Non-use Disconnect tunable parameter to 60 minutes.;F;0;1;0;0;0;0;0;0;0;0;0;0;0
2665;npac.doc_2665;NPAC SMS shall exit and end the session if the user authentication procedure is incorrectly performed a specifiable number of times.;NFR;1;0;0;0;0;0;0;0;0;0;0;0;0
2666;npac.doc_2666;NPAC SMS shall default the number of allowable incorrect login attempts to 3.;NFR;1;0;0;0;0;0;0;0;0;0;0;0;0
2667;npac.doc_2667;NPAC SMS shall provide a mechanism to immediately notify the NPAC SMS system administrator when the threshold in R7-33.1 is exceeded.;F;0;1;0;0;0;0;0;0;0;0;0;0;0
2668;npac.doc_2668;NPAC SMS shall restart the login process when the threshold in R7-33.1 has been exceeded and a specified interval of time has passed.;NFR;1;0;0;0;0;0;0;0;0;0;0;0;0
2669;npac.doc_2669;NPAC SMS shall default the time interval to restart the login process to 60 seconds.;NFR;1;0;0;0;0;0;0;0;0;0;0;0;0
2670;npac.doc_2670;NPAC SMS shall not suspend the userId upon exceeding the threshold in R7-33.1.;F;0;1;0;0;0;0;0;0;0;0;0;0;0
2671;npac.doc_2671;NPAC SMS shall perform the entire user authentication procedure even if the userId that was entered was not valid.;NFR;1;0;0;0;0;0;0;0;0;0;0;0;0
2672;npac.doc_2672;"NPAC SMS shall only provide error feedback of ""invalid"".";F;0;1;0;0;0;0;0;0;0;0;0;0;0
2673;npac.doc_2673;NPAC SMS shall provide a mechanism to restrict user login based on time-of-day, day‑of‑week, and calendar date.;NFR;1;0;0;0;0;0;0;0;0;0;0;0;0
2674;npac.doc_2674;NPAC SMS shall provide a mechanism to restrict user login based on method of entry.;NFR;1;0;0;0;0;0;0;0;0;0;0;0;0
2675;npac.doc_2675;NPAC SMS shall provide a mechanism to restrict user login based on user system location.;NFR;1;0;0;0;0;0;0;0;0;0;0;0;0
2676;npac.doc_2676;NPAC SMS shall provide a mechanism to limit the users authorized to access the system via dial‑up facilities.;NFR;1;0;0;0;0;0;0;0;0;0;0;0;0
2677;npac.doc_2677;NPAC SMS shall provide a mechanism to limit system entry for privileged NPAC SMS users on a specifiable network access.;NFR;1;0;0;0;0;0;0;0;0;0;0;0;0
2678;npac.doc_2678;NPAC SMS shall provide a mechanism to limit system entry for privileged NPAC SMS users on a specifiable per‑port basis.;NFR;1;0;0;0;0;0;0;0;0;0;0;0;0
2679;npac.doc_2679;NPAC SMS shall provide a strong authentication mechanism for network access.;NFR;1;0;0;0;0;0;0;0;0;0;0;0;0
2680;npac.doc_2680;NPAC SMS shall use authentication of public encryption keys for users accessing the NPAC SMS over the Internet.;NFR;1;0;0;0;0;0;0;0;0;0;0;0;0
2681;npac.doc_2681;NPAC SMS shall use smart cards to authenticate users accessing the NPAC SMS via dial-up.;NFR;1;0;0;0;0;0;0;0;0;0;0;0;0
2682;npac.doc_2682;NPAC SMS shall provide a mechanism to end the session through secure logoff procedures.;NFR;1;0;0;0;0;0;0;0;0;0;0;0;0
2683;npac.doc_2683;NPAC SMS shall ensure that the message is NPAC SMS‑specifiable to meet their own requirements, and any applicable laws.;F;0;1;0;0;0;0;0;0;0;0;0;0;0
2684;npac.doc_2684;NPAC SMS shall be able to display an advisory warning message of up to 20 lines in length prior to login.;NFR;1;0;0;0;0;0;0;0;0;0;0;0;0
2685;npac.doc_2685;NPAC SMS shall default the pre-login advisory warning message to the following:;F;0;1;0;0;0;0;0;0;0;0;0;0;0
2686;npac.doc_2686;NPAC SMS shall display the date and time of the user's last successful system access upon successful login.;NFR;1;0;0;0;0;0;0;0;0;0;0;0;0
2687;npac.doc_2687;NPAC SMS shall display the number of unsuccessful attempts by that userId to access the system, since the last successful access by that userId upon successful login.;NFR;1;0;0;0;0;0;0;0;0;0;0;0;0
2688;npac.doc_2688;NPAC SMS shall only allow the NPAC Security Administrator to authorize users.;NFR;1;0;0;0;0;0;0;0;0;0;0;0;0
2689;npac.doc_2689;NPAC SMS shall only allow the NPAC Security Administrator to revoke users.;NFR;1;0;0;0;0;0;0;0;0;0;0;0;0
2690;npac.doc_2690;NPAC SMS shall provide security documentation that defines and describes procedures for adding users.;NFR;1;0;0;0;0;0;0;0;0;0;0;0;0
2691;npac.doc_2691;NPAC SMS shall provide security documentation that defines and describes procedures for deleting users.;NFR;1;0;0;0;0;0;0;0;0;0;0;0;0
2692;npac.doc_2692;NPAC SMS shall allow only authorized users to access the data that is part of or controlled by the SMS system.;NFR;1;0;0;0;0;0;0;0;0;0;0;0;0
2693;npac.doc_2693;NPAC SMS shall protect service provider data from access by unauthorized users.;NFR;1;0;0;0;0;0;0;0;0;0;0;0;0
2694;npac.doc_2694;NPAC SMS shall ensure that only NPAC system administrators can access the software files that constitute the NPAC SMS.;NFR;1;0;0;0;0;0;0;0;0;0;0;0;0
2695;npac.doc_2695;NPAC SMS shall ensure that only authorized users can access the transactions that constitute the NPAC SMS.;NFR;1;0;0;0;0;0;0;0;0;0;0;0;0
2696;npac.doc_2696;NPAC SMS shall ensure that only authorized NPAC Administrative and NPAC SOA Low-tech Interfaces users can access the data generated by the transactions that constitutes the SMS.;NFR;1;0;0;0;0;0;0;0;0;0;0;0;0
2697;npac.doc_2697;NPAC SMS shall ensure that the executable and loadable software is access controlled for overwrite and update, as well as execution rights.;NFR;1;0;0;0;0;0;0;0;0;0;0;0;0
2698;npac.doc_2698;NPAC SMS shall ensure that control of access to resources is based on authenticated user identification.;NFR;1;0;0;0;0;0;0;0;0;0;0;0;0
2699;npac.doc_2699;NPAC SMS shall ensure that userId and password is used as a primary access control for direct login and system ID is used for primary access control to the SOA to NPAC SMS interface and the NPAC SMS to Local SMS interface.;NFR;1;0;0;0;0;0;0;0;0;0;0;0;0
2700;npac.doc_2700;NPAC SMS shall ensure that for software resources controlled by NPAC SMS, it must be possible to grant access rights to a single user or a group of users.;NFR;1;0;0;0;0;0;0;0;0;0;0;0;0
2701;npac.doc_2701;NPAC SMS shall ensure that for software resources controlled by NPAC SMS, it must be possible to deny access rights to a single user or a group of users.;NFR;1;0;0;0;0;0;0;0;0;0;0;0;0
2702;npac.doc_2702;NPAC SMS shall allow only NPAC personnel to modify access rights to a resource.;NFR;1;0;0;0;0;0;0;0;0;0;0;0;0
2703;npac.doc_2703;NPAC SMS shall provide a mechanism to remove access rights to all software resources for a user or a group of users.;NFR;1;0;0;0;0;0;0;0;0;0;0;0;0
2704;npac.doc_2704;NPAC SMS shall identify the originator of any accessible system resources.;NFR;1;0;0;0;0;0;0;0;0;0;0;0;0
2705;npac.doc_2705;NPAC SMS shall be able to identify the originator of any information received across communication channels.;NFR;1;0;0;0;0;0;0;0;0;0;0;0;0
2706;npac.doc_2706;NPAC SMS NMS shall use SNMP to monitor the system resources.;NFR;1;0;0;0;0;0;0;0;0;0;0;0;0
2707;npac.doc_2707;NPAC SMS NMS shall use SNMP to detect error conditions.;F;0;1;0;0;0;0;0;0;0;0;0;0;0
2708;npac.doc_2708;NPAC SMS NMS shall use SNMP to detect communication errors.;NFR;1;0;0;0;0;0;0;0;0;0;0;0;0
2709;npac.doc_2709;NPAC SMS NMS shall use SNMP to detect link outages.;NFR;1;0;0;0;0;0;0;0;0;0;0;0;0
2710;npac.doc_2710;NPAC SMS shall ensure proper rule checking on data update.;F;0;1;0;0;0;0;0;0;0;0;0;0;0
2711;npac.doc_2711;NPAC SMS shall handle duplicate/multiple inputs.;F;0;1;0;0;0;0;0;0;0;0;0;0;0
2712;npac.doc_2712;NPAC SMS shall check return status.;F;0;1;0;0;0;0;0;0;0;0;0;0;0
2713;npac.doc_2713;NPAC SMS shall validate inputs for reasonable values.;F;0;1;0;0;0;0;0;0;0;0;0;0;0
2714;npac.doc_2714;NPAC SMS shall ensure proper serialization of update transactions.;F;0;1;0;0;0;0;0;0;0;0;0;0;0
2715;npac.doc_2715;NPAC SMS shall include database integrity checking utilities for the NPAC SMS database.;NFR;1;0;0;0;0;0;0;0;0;0;0;0;0
2716;npac.doc_2716;NPAC SMS shall generate a security audit log that contains information sufficient for after the fact investigation of loss or impropriety for appropriate response, including pursuit of legal remedies.;NFR;1;0;0;0;0;0;0;0;0;0;0;0;0
2717;npac.doc_2717;NPAC SMS shall ensure that the security audit data is available on‑line for a minimum of 90 days.;NFR;1;0;0;0;0;0;0;0;0;0;0;0;0
2718;npac.doc_2718;NPAC SMS shall archive the security audit data off‑line for a minimum of two years.;NFR;1;0;0;0;0;0;0;0;0;0;0;0;0
2719;npac.doc_2719;NPAC SMS shall ensure that the user‑identification associated with any NPAC SMS request or activity is maintained, so that the initiating user can be traceable.;NFR;1;0;0;0;0;0;0;0;0;0;0;0;0
2720;npac.doc_2720;NPAC SMS shall protect the security audit log from unauthorized access.;NFR;1;0;0;0;0;0;0;0;0;0;0;0;0
2721;npac.doc_2721;NPAC SMS shall ensure that only authorized NPAC personnel can archive and delete any or all of the security audit log(s) as part of the archival process.;NFR;1;0;0;0;0;0;0;0;0;0;0;0;0
2722;npac.doc_2722;NPAC SMS shall ensure that the security audit control mechanisms are protected from unauthorized access.;NFR;1;0;0;0;0;0;0;0;0;0;0;0;0
2723;npac.doc_2723;NPAC SMS shall write a record to the security audit log for each invalid user authentication attempt.;NFR;1;0;0;0;0;0;0;0;0;0;0;0;0
2724;npac.doc_2724;NPAC SMS shall write a record to the security audit log for logins of NPAC users.;NFR;1;0;0;0;0;0;0;0;0;0;0;0;0
2725;npac.doc_2725;NPAC SMS shall write a record to the security audit log for security-controlled activities of NPAC users.;NFR;1;0;0;0;0;0;0;0;0;0;0;0;0
2726;npac.doc_2726;NPAC SMS shall write a record to the security audit log for unauthorized data access attempts.;NFR;1;0;0;0;0;0;0;0;0;0;0;0;0
2727;npac.doc_2727;NPAC SMS shall write a record to the security audit log for unauthorized NPAC SMS transaction functionality access attempts.;NFR;1;0;0;0;0;0;0;0;0;0;0;0;0
2728;npac.doc_2728;NPAC SMS shall ensure that NPAC audit capability cannot be disabled.;NFR;1;0;0;0;0;0;0;0;0;0;0;0;0
2729;npac.doc_2729;NPAC SMS shall ensure that for each recorded event, the audit log contains the following: Date and time of the event, User identification including relevant connection information, Type of event, Name of resources accessed or function performed,  Success or failure of the event.;NFR;1;0;0;0;0;0;0;0;0;0;0;0;0
2730;npac.doc_2730;NPAC SMS shall record actual or attempted logins in audit logs after an NPAC‑tunable parameter threshold of consecutive login failures.;NFR;1;0;0;0;0;0;0;0;0;0;0;0;0
2731;npac.doc_2731;NPAC SMS shall provide post‑collection audit analysis tools that can produce exception reports on items relating to system intrusions.;NFR;1;0;0;0;0;0;0;0;0;0;0;0;0
2732;npac.doc_2732;NPAC SMS shall provide post‑collection audit analysis tools that can produce exception reports on users relating to system intrusions.;NFR;1;0;0;0;0;0;0;0;0;0;0;0;0
2733;npac.doc_2733;NPAC SMS shall provide post‑collection audit analysis tools that can produce exception reports on communication failures relating to system intrusions.;NFR;1;0;0;0;0;0;0;0;0;0;0;0;0
2734;npac.doc_2734;NPAC SMS shall provide post‑collection audit analysis tools that can produce summary reports on data items relating to system intrusions.;NFR;1;0;0;0;0;0;0;0;0;0;0;0;0
2735;npac.doc_2735;NPAC SMS shall provide post‑collection audit analysis tools that can produce summary reports on users relating to system intrusions.;NFR;1;0;0;0;0;0;0;0;0;0;0;0;0
2736;npac.doc_2736;NPAC SMS shall provide post‑collection audit analysis tools that can produce summary reports on communication failures relating to system intrusions.;NFR;1;0;0;0;0;0;0;0;0;0;0;0;0
2737;npac.doc_2737;NPAC SMS shall provide post‑collection audit analysis tools that can produce detailed reports on data items relating to system intrusions.;NFR;1;0;0;0;0;0;0;0;0;0;0;0;0
2738;npac.doc_2738;NPAC SMS shall provide post‑collection audit analysis tools that can produce detailed reports on users relating to system intrusions.;NFR;1;0;0;0;0;0;0;0;0;0;0;0;0
2739;npac.doc_2739;NPAC SMS shall provide post‑collection audit analysis tools that can produce detailed reports on communication failures relating to system intrusions.;NFR;1;0;0;0;0;0;0;0;0;0;0;0;0
2740;npac.doc_2740;NPAC SMS shall provide a capability to review a summary of the actions of any one or more users, including other NPAC users, based on individual user identity.;NFR;1;0;0;0;0;0;0;0;0;0;0;0;0
2741;npac.doc_2741;NPAC SMS shall provide tools for the NPAC to monitor the message passing activities to and from a specific network address as they occur.;NFR;1;0;0;0;0;0;0;0;0;0;0;0;0
2742;npac.doc_2742;NPAC SMS NMS shall provide a real-time mechanism to monitor the occurrence or accumulation of security auditable events. Where possible, NPAC SMS shall determine and execute the least disruptive action to terminate the event.;NFR;1;0;0;0;0;0;0;0;0;0;0;0;0
2743;npac.doc_2743;NPAC SMS NMS shall notify the NPAC personnel immediately when security event thresholds are exceeded through the SNMP agent.;NFR;1;0;0;0;0;0;0;0;0;0;0;0;0
2744;npac.doc_2744;NPAC SMS shall ensure that no service provider action, either deliberate or accidental, should cause the system to be unavailable to other users.;NFR;1;0;0;0;0;0;0;0;0;0;0;0;0
2745;npac.doc_2745;NPAC SMS shall report conditions that would degrade service below a pre‑specified minimum, including high memory, CPU, network traffic, and disk space utilization.;F;0;1;0;0;0;0;0;0;0;0;0;0;0
2746;npac.doc_2746;NPAC SMS shall provide procedures or mechanisms to allow recovery after a system failure without a security compromise.;NFR;1;0;0;0;0;0;0;0;0;0;0;0;0
2747;npac.doc_2747;NPAC SMS shall have documented procedures for software backup.;F;0;1;0;0;0;0;0;0;0;0;0;0;0
2748;npac.doc_2748;NPAC SMS shall have documented procedures for data backup.;F;0;1;0;0;0;0;0;0;0;0;0;0;0
2749;npac.doc_2749;NPAC SMS shall have documented procedures for software restoration.;F;0;1;0;0;0;0;0;0;0;0;0;0;0
2750;npac.doc_2750;NPAC SMS shall have documented procedures for data restoration.;F;0;1;0;0;0;0;0;0;0;0;0;0;0
2751;npac.doc_2751;NPAC SMS shall record the exact revision number of the latest software installed.;F;0;1;0;0;0;0;0;0;0;0;0;0;0
2752;npac.doc_2752;NPAC SMS shall display for viewing the exact revision number of the latest software via a Web bulletin board, and also through the NPA Administrative and NPAC SOA Low-tech Interfaces upon completion of the user login sequence.;F;0;1;0;0;0;0;0;0;0;0;0;0;0
2753;npac.doc_2753;NPAC SMS shall be developed using a corporate policy governing the development of software.;F;0;1;0;0;0;0;0;0;0;0;0;0;0
2754;npac.doc_2754;NPAC SMS shall not support any mode of entry into NPAC SMS for maintenance, support, or operations that would violate or bypass any security procedures.;NFR;1;0;0;0;0;0;0;0;0;0;0;0;0
2755;npac.doc_2755;NPAC SMS shall document any mode of entry into the SMS for maintenance, support, or operations.;F;0;1;0;0;0;0;0;0;0;0;0;0;0
2756;npac.doc_2756;Attacks against the NPAC SMS may be perpetrated in order to achieve any of the following: Denial of service to a customer by placing wrong translation information in the SMS, Denial of service to a customer by preventing a valid message from reaching the SMS, Disrupting a carrier’s operations by having numerous spurious calls (to users who are not clients of that carrier) directed to that carrier, Switching customers to various carriers without their consent, Disrupting the functioning of the NPAC SMS by swamping it with spurious messages.;NFR;1;0;0;0;0;0;0;0;0;0;0;0;0
2757;npac.doc_2757;SOA to NPAC SMS interface and the NPAC SMS to Local SMS interface shall support Authentication (at association setup).;NFR;1;0;0;0;0;0;0;0;0;0;0;0;0
2758;npac.doc_2758;SOA to NPAC SMS interface and the NPAC SMS to Local SMS interface shall support data origin authentication for each incoming message.;NFR;1;0;0;0;0;0;0;0;0;0;0;0;0
2759;npac.doc_2759;SOA to NPAC SMS interface and the NPAC SMS to Local SMS interface shall support detection of replay.;F;0;1;0;0;0;0;0;0;0;0;0;0;0
2760;npac.doc_2760;SOA to NPAC SMS interface and the NPAC SMS to Local SMS interface shall support detection of message deletion.;F;0;1;0;0;0;0;0;0;0;0;0;0;0
2761;npac.doc_2761;SOA to NPAC SMS interface and the NPAC SMS to Local SMS interface shall support detection of message modification.;F;0;1;0;0;0;0;0;0;0;0;0;0;0
2762;npac.doc_2762;SOA to NPAC SMS interface and the NPAC SMS to Local SMS interface shall support detection of message delay.;F;0;1;0;0;0;0;0;0;0;0;0;0;0
2763;npac.doc_2763;SOA to NPAC SMS interface and the NPAC SMS to Local SMS interface shall support non‑repudiation of origin.;F;0;1;0;0;0;0;0;0;0;0;0;0;0
2764;npac.doc_2764;SOA to NPAC SMS interface and the NPAC SMS to Local SMS interface shall allow only authorized parties (i.e., carriers serving a given customer) to cause changes in the NPAC SMS database.;NFR;1;0;0;0;0;0;0;0;0;0;0;0;0
2765;npac.doc_2765;SOA to NPAC SMS interface and the NPAC SMS to Local SMS interface shall use a public key crypto system (PKCS) to provide digital signatures. Since there is no requirement for confidentiality service there is no need for any additional encryption algorithms.;NFR;1;0;0;0;0;0;0;0;0;0;0;0;0
2766;npac.doc_2766;NPAC SMS shall support one of the digital signature algorithms listed in the OIW Stable Implementation Agreement, Part 12, 1995.;NFR;1;0;0;0;0;0;0;0;0;0;0;0;0
2767;npac.doc_2767;SOA to NPAC SMS interface and the NPAC SMS to Local SMS interface shall require the size of the modulus of each key to be at least 600 bits for RSA encryption.;NFR;1;0;0;0;0;0;0;0;0;0;0;0;0
2768;npac.doc_2768;SOA to NPAC SMS interface and the NPAC SMS to Local SMS interface shall apply the digital signature algorithm to the fields specified below without any separators between those fields or any other additional characters.;NFR;1;0;0;0;0;0;0;0;0;0;0;0;0
2769;npac.doc_2769;SOA to NPAC SMS interface and the NPAC SMS to Local SMS interface shall provide authentication consisting of the following: The unique identity of the sender, The Generalized Time, corresponding to the issuance of the message, A sequence number,  A key identifier,  The digital signature of the sender’s identity, Generalized Time and sequence number listed above, Key list ID.;NFR;1;0;0;0;0;0;0;0;0;0;0;0;0
2770;npac.doc_2770;SOA to NPAC SMS interface and the NPAC SMS to Local SMS interface shall convey the authenticator in the CMIP access control field.;NFR;1;0;0;0;0;0;0;0;0;0;0;0;0
2771;npac.doc_2771;SOA to NPAC SMS interface and the NPAC SMS to Local SMS interface shall ensure that every subsequent CMIP message that contains the access control field carries the authenticator.;NFR;1;0;0;0;0;0;0;0;0;0;0;0;0
2772;npac.doc_2772;SOA to NPAC SMS interface and the NPAC SMS to Local SMS interface shall verify that each party maintains a separate sequence number counter for each association it uses to send messages.;F;0;1;0;0;0;0;0;0;0;0;0;0;0
2773;npac.doc_2773;SOA to NPAC SMS interface and the NPAC SMS to Local SMS interface shall verify that every time the authenticator is used the value of the sequence number will be incremented by one.;NFR;1;0;0;0;0;0;0;0;0;0;0;0;0
2774;npac.doc_2774;SOA to NPAC SMS interface and the NPAC SMS to Local SMS interface shall ensure that all the notifications defined for the number portability application contain a security field.;NFR;1;0;0;0;0;0;0;0;0;0;0;0;0
2775;npac.doc_2775;SOA to NPAC SMS interface and the NPAC SMS to Local SMS interface shall ensure that the syntax of the security field used for the notification corresponds to the authenticator.;NFR;1;0;0;0;0;0;0;0;0;0;0;0;0
2776;npac.doc_2776;NPAC SMS shall ensure that all the notifications are sent in the confirmed mode.;F;0;1;0;0;0;0;0;0;0;0;0;0;0
2777;npac.doc_2777;NPAC SMS shall be responsible for access control on the SOA to NPAC SMS interface and the NPAC SMS to Local SMS interface.;NFR;1;0;0;0;0;0;0;0;0;0;0;0;0
2778;npac.doc_2778;SOA to NPAC SMS interface and the NPAC SMS to Local SMS interface shall ensure that external messages received have a generalized time in the access control information within 5 minutes of the NPAC SMS system clock.;NFR;1;0;0;0;0;0;0;0;0;0;0;0;0
2779;npac.doc_2779;SOA to NPAC SMS interface and the NPAC SMS to Local SMS interface shall keep a log of all of the following: Incoming messages that result in the setup or termination of associations, All invalid messages (invalid signature, sequence number out of order, Generalized Time out of scope, sender not authorized for the implied request),  All incoming messages that may cause changes to the NPAC SMS database.;NFR;1;0;0;0;0;0;0;0;0;0;0;0;0
2780;npac.doc_2780;NPAC SMS shall ensure that during a security key exchange, each party provide the other with a list of keys.;NFR;1;0;0;0;0;0;0;0;0;0;0;0;0
2781;npac.doc_2781;NPAC SMS shall provide the list of keys in a secure electronic form.;NFR;1;0;0;0;0;0;0;0;0;0;0;0;0
2782;npac.doc_2782;The originator of the list of keys shall also provide the receiver with signed (in ink) paper copy of the MD5 hashes of the keys in the list.;F;0;1;0;0;0;0;0;0;0;0;0;0;0
2783;npac.doc_2783;NPAC SMS shall support exchange of the list of keys in person or remotely.;F;0;1;0;0;0;0;0;0;0;0;0;0;0
2784;npac.doc_2784;NPAC SMS shall convey the lists via two different channels, diskette sent via certified mail, and a file sent via Email or FTP using encryption mechanisms if the keys are exchanged remotely.;F;0;1;0;0;0;0;0;0;0;0;0;0;0
2785;npac.doc_2785;NPAC SMS shall support the Service Providers’ acknowledgment via 2 secure electronic forms, Email or FTP using encryption mechanisms.;NFR;1;0;0;0;0;0;0;0;0;0;0;0;0
2786;npac.doc_2786;NPAC SMS shall support the acknowledgment consisting of the MD5 hash of each one of the keys in the list.;F;0;1;0;0;0;0;0;0;0;0;0;0;0
2787;npac.doc_2787;The recipient shall call the sender by phone for further confirmation and provide the sender with the MD5 hash of the whole list.;F;0;1;0;0;0;0;0;0;0;0;0;0;0
2788;npac.doc_2788;NPAC SMS shall generate a paper list to each Service Provider of the MD5 hashes of all the public keys used by a Service Provider once a month.;NFR;1;0;0;0;0;0;0;0;0;0;0;0;0
2789;npac.doc_2789;NPAC SMS shall verify the identity of the Service Provider to whom the MD5 hashes of the public keys was sent.;NFR;1;0;0;0;0;0;0;0;0;0;0;0;0
2790;npac.doc_2790;NPAC SMS shall provide each Service Provider with a numbered list of encryption keys, numbered from 1 to 1000.;NFR;1;0;0;0;0;0;0;0;0;0;0;0;0
2791;npac.doc_2791;NPAC SMS shall ensure unique numbering of the keys.;F;0;1;0;0;0;0;0;0;0;0;0;0;0
2792;npac.doc_2792;NPAC SMS shall allow a new encryption key to be chosen with every message that contains a key identifier.;NFR;1;0;0;0;0;0;0;0;0;0;0;0;0
2793;npac.doc_2793;NPAC SMS shall reject messages that use a key whose usage has stopped.;NFR;1;0;0;0;0;0;0;0;0;0;0;0;0
2794;npac.doc_2794;NPAC SMS shall allow authorized NPAC SMS personnel to initiate a new key for messages.;NFR;1;0;0;0;0;0;0;0;0;0;0;0;0
2795;npac.doc_2795;NPAC SMS shall change the key used between the NPAC SMS and Service Provider after one year of usage.;NFR;1;0;0;0;0;0;0;0;0;0;0;0;0
2796;npac.doc_2796;NPAC SMS shall allow NPAC SMS personnel to change key sizes for Service Providers as needed to ensure secure communications between the NPAC SMS and the Service Providers.;NFR;1;0;0;0;0;0;0;0;0;0;0;0;0
2797;npac.doc_2797;NPAC SMS shall expect new key initiation to be requested on a per Service Provider application basis.;F;0;1;0;0;0;0;0;0;0;0;0;0;0
2798;npac.doc_2798;NPAC SMS shall, upon determination that its key list has been compromised, change its own private key.;NFR;1;0;0;0;0;0;0;0;0;0;0;0;0
2799;npac.doc_2799;NPAC SMS shall only mark an SP key as invalid or used when the service provider changes keys.;NFR;1;0;0;0;0;0;0;0;0;0;0;0;0
2800;npac.doc_2800;NPAC SMS shall be able to load a new key list in 15 minutes or less.;F;0;1;0;0;0;0;0;0;0;0;0;0;0
2801;npac.doc_2801;NPAC SMS shall be responsible for ensuring that the system clock is accurate to within two minutes of GMT.;F;0;1;0;0;0;0;0;0;0;0;0;0;0
2802;npac.doc_2802;A sequence number equal to zero shall be required for association request and association response messages.;F;0;1;0;0;0;0;0;0;0;0;0;0;0
2803;npac.doc_2803;NPAC SMS shall provide a mechanism for authorized NPAC personnel to change a user name in the NPAC SMS.;NFR;1;0;0;0;0;0;0;0;0;0;0;0;0
2804;npac.doc_2804;NPAC SMS shall receive an audit request on a single telephone number from the Service Providers.;NFR;1;0;0;0;0;0;0;0;0;0;0;0;0
2805;npac.doc_2805;NPAC SMS shall receive an audit request for a range of telephone numbers from the Service Providers.;F;0;1;0;0;0;0;0;0;0;0;0;0;0
2806;npac.doc_2806;NPAC SMS shall allow Service Providers to specify the scope of an audit by specifying one or more of the following parameters:;NFR;1;0;0;0;0;0;0;0;0;0;0;0;0
2807;npac.doc_2807;NPAC SMS shall allow NPAC personnel to issue an audit request on a single telephone number.;NFR;1;0;0;0;0;0;0;0;0;0;0;0;0
2808;npac.doc_2808;NPAC SMS shall allow NPAC personnel to issue an audit request for a range of telephone numbers.;NFR;1;0;0;0;0;0;0;0;0;0;0;0;0
2809;npac.doc_2809;NPAC SMS shall provide NPAC personnel and users of the SOA to NPAC SMS interface the capability to issue an audit request to be executed immediately.;F;0;1;0;0;0;0;0;0;0;0;0;0;0
2810;npac.doc_2810;NPAC SMS shall allow NPAC SMS Personnel to specify the scope of an audit by specifying one or more of the following parameters:;NFR;1;0;0;0;0;0;0;0;0;0;0;0;0
2811;npac.doc_2811;NPAC SMS shall allow NPAC personnel to obtain the final results of an audit request.;NFR;1;0;0;0;0;0;0;0;0;0;0;0;0
2812;npac.doc_2812;NPAC SMS shall indicate the progress of an audit as the percentage of records audited, when supplying the status of an audit request.;F;0;1;0;0;0;0;0;0;0;0;0;0;0
2813;npac.doc_2813;NPAC SMS shall allow NPAC personnel to cancel an audit request.;NFR;1;0;0;0;0;0;0;0;0;0;0;0;0
2814;npac.doc_2814;NPAC SMS shall allow NPAC Personnel to view ALL audit requests including requests issued by the Service Providers.;NFR;1;0;0;0;0;0;0;0;0;0;0;0;0
2815;npac.doc_2815;NPAC SMS shall allow the mechanized SOA interface to obtain all audit requests issued from that particular mechanized SOA interface.;NFR;1;0;0;0;0;0;0;0;0;0;0;0;0
2816;npac.doc_2816;NPAC SMS shall send audit results to the originating SOA.;F;0;1;0;0;0;0;0;0;0;0;0;0;0
2817;npac.doc_2817;NPAC SMS shall send the query resulting from the audit request to the local Service Providers' networks that are accepting Subscription Version data downloads for the given NPA-NXX via the NPAC SMS to Local SMS interface, as described in the NPAC SMS Interoperable Interface Specification.;F;0;1;0;0;0;0;0;0;0;0;0;0;0
2818;npac.doc_2818;NPAC SMS shall conduct a comparison of the Subscription Versions belonging to the Service Provider to its own Subscription Versions.;F;0;1;0;0;0;0;0;0;0;0;0;0;0
2819;npac.doc_2819;NPAC SMS shall, following the comparison of its own Subscription Versions to the Service Provider’s Subscription Versions, broadcast to the Service Provider an update for any TN that was NOT found in the Service Provider’s Subscription Version database, where the status of the Subscription Version contains a status of Active or Partial Failure.;F;0;1;0;0;0;0;0;0;0;0;0;0;0
2820;npac.doc_2820;NPAC SMS shall, following the comparison of its own Subscription Versions to the Service Provider’s Subscription Versions, modify any TN found to be in error.;F;0;1;0;0;0;0;0;0;0;0;0;0;0
2821;npac.doc_2821;NPAC SMS shall, following the comparison of its own Subscription Versions to the Service Provider’s Subscription Versions, delete any discrepant TNs from the Service Provider’s Subscription Version database.;F;0;1;0;0;0;0;0;0;0;0;0;0;0
2822;npac.doc_2822;NPAC SMS shall record all audit results in an audit log.;NFR;1;0;0;0;0;0;0;0;0;0;0;0;0
2823;npac.doc_2823;NPAC SMS shall, when processing the audit query results from a Local SMS, NOT perform comparisons or attempt to correct any Subscription Version within the requested range, which has a status of sending.;F;0;1;0;0;0;0;0;0;0;0;0;0;0
2824;npac.doc_2824;NPAC SMS shall consider a skipped Subscription Version as non-discrepant, and report no discrepancies found in the audit results.;F;0;1;0;0;0;0;0;0;0;0;0;0;0
2825;npac.doc_2825;NPAC SMS shall allow NPAC personnel and Service Provider personnel to retrieve an audit report for a specific audit request.;NFR;1;0;0;0;0;0;0;0;0;0;0;0;0
2826;npac.doc_2826;NPAC SMS shall be capable of generating an audit report for each audit request that has been requested.;NFR;1;0;0;0;0;0;0;0;0;0;0;0;0
2827;npac.doc_2827;NPAC SMS shall generate an audit report containing the following information: Audit request parameters which identified the scope of the audit, Date and Time of Audit, Progress indication, Service Provider network which contains database conflict.;NFR;1;0;0;0;0;0;0;0;0;0;0;0;0
2828;npac.doc_2828;NPAC SMS shall allow NPAC and Service Provider personnel to generate and view an audit report on-line.;NFR;1;0;0;0;0;0;0;0;0;0;0;0;0
2829;npac.doc_2829;NPAC SMS shall allow NPAC personnel to view an audit report while the audit is in progress so the current audit results can be viewed on-line up to this point.;NFR;1;0;0;0;0;0;0;0;0;0;0;0;0
2830;npac.doc_2830;NPAC SMS shall ensure that Service Providers can only view the results of those audits which they have requested.;NFR;1;0;0;0;0;0;0;0;0;0;0;0;0
2831;npac.doc_2831;NPAC SMS shall allow NPAC personnel to specify the length of time audit results will be retained in the audit log.;NFR;1;0;0;0;0;0;0;0;0;0;0;0;0
2832;npac.doc_2832;NPAC SMS shall support the following valid audit statuses: In-progress, Canceled, Complete;F;0;1;0;0;0;0;0;0;0;0;0;0;0
2833;npac.doc_2833;NPAC SMS shall select a random sample of active Subscription Versions to query over the NPAC SMS to Local SMS interface to monitor NPAC SMS data integrity.;NFR;1;0;0;0;0;0;0;0;0;0;0;0;0
2834;npac.doc_2834;NPAC SMS shall provide a Data Integrity Sample Size tunable parameter which is defined as the number of active Subscription Versions in the sample to monitor NPAC SMS data integrity.;NFR;1;0;0;0;0;0;0;0;0;0;0;0;0
2835;npac.doc_2835;NPAC SMS shall allow the NPAC SMS Administrator to modify the Data Integrity Sample Size tunable parameter.;NFR;1;0;0;0;0;0;0;0;0;0;0;0;0
2836;npac.doc_2836;NPAC SMS shall default the Data Integrity Sample Size tunable parameter to 1000.;NFR;1;0;0;0;0;0;0;0;0;0;0;0;0
2837;npac.doc_2837;NPAC SMS shall provide a Data Integrity Frequency tunable parameter which is defined as the frequency in days that the data integrity sampling is performed.;NFR;1;0;0;0;0;0;0;0;0;0;0;0;0
2838;npac.doc_2838;NPAC SMS shall allow the NPAC SMS Administrator to modify the Data Integrity Frequency tunable parameter.;NFR;1;0;0;0;0;0;0;0;0;0;0;0;0
2839;npac.doc_2839;NPAC SMS shall default the Data Integrity Frequency tunable parameter to seven days. The allowable range is between one and ninety (1-90) days.;NFR;1;0;0;0;0;0;0;0;0;0;0;0;0
2840;npac.doc_2840;NPAC SMS shall process an audit request of an Active-Like Subscription Version(s), by performing the following steps: (Previously A-2) Validate that the audit request is valid (existing FRS functionality), Validate that the Block associated with the TN contained in the Subscription Version(s), exists in the NPAC SMS,  Send queries of TN Range, or TN Range with Activation Timestamp, to non-EDR Local SMSs that are accepting downloads for the given NPA-NXX, Send queries of Block(s) AND TN Range or TN Range with Activation Timestamp, to EDR Local SMSs that are accepting downloads for the given NPA-NXX, Process non-EDR Local SMS responses using same functionality as audits for LSPP and LISP Subscription Versions, Process EDR Local SMS responses for the Block(s) by doing a comparison. If a discrepancy exists, the NPAC SMS data is considered “correct”, and a correction should be sent to the EDR Local SMS.;NFR;1;0;0;0;0;0;0;0;0;0;0;0;0
2841;npac.doc_2841;Process EDR Local SMS responses for Subscription Versions, as follows: LSPP and LISP – Use existing audit functionality, POOL – “No Data” is correct response, SVs for other LNP Types need to be deleted, Send audit results and notification of discrepancies, back to requesting SOA, only for the TN Range that was requested, even if other TNs were affected because of EDR Local SMS, The existing notification report will be unchanged, and will not contain block information, In cases were an EDR Local SMS erroneously contained a Number Pool Block, the NPAC SMS shall send a Number Pool Block delete to the Local SMS, but shall not report any discrepancy back to the requesting SOA for this Local SMS if this was the only discrepancy, Suppress status change and attribute change notifications, for Subscription Versions, to the Block Holder SOA, Send status change and attribute change notifications, for Blocks, to the Block Holder SOA when the SOA Origination is TRUE, and only when an audit correction causes the status and/or Failed SP List to be updated to different values.;NFR;1;0;0;0;0;0;0;0;0;0;0;0;0
2842;npac.doc_2842;NPAC SMS shall, for audits of Subscription Versions with LNP Type of POOL, send notifications of discrepancies found and audit results to the requesting SOA. (Previously A-10);F;0;1;0;0;0;0;0;0;0;0;0;0;0
2843;npac.doc_2843;NPAC SMS shall, for audits of Subscription Versions with LNP Type of POOL, only send back notifications to the requesting SOA, of the audited TNs, even if other TNs were modified. (Previously A-15);F;0;1;0;0;0;0;0;0;0;0;0;0;0
2844;npac.doc_2844;NPAC SMS shall send status change notifications, for Blocks, to the Block Holder SOA when the SOA Origination is TRUE, only when an audit correction causes the status and/or Failed SP List to be updated to different values. (Previously A-35);F;0;1;0;0;0;0;0;0;0;0;0;0;0
2845;npac.doc_2845;NPAC SMS shall send an attribute change notifications, for Blocks, to the Block Holder SOA when the SOA Origination is TRUE, only when an audit correction causes the status and/or Failed SP List to be updated to different values. (Previously A-36);F;0;1;0;0;0;0;0;0;0;0;0;0;0
2846;npac.doc_2846;NPAC SMS shall send a query for Subscription Version(s), resulting from the TN Range or TN Range with Activation Timestamp audit request for Subscription Version(s) with LNP Type of POOL, and a query for the corresponding Block of the Subscription Version(s) with LNP Type of POOL, to an EDR Local SMS that is accepting Block and Subscription Version data download for the given NPA-NXX via the NPAC SMS to Local SMS Interface. (Previously A-40);F;0;1;0;0;0;0;0;0;0;0;0;0;0
2847;npac.doc_2847;NPAC SMS shall consider a query response of No Data, as a valid response from an EDR Local SMS, for a Subscription Version with LNP Type of POOL, and shall not include this as a discrepancy for the Subscription Version. (Previously A-50);F;0;1;0;0;0;0;0;0;0;0;0;0;0
2848;npac.doc_2848;NPAC SMS shall consider a query response, which contains a Subscription Version, as a discrepancy from an EDR Local SMS, for a Subscription Version with LNP Type of POOL, by sending a Subscription Version Delete message for the Subscription Version. (Previously A-60);F;0;1;0;0;0;0;0;0;0;0;0;0;0
2849;npac.doc_2849;NPAC SMS shall conduct a comparison of the Block sent back in the audit response by the EDR Local SMS, to the Block stored in the NPAC SMS. (Previously A-80);F;0;1;0;0;0;0;0;0;0;0;0;0;0
2850;npac.doc_2850;NPAC SMS shall consider a query response of No Data related to a Block, for a Block that exists in the NPAC SMS, other than a status of Old, as a discrepant response from an EDR Local SMS, and shall send a Block Create/Activate message. (Previously A-90);F;0;1;0;0;0;0;0;0;0;0;0;0;0
2851;npac.doc_2851;NPAC SMS shall consider a query response with mis-matched data for a Block, as a discrepant response from an EDR Local SMS, and shall send a Block Modify message. (Previously A-100);F;0;1;0;0;0;0;0;0;0;0;0;0;0
2852;npac.doc_2852;NPAC SMS shall consider a query response of an existing Block, for a Block that has been de-pooled, as a discrepant response from an EDR Local SMS, when the latest version of the Block on the NPAC SMS contains a status of old, and shall send a Block Delete message. (Previously A-110);F;0;1;0;0;0;0;0;0;0;0;0;0;0
2853;npac.doc_2853;NPAC SMS shall skip the audit of a Block with a status of Sending, such that no discrepancies will be found for the Block. (Previously A-120);F;0;1;0;0;0;0;0;0;0;0;0;0;0
2854;npac.doc_2854;NPAC SMS shall allow NPAC personnel using the NPAC Administrative Interface to select the type of report required.;F;0;1;0;0;0;0;0;0;0;0;0;0;0
2855;npac.doc_2855;NPAC SMS shall allow NPAC personnel using the NPAC Administrative Interface to select the predefined report output destination. Destinations are printer, file system, email, display or FAX.;F;0;1;0;0;0;0;0;0;0;0;0;0;0
2856;npac.doc_2856;NPAC SMS shall allow NPAC personnel using the NPAC Administrative Interface to re-print reports from previously saved report outputs.;F;0;1;0;0;0;0;0;0;0;0;0;0;0
2857;npac.doc_2857;NPAC SMS shall allow NPAC personnel to create customized reports through an ad‑hoc facility.;F;0;1;0;0;0;0;0;0;0;0;0;0;0
2858;npac.doc_2858;NPAC SMS shall allow NPAC personnel to define scope and filtering for items to be included in the customized reports.;F;0;1;0;0;0;0;0;0;0;0;0;0;0
2859;npac.doc_2859;NPAC SMS shall allow Service Provider personnel to receive reports on information related to their activities.;NFR;1;0;0;0;0;0;0;0;0;0;0;0;0
2860;npac.doc_2860;NPAC SMS shall support the following service and network data reports for NPAC personnel using the NPAC Administrative Interface and Service Provider personnel using the NPAC SOA Low-tech Interface: 1. NPAC Service Tunable Parameters Report, 2. List of Service Provider’s LRNs,  3. Open NPA-NXXs List.;F;0;1;0;0;0;0;0;0;0;0;0;0;0
2861;npac.doc_2861;NPAC SMS shall support the following Service Provider reports for NPAC personnel using the NPAC Administrative Interface and Service Provider personnel using the NPAC SOA Low-tech Interface: 4. Service Provider Profile (Service Provider’s own data only),  5. Service Provider’s Subscription List by Status (Service Provider’s own data only).;F;0;1;0;0;0;0;0;0;0;0;0;0;0
2862;npac.doc_2862;NPAC SMS shall support the following subscription data reports for NPAC personnel using the NPAC Administrative Interface and Service Provider personnel using the NPAC SOA Low-tech Interface: 6. Subscriptions Listed by Status, 7. Subscriptions Listed by Service Provider by Status.;F;0;1;0;0;0;0;0;0;0;0;0;0;0
2863;npac.doc_2863;NPAC SMS shall support the following system reports for NPAC system administration personnel using the NPAC Administrative Interface: 8. Overall CPU System Utilization, 9. Storage Utilization, 10. NPAC SMS Application Performance (SOA/LSMS Downloads per Second),  11. NPAC SMS Application Performance (SOA/LSMS Subscription Activation Time),  12. NPAC SMS-SOA Link Utilization,  13. NPAC SMS-LSMS Link Utilization, 14. NPAC SMS Application Performance (SOA/LSMS Response Time), 15. NPAC SMS Application Performance (Interface Transaction Rate), 16. NPAC SMS Application Performance (Provider SMS Database Sampling).;F;0;1;0;0;0;0;0;0;0;0;0;0;0
2864;npac.doc_2864;NPAC SMS shall support the following security reports for NPAC security administration personnel using the NPAC Administrative Interface: 17. Access Privileges Matrix, 18. Authorized Users List, 19. Security Log, 20. Invalid Access Attempts,  21. Encryption Keys List.;NFR;1;0;0;0;0;0;0;0;0;0;0;0;0
2865;npac.doc_2865;NPAC SMS shall support the following log file reports for NPAC personnel using the NPAC Administrative Interface: 22. History Report, 23. Error Report, 24. Service Provider Notification Report, 25. Subscription Transaction Report, 26. Service Provider Administration Report,  27. Subscription Administration Report.;F;0;1;0;0;0;0;0;0;0;0;0;0;0
2866;npac.doc_2866;NPAC SMS shall support an Audit Results Report.;F;0;1;0;0;0;0;0;0;0;0;0;0;0
2867;npac.doc_2867;NPAC SMS shall support the generation of regularly scheduled standard or ad hoc reports, to be provided at the request of a Service Provider.;F;0;1;0;0;0;0;0;0;0;0;0;0;0
2868;npac.doc_2868;NPAC SMS shall generate an NPAC SMS data integrity report.;NFR;1;0;0;0;0;0;0;0;0;0;0;0;0
2869;npac.doc_2869;NPAC SMS shall verify whether the user requesting the report has the proper viewing privileges for the selected data.;NFR;1;0;0;0;0;0;0;0;0;0;0;0;0
2870;npac.doc_2870;NPAC SMS shall support on‑line file transfer capabilities to transfer report files.;F;0;1;0;0;0;0;0;0;0;0;0;0;0
2871;npac.doc_2871;NPAC SMS shall maintain a History Log to keep track of transactions processed.;F;0;1;0;0;0;0;0;0;0;0;0;0;0
2872;npac.doc_2872;NPAC SMS shall maintain an Error Log to keep track of transaction errors.;F;0;1;0;0;0;0;0;0;0;0;0;0;0
2873;npac.doc_2873;NPAC SMS shall maintain an Error Log to keep track of transmission errors.;F;0;1;0;0;0;0;0;0;0;0;0;0;0
2874;npac.doc_2874;NPAC SMS shall support reports that list pooling information for NPAC personnel using the NPAC Administrative Interface and Service Provider personnel using the NPAC SOA Low-tech Interface. (Previously RR9-7 of Appendix F: Midwest Region Number Pooling);F;0;1;0;0;0;0;0;0;0;0;0;0;0
2875;npac.doc_2875;NPAC SMS shall support pooled number reports that allow queries on any combination of SPID, and TN Range, where the NPAC SMS returns all TNs that meet the selection criteria. (Previously R-10);F;0;1;0;0;0;0;0;0;0;0;0;0;0
2876;npac.doc_2876;NPAC SMS shall support a report that list the number pool range, the block holder, and the block holder default routing information for NPAC personnel using the NPAC Administrative Interface and Service Provider personnel using the NPAC SOA Low-tech Interface. (Previously RR9-8 of Appendix F: Midwest Region Number Pooling);F;0;1;0;0;0;0;0;0;0;0;0;0;0
2877;npac.doc_2877;NPAC SMS shall support a report that lists the number pool range, the block holder, and the block holder default routing information, that contains the Block Holder ID, Service Provider Name, and the following data elements: (Previously R-25) Block ID (primary sort),  NPA-NXX-X (secondary sort), Effective Date, LRN, DPC (CLASS, CNAM, ISVM, LIDB and if supported WSMSC), SSN (CLASS, CNAM, ISVM, LIDB and if supported WSMSC).;F;0;1;0;0;0;0;0;0;0;0;0;0;0
2878;npac.doc_2878;NPAC SMS shall page break the report listed in RR9-3, for every change in new Block Holder ID. (Previously R-26);F;0;1;0;0;0;0;0;0;0;0;0;0;0
2879;npac.doc_2879;NPAC SMS shall support a report that list all Active-Like numbers in a 1K block (NPA-NXX-X) for a block holder, for NPAC personnel using the NPAC Administrative Interface and Service Provider personnel using the NPAC SOA Low-tech Interface. (Previously R-30);F;0;1;0;0;0;0;0;0;0;0;0;0;0
2880;npac.doc_2880;NPAC SMS shall support a report that lists all Active-Like numbers in a 1K Block for a block holder, where the status is active/partial failure/old with a Failed SP List/disconnect pending, that contains the following data elements: (Previously R-40) TN (primary sort),  LNP Type,  Activation Start Time Stamp, SP Name,  Status.;F;0;1;0;0;0;0;0;0;0;0;0;0;0
2881;npac.doc_2881;NPAC SMS shall support a report, used for NPA-NXX-X and Block Creation, that contains a list of all numbers in a 1K Block, that currently have a Subscription Version with a status of pending/conflict/cancel-pending/failure, and where no active Subscription Version exists, or have a Subscription Version with a status of pending/conflict/cancel-pending/failure, and where the Subscription Version is a Port-to-Original port, for NPAC personnel using the NPAC Administrative Interface. (Previously R-70);F;0;1;0;0;0;0;0;0;0;0;0;0;0
2882;npac.doc_2882;NPAC SMS shall support a report, used for NPA-NXX-X and Block Creation, that contains a list of all numbers in a 1K Block, that currently have a Subscription Version with a status of pending/conflict/cancel-pending/failure, and where no active Subscription Version exists, or have a Subscription Version with a status of pending/conflict/cancel-pending/failure, and where the Subscription Version is a Port-to-Original port, that contains the following data elements: (Previously R-80) TN, Old Service Provider SPID, New Service Provider SPID, Due Date, Status.;F;0;1;0;0;0;0;0;0;0;0;0;0;0
2883;npac.doc_2883;NPAC SMS shall sort the report listed in RR9-12, in the following order: (Previously R-81) New Service Provider SPID (primary sort), TN (secondary sort).;F;0;1;0;0;0;0;0;0;0;0;0;0;0
2884;npac.doc_2884;NPAC SMS shall page break the report listed in RR9-12, for every change in SPID. (Previously R-82);F;0;1;0;0;0;0;0;0;0;0;0;0;0
2885;npac.doc_2885;NPAC SMS shall support a report, used for de-pooling, that contains a list of all numbers in a 1K Block, that currently have a Subscription Version with a status of pending/conflict/cancel-pending/failure, and where the currently active Subscription Version is LNP Type of POOL, for NPAC personnel using the NPAC Administrative Interface. (Previously R-130);F;0;1;0;0;0;0;0;0;0;0;0;0;0
2886;npac.doc_2886;NPAC SMS shall support a report, used for de-pooling, that contains a list of all numbers in a 1K Block, that currently have a Subscription Version with a status of pending/conflict/cancel-pending/failure, and where the currently active Subscription Version is LNP Type of POOL, that contains the following data elements: (Previously R-140) TN,  Old Service Provider SPID,  New Service Provider SPID, Due Date, Status.;F;0;1;0;0;0;0;0;0;0;0;0;0;0
2887;npac.doc_2887;NPAC SMS shall sort the report listed in RR9-16, in the following order: (Previously R-141) New Service Provider SPID (primary sort), TN (secondary sort).;F;0;1;0;0;0;0;0;0;0;0;0;0;0
2888;npac.doc_2888;NPAC SMS shall page break the report listed in RR9-16, for every change in new SPID. (Previously R-142);F;0;1;0;0;0;0;0;0;0;0;0;0;0
2889;npac.doc_2889;NPAC SMS shall be available 24 hours a day, 7 days a week with the exception of scheduled downtime and unscheduled downtime within the time frame defined in R10-3 and R10-5.;F;0;1;0;0;0;0;0;0;0;0;0;0;0
2890;npac.doc_2890;NPAC SMS shall be 99.9 percent reliable. This applies to functionality and data integrity.;NFR;1;0;0;0;0;0;0;0;0;0;0;0;0
2891;npac.doc_2891;NPAC SMS shall have unscheduled downtime per year less than or equal to 9 hours.;F;0;1;0;0;0;0;0;0;0;0;0;0;0
2892;npac.doc_2892;NPAC SMS shall support a mean time to repair of less than or equal to 1 hour, for unscheduled downtime.;F;0;1;0;0;0;0;0;0;0;0;0;0;0
2893;npac.doc_2893;NPAC SMS shall have NPAC initiated, scheduled downtime of less than or equal to 24 hours per year.;F;0;1;0;0;0;0;0;0;0;0;0;0;0
2894;npac.doc_2894;NPAC initiated downtime as defined in R10-5 does not include downtime needed for software release updates initiated by or collectively agreed to by the Service Providers.;F;0;1;0;0;0;0;0;0;0;0;0;0;0
2895;npac.doc_2895;NPAC shall be capable of monitoring the status of all of its communication links.;F;0;1;0;0;0;0;0;0;0;0;0;0;0
2896;npac.doc_2896;NPAC shall be capable of detecting and reporting all communication link failures.;F;0;1;0;0;0;0;0;0;0;0;0;0;0
2897;npac.doc_2897;NPAC SMS shall be capable of detecting and correcting single bit errors during data transmission between hardware components (both internal and external).;F;0;1;0;0;0;0;0;0;0;0;0;0;0
2898;npac.doc_2898;NPAC SMS shall complete processing of all sending transactions at the time of system failure when the NPAC SMS resumes processing.;F;0;1;0;0;0;0;0;0;0;0;0;0;0
2899;npac.doc_2899;NPAC SMS shall support functional components with on board automatic self checking logic for immediate fault locating.;NFR;1;0;0;0;0;0;0;0;0;0;0;0;0
2900;npac.doc_2900;NPAC SMS shall support continuous hardware checking without any performance penalty or service degradation.;F;0;1;0;0;0;0;0;0;0;0;0;0;0
2901;npac.doc_2901;NPAC SMS shall support duplexing of all major hardware components for continuous operation in the event of a system hardware failure.;F;0;1;0;0;0;0;0;0;0;0;0;0;0
2902;npac.doc_2902;NPAC SMS shall support hardware fault tolerance that is transparent to the Service Providers.;NFR;1;0;0;0;0;0;0;0;0;0;0;0;0
2903;npac.doc_2903;NPAC SMS shall notify Service Providers of the system unavailability via both the NPAC SMS to Local SMS interface and the SOA to NPAC SMS interface if the system becomes unavailable for normal operations due to any reason, including both scheduled and unscheduled maintenance.;F;0;1;0;0;0;0;0;0;0;0;0;0;0
2904;npac.doc_2904;NPAC SMS shall notify Service Providers via their contact numbers if electronic communication is not possible.;F;0;1;0;0;0;0;0;0;0;0;0;0;0
2905;npac.doc_2905;NPAC SMS shall include the following information in the notification: The reason for the downtime, When the down time will start, When the down time will stop, An NPAC contact number.;F;0;1;0;0;0;0;0;0;0;0;0;0;0
2906;npac.doc_2906;NPAC SMS shall ensure the capability of receiving, processing and broadcasting updates will be given the highest priority during any maintenance, if resources allow only partial functionality.;F;0;1;0;0;0;0;0;0;0;0;0;0;0
2907;npac.doc_2907;NPAC SMS shall provide tolerance to communication link outages and offer alternate routing for such outages.;F;0;1;0;0;0;0;0;0;0;0;0;0;0
2908;npac.doc_2908;NPAC SMS shall offer alternate routing during communication link outages.;F;0;1;0;0;0;0;0;0;0;0;0;0;0
2909;npac.doc_2909;NPAC SMS shall, in cases where Service Providers have been switched to a backup or disaster recovery machine, adhere to a maximum time to repair of 4 hours for the primary machine.;F;0;1;0;0;0;0;0;0;0;0;0;0;0
2910;npac.doc_2910;NPAC SMS shall ensure that the time to switch the Service Providers to another machine and provide full functionality must not exceed the mean time to repair.;F;0;1;0;0;0;0;0;0;0;0;0;0;0
2911;npac.doc_2911;NPAC SMS shall restore the capability of receiving, processing and broadcasting updates within 24 hours in the event of a disaster that limits the ability of both the NPAC and NPAC SMS to function.;F;0;1;0;0;0;0;0;0;0;0;0;0;0
2912;npac.doc_2912;NPAC SMS shall restore full functionality within 48 hours, in the event of a disaster that limits both the NPAC and NPAC SMS ability to function.;F;0;1;0;0;0;0;0;0;0;0;0;0;0
2913;npac.doc_2913;NPAC shall provide reliability reports documenting the following: Schedule down time, Unscheduled down time, Mean time to repair, System availability on a monthly basis to the Service Provider.;F;0;1;0;0;0;0;0;0;0;0;0;0;0
2914;npac.doc_2914;NPAC SMS will have the capacity to support a user group in the NPAC sized for the region they service.;F;0;1;0;0;0;0;0;0;0;0;0;0;0
2915;npac.doc_2915;NPAC SMS shall ensure that the data storage of the History file must keep track of all transactions made for a tunable parameter period of time (default of one year).;F;0;1;0;0;0;0;0;0;0;0;0;0;0
2916;npac.doc_2916;NPAC SMS shall ensure that from the time an activation notice, modification or deletion request is received from a Service Provider until the time the broadcast of the update is started to all Service Provider local SMS will be less than 60 seconds.;F;0;1;0;0;0;0;0;0;0;0;0;0;0
2917;npac.doc_2917;NPAC SMS, under normal operating conditions, shall ensure that the response time from when a request or transaction is received in the system to the time an acknowledgment is returned will be less than 3 seconds for 95% of all transactions. This does not include the transmission time across the interface to the Service Providers’ SOA or Local SMS.;F;0;1;0;0;0;0;0;0;0;0;0;0;0
2918;npac.doc_2918;NPAC SMS shall be expandable to handle future growth due to circumstances described as follows: Added areas of portability, Added Service Providers.;F;0;1;0;0;0;0;0;0;0;0;0;0;0
2919;npac.doc_2919;NPAC SMS shall send an electronic notification to the Service Provider’s SOA indicating the time the NPAC will switch them back to the primary machine.;F;0;1;0;0;0;0;0;0;0;0;0;0;0
2920;npac.doc_2920;NPAC SMS shall send an electronic notification to the Service Provider’s Local SMS indicating the time the NPAC will switch them back to the primary machine.;F;0;1;0;0;0;0;0;0;0;0;0;0;0
2921;npac.doc_2921;NPAC SMS shall sync up the database in its primary SMS with any updates sent to the backup or disaster recovery machine during the downtime.;F;0;1;0;0;0;0;0;0;0;0;0;0;0
2922;npac.doc_2922;The resource accounting measurements will not cause degradation in the performance of the basic functions of the NPAC.;F;0;1;0;0;0;0;0;0;0;0;0;0;0
2923;npac.doc_2923;NPAC SMS shall allow the NPAC administrator to turn on and off the recording of Service Provider usage statistics for the service elements.;NFR;1;0;0;0;0;0;0;0;0;0;0;0;0
2924;npac.doc_2924;NPAC SMS shall measure and record the usage of NPAC resources on a per Service Provider basis.;F;0;1;0;0;0;0;0;0;0;0;0;0;0
2925;npac.doc_2925;NPAC SMS shall generate usage measurements for allocated connections for each Service Provider.;NFR;1;0;0;0;0;0;0;0;0;0;0;0;0
2926;npac.doc_2926;NPAC SMS shall generate usage measurements for the allocated mass storage (number of records stored) for each Service Provider.;F;0;1;0;0;0;0;0;0;0;0;0;0;0
2927;npac.doc_2927;NPAC SMS shall measure the number of messages processed by type for each Service Provider.;F;0;1;0;0;0;0;0;0;0;0;0;0;0
2928;npac.doc_2928;NPAC SMS shall measure the number of messages downloaded to each Service Provider.;F;0;1;0;0;0;0;0;0;0;0;0;0;0
2929;npac.doc_2929;NPAC SMS shall be capable of creating the following billing reports: Login Session Per Service Provider, Allocated Mass Storage, Messages Processed by type (to include download data and data resent by request), Audits Requested and Processed,  Requested Report Generation,  Service Establishment (to include Service Provider establishment, user login ID addition to the NPAC SMS, and mechanized Interface Activation).;NFR;1;0;0;0;0;0;0;0;0;0;0;0;0
2930;npac.doc_2930;The NPAC SMS shall be capable of creating a full billing report, with all of the report types in R11-9 included.;F;0;1;0;0;0;0;0;0;0;0;0;0;0
2931;npac.doc_2931;NPAC SMS shall allow NPAC personnel to create billing reports for all Service Provider usage. For all report types in R11-9 and R11-10, the NPAC personnel will be able to specify whether the report is an aggregation/summary of stored data or a detailed report containing every item stored for the report type.;NFR;1;0;0;0;0;0;0;0;0;0;0;0;0
2932;npac.doc_2932;NPAC SMS shall allow Service Providers to gather billing report data on only their NPAC SMS usage. Service Providers will not be able to create reports on any other Service Provider’s usage. For all report types in R11-9 and R11-10, the NPAC SMS shall create an aggregation/summary of stored data for the report type.;NFR;1;0;0;0;0;0;0;0;0;0;0;0;0
2933;npac.doc_2933;NPAC SMS shall allow NPAC personnel to determine the output destination of the billing report. The destinations will include: on-line (on screen), printer, file, or FAX. The default selection is on-line.;NFR;1;0;0;0;0;0;0;0;0;0;0;0;0
2934;npac.doc_2934;NPAC SMS shall allow Service Provider users to determine the output destination of the billing report. The destinations will include: on-line (on screen) or file. The default selection is on-line.;NFR;1;0;0;0;0;0;0;0;0;0;0;0;0
2935;npac.doc_2935;The NPAC billing system shall be accessible only to NPAC personnel.;NFR;1;0;0;0;0;0;0;0;0;0;0;0;0
2936;inventory-2.0.pdf_2936;The system should provide a categorized view of the entire inventory to the Construction Junction staff. ;F;0;1;0;0;0;0;0;0;0;0;0;0;0
2937;inventory-2.0.pdf_2937;Starting at the department level, users can navigate into the inventory item categories and sub- categories, all the way down to an individual inventory item.;F;0;1;0;0;0;0;0;0;0;0;0;0;0
2938;inventory-2.0.pdf_2938;The system should allow inventory administrators to customize the inventory structure by defining the inventory departments (not to be confused actual retail floor departments known later in this document as stocking locations).;F;0;1;0;0;0;0;0;0;0;0;0;0;0
2939;inventory-2.0.pdf_2939;The system should allow inventory administrators to customize the attributes and details available for each inventory item. ;F;0;1;0;0;0;0;0;0;0;0;0;0;0
2940;inventory-2.0.pdf_2940;Attributes can be defined for each department, and details can be defined for each department and/or category.;NFR;1;0;0;0;0;0;0;0;0;0;0;0;0
2941;inventory-2.0.pdf_2941;Items are typically added to the inventory as part of the donation processes. ;F;0;1;0;0;0;0;0;0;0;0;0;0;0
2942;inventory-2.0.pdf_2942;This is called adding an item in donation processing.;F;0;1;0;0;0;0;0;0;0;0;0;0;0
2943;inventory-2.0.pdf_2943;Alternatively, items can be added during routine inventory maintenance. This is called adding an item in inventory management mode.;F;0;1;0;0;0;0;0;0;0;0;0;0;0
2944;inventory-2.0.pdf_2944;The system should allow various management actions to be performed on items existing in the inventory. ;F;0;1;0;0;0;0;0;0;0;0;0;0;0
2945;inventory-2.0.pdf_2945;These include modifying, deleting and splitting an item, and viewing the item‟s details and item history.;NFR;1;0;0;0;0;0;0;0;0;0;0;0;0
2946;inventory-2.0.pdf_2946;These actions are only available for Unique and Stock items.;NFR;1;0;0;0;0;0;0;0;0;0;0;0;0
2947;inventory-2.0.pdf_2947;The system should assist in the task of pricing a new inventory item by making pricing suggestions to the user when adding to or modifying an item in the inventory. ;F;0;1;0;0;0;0;0;0;0;0;0;0;0
2948;inventory-2.0.pdf_2948;The suggested prices should be calculated based on the original and sale prices of similar items that currently exist or existed in the inventory in the past.;F;0;1;0;0;0;0;0;0;0;0;0;0;0
2949;inventory-2.0.pdf_2949;Acquisition records for Drop-Off, Pickup and Decon donations are created in the CRM system. ;F;0;1;0;0;0;0;0;0;0;0;0;0;0
2950;inventory-2.0.pdf_2950;Inventory Management users should be able to view all past and current acquisitions.;NFR;1;0;0;0;0;0;0;0;0;0;0;0;0
2951;inventory-2.0.pdf_2951;Receiving Associates use this function to locate an expected acquisition when receiving a donation at the loading dock.;NFR;0;1;0;0;0;0;0;0;0;0;0;0;0
2952;inventory-2.0.pdf_2952;Pickup and Decon crews may also use this function to initiate the process of receiving items while in the truck, on their way to the receiving dock.;F;0;1;0;0;0;0;0;0;0;0;0;0;0
2953;inventory-2.0.pdf_2953;Drop Off acquisitions are not typically pre-scheduled as Pick Up and Decon acquisitions except for those submitted through the organizational website. ;F;0;1;0;0;0;0;0;0;0;0;0;0;0
2954;inventory-2.0.pdf_2954;As such, when a donor arrives with an unexpected drop off donation, a new acquisition needs to be able to be created in the CRM system first, at either the customer service desk or at the dock, before it can be viewed in the acquisitions screen.;F;0;1;0;0;0;0;0;0;0;0;0;0;0
2955;inventory-2.0.pdf_2955;A donor in possession of a valid acquisition number can proceed to the receiving dock where the items to be donated will be received and processed, and a donation receipt will be generated. ;NFR;1;0;0;0;0;0;0;0;0;0;0;0;0
2956;inventory-2.0.pdf_2956;Alternatively, a donor may go directly to the receiving dock, in which case a new acquisition is created by the Receiving Associate before items can be received and processed.;F;0;1;0;0;0;0;0;0;0;0;0;0;0
2957;inventory-2.0.pdf_2957;The screens used for the acquisition process should simplify and expedite the data entry process, allowing the Receiving Associate to enter only the information needed to generate the donation receipt. ;F;0;1;0;0;0;0;0;0;0;0;0;0;0
2958;inventory-2.0.pdf_2958;Additional attributes needed to complete the item information and effectively add the item to the inventory can be added at a second step, after the receipt has been printed and the donor has been served. ;F;0;1;0;0;0;0;0;0;0;0;0;0;0
2959;inventory-2.0.pdf_2959;The Receiving Associate can print temporary acquisition labels for items that require further processing.;F;0;1;0;0;0;0;0;0;0;0;0;0;0
2960;inventory-2.0.pdf_2960;Pick Up and Decon crews may also initiate the receiving process, entering as much detailed information about the donated items as desired, and generating a donation receipt. ;F;0;1;0;0;0;0;0;0;0;0;0;0;0
2961;inventory-2.0.pdf_2961;They cannot, however, add items to the inventory or complete the acquisition process.;NFR;1;0;0;0;0;0;0;0;0;0;0;0;0
2962;inventory-2.0.pdf_2962;A Receiving Associate is required to review all the acquisition information before those actions can take place.;F;0;1;0;0;0;0;0;0;0;0;0;0;0
2963;inventory-2.0.pdf_2963;Any item in the inventory may be purchased by a Construction Junction customer. ;F;0;1;0;0;0;0;0;0;0;0;0;0;0
2964;inventory-2.0.pdf_2964;The sale of the item is processed by QuickBooks POS and the inventory must be updated accordingly.;F;0;1;0;0;0;0;0;0;0;0;0;0;0
2965;inventory-2.0.pdf_2965;The application will provide a reporting mechanism that, at a minimum, allows Construction Junction to review and report by inventory, inventory type, donor contact information, and the ability to link inventory to individual that donated it.;F;0;1;0;0;0;0;0;0;0;0;0;0;0
2966;inventory-2.0.pdf_2966;The system should integrate with Construction Junction‟s website and allow, in addition to capacity outlined in later sections, the ability for customers to view and search CJ‟s inventory online.;F;0;1;0;0;0;0;0;0;0;0;0;0;0
2967;inventory-2.0.pdf_2967;The item search can be done in two ways: The user may „drill down‟ to a particular category using the hierarchical inventory view displayed on the website, The user may perform a search for items by keyword (basic search) and other parameters such as price, date received and/or discount (advanced search).;NFR;1;0;0;0;0;0;0;0;0;0;0;0;0
2968;inventory-2.0.pdf_2968;The „Shop‟ page on CJ‟s website provides a starting concept of what the categorized inventory search might look like as does the website at www.seconduse.com.;F;0;1;0;0;0;0;0;0;0;0;0;0;0
2969;inventory-2.0.pdf_2969;„Contact Us‟ and „Online Donation Form‟ website pages should integrate with Salesforce and allow donors to upload images.;F;0;1;0;0;0;0;0;0;0;0;0;0;0
2970;inventory-2.0.pdf_2970;The system should also include the implementation of Salesforce.com Ideas on CJ‟s „Recycling & Resources‟ webpage to allow for crowd sourcing the best recycling options for various materials in the Pittsburgh metropolitan area.;F;0;1;0;0;0;0;0;0;0;0;0;0;0
2971;inventory-2.0.pdf_2971;A „blastworthy‟ flag already exists on the item entry and update screens. ;F;0;1;0;0;0;0;0;0;0;0;0;0;0
2972;inventory-2.0.pdf_2972;That field can be used to flag an item for inclusion on the next e-Blast.;NFR;1;0;0;0;0;0;0;0;0;0;0;0;0
2973;inventory-2.0.pdf_2973;When an item is flagged for e-Blast, the system should verify that a stocking location has been set for the item.;F;0;1;0;0;0;0;0;0;0;0;0;0;0
2974;inventory-2.0.pdf_2974;The system should allow Construction Junction staff to view a list of all items that are currently flagged as blastworthy that haven‟t yet been included in an e-Blast. ;NFR;1;0;0;0;0;0;0;0;0;0;0;0;0
2975;inventory-2.0.pdf_2975;The user can then select which flagged items should be included on the next e-Blast.;NFR;1;0;0;0;0;0;0;0;0;0;0;0;0
2976;inventory-2.0.pdf_2976;The system should also provide an e-Blast preview screen that displays all items selected for that week‟s e-Blast, and also all items that have been flagged but not selected.;F;0;1;0;0;0;0;0;0;0;0;0;0;0
2977;inventory-2.0.pdf_2977;A cart with a laptop, camera and bar code reader will be used by the Construction Junction staff when looking for items in the sales floor that should be e-Blasted. That allows the user to quickly locate an item in the inventory by scanning its tag, flag items that aren‟t yet flagged and enter additional item information prior to the e-Blast.;NFR;1;0;0;0;0;0;0;0;0;0;0;0;0
2978;inventory-2.0.pdf_2978;The system should integrate with Vertical Response (or its future possible replacement, Exact Target) for the e-Blast email notifications.;F;0;1;0;0;0;0;0;0;0;0;0;0;0
2979;inventory-2.0.pdf_2979;The system should also allow Construction Junction staff to view a list of all items that were included in previous week‟s e-Blast and that have been sold. The user can then select the items that should be included in the „Great and Gone‟ section of the website. The system should also allow the user to select any sold items, adding pictures as needed, to be included in the „Great and Gone‟ section, even if they were not part of previous week‟s e-Blast. „Great and Gone‟ items should have a “Sold” overlay over their associated images.;NFR;1;0;0;0;0;0;0;0;0;0;0;0;0
2980;inventory-2.0.pdf_2980;Items should be able to be re-Blasted without affecting previous e-Blast versions.;F;0;1;0;0;0;0;0;0;0;0;0;0;0
2981;inventory-2.0.pdf_2981;The website should present an „Add to Cart‟ button on search results and item detail screens and standard „View Shopping Cart‟ and checkout functionality as well as the option to „forward item to a friend‟.;F;0;1;0;0;0;0;0;0;0;0;0;0;0
2982;inventory-2.0.pdf_2982;The system does not need to support shipping options. All items purchased have to be picked up at the Construction Junction site.;F;0;1;0;0;0;0;0;0;0;0;0;0;0
2983;inventory-2.0.pdf_2983;Only items flagged as available for online purchase on the inventory system can be purchased online. ;NFR;1;0;0;0;0;0;0;0;0;0;0;0;0
2984;inventory-2.0.pdf_2984;Those items are held in a separate area in the warehouse designated for online items and can only be purchased online.;F;0;1;0;0;0;0;0;0;0;0;0;0;0
2985;inventory-2.0.pdf_2985;For items that are not available for online purchase the website should display a comment that reads 'You can purchase this item over the phone or at Construction Junction'. ;F;0;1;0;0;0;0;0;0;0;0;0;0;0
2986;inventory-2.0.pdf_2986;When an item is purchased over the phone it is physically moved to the SOLD items area in the warehouse, but should remain on the website for an additional 15 days with “Sold” appearing across the item name and image.;NFR;1;0;0;0;0;0;0;0;0;0;0;0;0
2987;inventory-2.0.pdf_2987;Once registered online, the system should allow Construction Junction staff to print out a member card (possibly via QuickBooks POS) containing the member‟s name and unique member ID, in both numeric and bar code format. ;F;0;1;0;0;0;0;0;0;0;0;0;0;0
2988;inventory-2.0.pdf_2988;The member card can be scanned by Construction Junction staff to quickly identify the member when donating or purchasing items. The member‟s email address and associated customer ID/barcode should uniquely identity the member in both QuickBooks POS and in the CRM system.;F;0;1;0;0;0;0;0;0;0;0;0;0;0
2989;inventory-2.0.pdf_2989;The system should allow Construction Junction to reward customers for frequent donating by giving them in-store credit that can be used when purchasing items.;F;0;1;0;0;0;0;0;0;0;0;0;0;0
2990;inventory-2.0.pdf_2990;The „Reuse Reward‟ amount credited for each donated item should be kept separate from store credit for returned merchandise and be calculated as follows: For stock items, credited when the item is received, and calculated as 0.5% of the stock item‟s pre-defined price, For unique items, credited only the item is sold, and calculated as 1% of the price the item was actually sold for.;F;0;1;0;0;0;0;0;0;0;0;0;0;0
2991;inventory-2.0.pdf_2991;The system should also provide reports that show all items a particular donor brought in and how much those items were sold for.;F;0;1;0;0;0;0;0;0;0;0;0;0;0
2992;inventory-2.0.pdf_2992;QuickBooks POS should be aware of the current amount of credit accrued by a member so that it can be used whenever the member wants to purchase an item. Users should be able to use their accrued balance to buy gift certificates and give them to someone else.;NFR;1;0;0;0;0;0;0;0;0;0;0;0;0
2993;inventory-2.0.pdf_2993;The system should be able to print the donor‟s current credit amount on the donation receipt. ;F;0;1;0;0;0;0;0;0;0;0;0;0;0
2994;inventory-2.0.pdf_2994;QuickBooks POS should also print a message on the sales and donation receipt informing customers that they can earn rewards by donating to Construction Junction.;F;0;1;0;0;0;0;0;0;0;0;0;0;0
2995;inventory-2.0.pdf_2995;Additional membership benefits should include: Signing up for CJ‟s weekly e-Blast (all users who sign up for the e-Blast are automatically members and all users who sign up to be members automatically receive the weekly e- Blast (unless they manually uncheck that option)), Ability to manage online profile including status of e-Blast subscription, donation addresses, view sales history, donation history and re-reprint donation receipts online, Ability to have insight into the type of items scheduled for pickup by CJ, Automatic notification when accumulated credits reach a certain self-defined threshold. Ability to create a public green business or service listing, Ability to upload images and video of their reuse project(s), Advance notification of new class offerings and upcoming events, Easier purchasing of items offered online and automatic pre-registration for online auctions, Option to purchase CJ gift cards at a slightly discounted rate, Bonus in store discounts on member‟s birthday, Allows faster completion of online donation form and allows user to view and request available slots in CJ‟s pickup schedule.;F;0;1;0;0;0;0;0;0;0;0;0;0;0
2996;inventory-2.0.pdf_2996;Construction Junction website users should be able to select a particular item category in the inventory (via an inventory or e-Blast view) and add it to their wish list. ;F;0;1;0;0;0;0;0;0;0;0;0;0;0
2997;inventory-2.0.pdf_2997;Users should also be able to add to the wish list any of the categories for items returned as search results.;NFR;1;0;0;0;0;0;0;0;0;0;0;0;0
2998;inventory-2.0.pdf_2998;Anytime a new item is received into the inventory in that category, an automated notification is then sent to the user.;F;0;1;0;0;0;0;0;0;0;0;0;0;0
2999;inventory-2.0.pdf_2999;The notification can be in multiple forms such as an email message, text message, voice blast, Twitter or Facebook. ;F;0;1;0;0;0;0;0;0;0;0;0;0;0
3000;inventory-2.0.pdf_3000;That option is set by the user in his/her website account settings.;NFR;1;0;0;0;0;0;0;0;0;0;0;0;0
3001;inventory-2.0.pdf_3001;That means that in order to take advantage of the wish list functionality, the user must be registered as a Construction Junction website member.;F;0;1;0;0;0;0;0;0;0;0;0;0;0
3002;inventory-2.0.pdf_3002;Customer Service representatives should also be able to add to a customer‟s wish list when requested by him/her at the customer service desk or via email phone, etc..;NFR;1;0;0;0;0;0;0;0;0;0;0;0;0
3003;inventory-2.0.pdf_3003;Users should be able to view their current wish line online and remove entries from it.;NFR;1;0;0;0;0;0;0;0;0;0;0;0;0
3004;inventory-2.0.pdf_3004;Users should also be able to add to their wish lists the categories of items that have been sold over the past 15 days. ;NFR;1;0;0;0;0;0;0;0;0;0;0;0;0
3005;inventory-2.0.pdf_3005;That means that once an item is sold, it should still be listed on the website for a period of 15 days, and its listing should contain the „SOLD‟ word on it.;F;0;1;0;0;0;0;0;0;0;0;0;0;0
3006;inventory-2.0.pdf_3006;The item entry and update screens should include a „Subject to Aging Discount‟ flag. ;F;0;1;0;0;0;0;0;0;0;0;0;0;0
3007;inventory-2.0.pdf_3007;The system should use that flag to automatically generate discounts for items based on the amount of time they have been in the inventory.;F;0;1;0;0;0;0;0;0;0;0;0;0;0
3008;inventory-2.0.pdf_3008;The discount should be calculated as a 10% discount for each month that the item has been in the inventory, and the item label should display the discounted prices and their corresponding date periods. ;F;0;1;0;0;0;0;0;0;0;0;0;0;0
3009;inventory-2.0.pdf_3009;The aging starts on the date when the item is assigned a price and is effectively added to the inventory, and not when the item is received.;F;0;1;0;0;0;0;0;0;0;0;0;0;0
3010;inventory-2.0.pdf_3010;QuickBooks POS should apply the correct discount for the current date when an item is sold, and the website should automatically display the correct discount for the current date (requires regular data transfer).;F;0;1;0;0;0;0;0;0;0;0;0;0;0
3011;inventory-2.0.pdf_3011;The sold item should be able to be viewed in Salesforce and flagged as „stored on-site‟ with an automatic „pick up date‟ calculated for seven days out. Staff can print a sold tag that is affixed to the sold item.;NFR;1;0;0;0;0;0;0;0;0;0;0;0;0
3012;inventory-2.0.pdf_3012;Automatic emails are sent to the customer as required pick-up dates approach and the status of items is updated as they are picked up.;F;0;1;0;0;0;0;0;0;0;0;0;0;0
3013;inventory-2.0.pdf_3013;Tasks are generated for staff to return overdue items to the sales floor and apply the appropriate store credit to customer accounts for items that have not been picked up within the allotted seven day period.;NFR;1;0;0;0;0;0;0;0;0;0;0;0;0
3014;inventory-2.0.pdf_3014;This puts the item back into inventory and affects customer store credit accounts.;F;0;1;0;0;0;0;0;0;0;0;0;0;0
3015;inventory-2.0.pdf_3015;The system must allow a threshold quantity to be set at any level (department or category) in the inventory. Once that threshold is reached for a department or category, the corresponding matrix cell should change to a different color that indicates the overstock condition. ;F;0;1;0;0;0;0;0;0;0;0;0;0;0
3016;inventory-2.0.pdf_3016;Also, the current quantity on hand and the threshold value for the item‟s department or category should be displayed on the item entry and update screens. ;F;0;1;0;0;0;0;0;0;0;0;0;0;0
3017;inventory-2.0.pdf_3017;This information should also be displayed on a different color or layout when the threshold is reached.;F;0;1;0;0;0;0;0;0;0;0;0;0;0
3018;inventory-2.0.pdf_3018;The system should still allow items to be received for a department or category that is overstocked, but Construction Junction staff may decide to turn down those items at the receiving dock.;F;0;1;0;0;0;0;0;0;0;0;0;0;0
3019;inventory-2.0.pdf_3019;The system should also provide a report that shows currently overstock departments and categories.;F;0;1;0;0;0;0;0;0;0;0;0;0;0
3020;inventory-2.0.pdf_3020;Based on the overstock report Construction Junction staff may decide to put the entire category on sale for a period of time, or until the category is no longer overstocked. ;F;0;1;0;0;0;0;0;0;0;0;0;0;0
3021;inventory-2.0.pdf_3021;As the discount is only temporary, the item prices should not be changed in the Inventory.;F;0;1;0;0;0;0;0;0;0;0;0;0;0
3022;inventory-2.0.pdf_3022;However, the price discount should be automatically applied on purchases via QuickBooks POS, and should also be visible on the website.;F;0;1;0;0;0;0;0;0;0;0;0;0;0
3023;inventory-2.0.pdf_3023;The mobile units should allow that all inventory screens can be displayed and used in the same fashion as in the fixed workstations. ;F;0;1;0;0;0;0;0;0;0;0;0;0;0
3024;inventory-2.0.pdf_3024;This eliminates the need for designing a second set of screens to be used on mobile units with limited display capabilities.;F;0;1;0;0;0;0;0;0;0;0;0;0;0
3025;inventory-2.0.pdf_3025;The Inventory Item entry screen already provides a comments/history text field that can be used for the purpose described.;F;0;1;0;0;0;0;0;0;0;0;0;0;0
3026;inventory-2.0.pdf_3026;In addition to that, the system should be able to generate and print signage containing the item history, back story information and other item details. Ideally, the system would provide a few pre- defined formats for signage that can be chosen from.;F;0;1;0;0;0;0;0;0;0;0;0;0;0
3027;inventory-2.0.pdf_3027;The described functionality is being implemented as part of the CRM project.;F;0;1;0;0;0;0;0;0;0;0;0;0;0
3028;inventory-2.0.pdf_3028;In addition, the Inventory Management System needs to store item weight information and generate reports that indicate the total weight received, sold and diverted from landfills.;F;0;1;0;0;0;0;0;0;0;0;0;0;0
3029;inventory-2.0.pdf_3029;When the actual item weight is not indicated, the system should use a pre-set average weight for the item category.;F;0;1;0;0;0;0;0;0;0;0;0;0;0
3030;inventory-2.0.pdf_3030;The system should also display the actual weight average for the category on the category configuration screen, and also the number of items used when calculating that average. ;F;0;1;0;0;0;0;0;0;0;0;0;0;0
3031;inventory-2.0.pdf_3031;The inventory administrator can then decide whether to configure the category to use the actual average weight or a pre-set average weight, which would be set manually.;NFR;1;0;0;0;0;0;0;0;0;0;0;0;0
3032;inventory-2.0.pdf_3032;The described functionality, which ranks the donor in terms of ease of working with, is being implemented as part of the CRM project.;F;0;1;0;0;0;0;0;0;0;0;0;0;0
3033;inventory-2.0.pdf_3033;Construction Junction would also like to be able to generate the following donor statistics, which could be implemented in the form of reports: Number/value/volume of donations per donor, Fastest selling donations / time to sell per donor, Value retention of items (sold x estimated price) per donor Overall donor rating.;F;0;1;0;0;0;0;0;0;0;0;0;0;0
3034;inventory-2.0.pdf_3034;The application is expected to operate via touch screen user interfaces, and take advantage of that technology to be as fast, efficient, intuitive, and flexible as possible while also minimizing the potential for errors and duplications. ;F;0;1;0;0;0;0;0;0;0;0;0;0;0
3035;inventory-2.0.pdf_3035;It should minimize the use of keyboard and mouse when processing acquisitions, and should allow acquisitions to be completed with few clicks and page switches.;F;0;1;0;0;0;0;0;0;0;0;0;0;0
3036;inventory-2.0.pdf_3036;For internal users: Donation/acquisition processing - The system must be available during normal Construction Junction operating hours, Sales processing - The system must be available during normal Construction Junction operating hours, Inventory management - The system must be available beyond normal operating hours to accommodate inventory management operations.;F;0;1;0;0;0;0;0;0;0;0;0;0;0
3037;inventory-2.0.pdf_3037;For external users - The system must be available beyond normal operating hours to accommodate website use – Inventory listing, wish list management and online purchases.;F;0;1;0;0;0;0;0;0;0;0;0;0;0
3038;inventory-2.0.pdf_3038;Access to the application by the Construction Junction staff must require user login. Access to application screens and functions is granted or denied based on the profile and role of the currently logged in user, as detailed in the preceding use-case requirements. ;NFR;1;0;0;0;0;0;0;0;0;0;0;0;0
3039;inventory-2.0.pdf_3039;The system should record changes to application entities in the form of „created user/time‟, „modified user/time‟ fields.;NFR;1;0;0;0;0;0;0;0;0;0;0;0;0
3040;inventory-2.0.pdf_3040;The system should also record information about various sensitive inventory management operations such as deleting items and changing the price of items.;F;0;1;0;0;0;0;0;0;0;0;0;0;0
3041;inventory-2.0.pdf_3041;The functionality provided by the Inventory Management System will be critical to the normal operation of the Construction Junction business. ;F;0;1;0;0;0;0;0;0;0;0;0;0;0
3042;inventory-2.0.pdf_3042;As such, the system should perform with consistently and predictably low response times in order not to impact the performance or the timely execution of the various tasks that need to be conducted by the Construction Junction staff.;F;0;1;0;0;0;0;0;0;0;0;0;0;0
3043;inventory-2.0.pdf_3043;A web browser-based interface must be provided for all the Inventory Management functionality. ;F;0;1;0;0;0;0;0;0;0;0;0;0;0
3044;inventory-2.0.pdf_3044;This sections lists the screens required and associated UI requirements.;F;0;1;0;0;0;0;0;0;0;0;0;0;0
3045;inventory-2.0.pdf_3045;The following are specific UI requirements for the entire Inventory Management application: Buttons and shortcuts should be easy to click on a touch screen workstation. Extra spacing between rows should be added if necessary, All required information fields should be marked with an asterisk (*), During data validation, all validation errors must be reported to the actor and displayed on the screen, In case of a validation error, the actor must not have to re-enter the values that are valid.;F;0;1;0;0;0;0;0;0;0;0;0;0;0
3046;inventory-2.0.pdf_3046;The system should support the following hardware interfaces: Touch screen monitors – To facilitate navigation of the categorized inventory when processing acquisitions and also for normal inventory maintenance tasks, Bar code readers – For scanning item labels and member cards, Zebra printers – For quick printing of item labels, Standard, color laser printers – For printing donation receipts, item signage and reports Mobile devices.;F;0;1;0;0;0;0;0;0;0;0;0;0;0
3047;inventory-2.0.pdf_3047;Constituent data between QuickBooks POS and Salesforce must be synchronized.;F;0;1;0;0;0;0;0;0;0;0;0;0;0
3048;inventory-2.0.pdf_3048;Updates to the inventory such as new items and changes to existing items must be synchronized.;NFR;1;0;0;0;0;0;0;0;0;0;0;0;0
3049;inventory-2.0.pdf_3049;Inventory items must be updated as a result of sales in QuickBooks POS.;F;0;1;0;0;0;0;0;0;0;0;0;0;0
3050;inventory-2.0.pdf_3050;Customer‟s sales history must be synchronized to QuickBooks POS and roll up in a similar fashion as donation statistics.;F;0;1;0;0;0;0;0;0;0;0;0;0;0
3051;inventory-2.0.pdf_3051;Changes to a member‟s in-store credit amount as a result of donated item sales should be made available to QuickBooks POS.;NFR;1;0;0;0;0;0;0;0;0;0;0;0;0
3052;inventory-2.0.pdf_3052;Customers with bouncing email addresses must be identified in QuickBooks POS.;F;0;1;0;0;0;0;0;0;0;0;0;0;0
3053;inventory-2.0.pdf_3053;Integration between QuickBooks POS and Salesforce must use Middleware.;F;0;1;0;0;0;0;0;0;0;0;0;0;0
3054;inventory-2.0.pdf_3054;All contact information utilized by the Inventory Management System, including donor and donation acquisition information, is stored in Salesforce CRM.;F;0;1;0;0;0;0;0;0;0;0;0;0;0
3055;inventory-2.0.pdf_3055;Construction Junction currently uses Vertical Response to deliver email marketing functionality such as weekly e-blasts.;F;0;1;0;0;0;0;0;0;0;0;0;0;0
3056;inventory-2.0.pdf_3056;Vertical Response App must be installed in Salesforce and consider storage consumption.;F;0;1;0;0;0;0;0;0;0;0;0;0;0
3057;inventory-2.0.pdf_3057;At the time of this writing, Construction Junction is considering replacing VerticalResponse with ExactTarget.;F;0;1;0;0;0;0;0;0;0;0;0;0;0
3058;inventory-2.0.pdf_3058;The system must be able to provide the contents of the categorized inventory for viewing on the website, allowing users to create wish lists and purchase items online.;F;0;1;0;0;0;0;0;0;0;0;0;0;0
3059;inventory-2.0.pdf_3059;The inventory should be updated to reflect item purchases via the website.;F;0;1;0;0;0;0;0;0;0;0;0;0;0
3060;inventory-2.0.pdf_3060;Construction Junction members should be able to log into CJ‟s website.;F;0;1;0;0;0;0;0;0;0;0;0;0;0
3061;inventory-2.0.pdf_3061;Construction Junction intends to add this functionality.;F;0;1;0;0;0;0;0;0;0;0;0;0;0
3062;inventory-2.0.pdf_3062;Construction Junction is currently evaluating the benefits of replacing Microsoft Office products and Exchange Server with Google Apps and Gmail.;F;0;1;0;0;0;0;0;0;0;0;0;0;0
3063;inventory-2.0.pdf_3063;Buttons and shortcuts should be easy to click on a touch screen workstation. Extra spacing between rows should be added if necessary.;F;0;1;0;0;0;0;0;0;0;0;0;0;0
3064;inventory-2.0.pdf_3064;All required information fields should be marked with an asterisk (*).;F;0;1;0;0;0;0;0;0;0;0;0;0;0
3065;inventory-2.0.pdf_3065;During data validation, all validation errors must be reported to the actor and displayed on the screen.;NFR;1;0;0;0;0;0;0;0;0;0;0;0;0
3066;inventory-2.0.pdf_3066;In case of a validation error, the actor must not have to re-enter the values that are valid.;NFR;1;0;0;0;0;0;0;0;0;0;0;0;0
3067;inventory-2.0.pdf_3067;Inventory departments are displayed in matrix format.;F;0;1;0;0;0;0;0;0;0;0;0;0;0
3068;inventory-2.0.pdf_3068;The matrix dimensions are fixed, and are the same when displaying departments or categories.;F;0;1;0;0;0;0;0;0;0;0;0;0;0
3069;inventory-2.0.pdf_3069;The actual matrix dimensions are to be determined during system implementation.;F;0;1;0;0;0;0;0;0;0;0;0;0;0
3070;inventory-2.0.pdf_3070;The matrix should be able to hold at least 30 tiles at each level;F;0;1;0;0;0;0;0;0;0;0;0;0;0
3071;inventory-2.0.pdf_3071;Unused matrix cells are displayed empty.;F;0;1;0;0;0;0;0;0;0;0;0;0;0
3072;inventory-2.0.pdf_3072;Each matrix cell displays a department name;F;0;1;0;0;0;0;0;0;0;0;0;0;0
3073;inventory-2.0.pdf_3073;For departments with subcategories, the department name is a hyperlink to the view of the department subcategories.;F;0;1;0;0;0;0;0;0;0;0;0;0;0
3074;inventory-2.0.pdf_3074;For a department with no subcategories, the department name is a hyperlink to the view of the items in that department.;F;0;1;0;0;0;0;0;0;0;0;0;0;0
3075;inventory-2.0.pdf_3075;Departments are listed in alphabetical order in each row, from left to right and top to bottom.;F;0;1;0;0;0;0;0;0;0;0;0;0;0
3076;inventory-2.0.pdf_3076;Each cell in the matrix must indicate in some visual form that it contains subcategories.;F;0;1;0;0;0;0;0;0;0;0;0;0;0
3077;inventory-2.0.pdf_3077;Inventory categories are displayed in matrix format.;F;0;1;0;0;0;0;0;0;0;0;0;0;0
3078;inventory-2.0.pdf_3078;The matrix dimensions are fixed, and are the same when displaying departments or categories.;F;0;1;0;0;0;0;0;0;0;0;0;0;0
3079;inventory-2.0.pdf_3079;The actual matrix dimensions are to be determined during system implementation.;F;0;1;0;0;0;0;0;0;0;0;0;0;0
3080;inventory-2.0.pdf_3080;The matrix should be able to hold at least 30 tiles at each level.;F;0;1;0;0;0;0;0;0;0;0;0;0;0
3081;inventory-2.0.pdf_3081;Unused matrix cells are displayed empty.;F;0;1;0;0;0;0;0;0;0;0;0;0;0
3082;inventory-2.0.pdf_3082;Each matrix cell displays a category name.;F;0;1;0;0;0;0;0;0;0;0;0;0;0
3083;inventory-2.0.pdf_3083;For categories with subcategories, the category name is a hyperlink to the view of the subcategories.;F;0;1;0;0;0;0;0;0;0;0;0;0;0
3084;inventory-2.0.pdf_3084;For a Unique Item category, the category name is a hyperlink to a view of the items under that category.;F;0;1;0;0;0;0;0;0;0;0;0;0;0
3085;inventory-2.0.pdf_3085;For a Stock Item category, the category name is a hyperlink to a view of the details for that Stock Item, including the current quantity on hand.;F;0;1;0;0;0;0;0;0;0;0;0;0;0
3086;inventory-2.0.pdf_3086;For a Under $5 category the category name is not a hyperlink.;F;0;1;0;0;0;0;0;0;0;0;0;0;0
3087;inventory-2.0.pdf_3087;Categories are listed in alphabetical order in each row, from left to right and top to bottom.;F;0;1;0;0;0;0;0;0;0;0;0;0;0
3088;inventory-2.0.pdf_3088;Each cell in the matrix must indicate in some visual form that it contains subcategories.;F;0;1;0;0;0;0;0;0;0;0;0;0;0
3089;inventory-2.0.pdf_3089;The cell in the top left corner of the matrix always represents a generic item in the selected department (e.g. a generic appliance when viewing the categories in the appliance department) and is automatically generated by the system.;F;0;1;0;0;0;0;0;0;0;0;0;0;0
3090;inventory-2.0.pdf_3090;The cell to the right of the top left corner of the matrix always represents under $5 items in the selected department and is automatically generated by the system.;F;0;1;0;0;0;0;0;0;0;0;0;0;0
3091;inventory-2.0.pdf_3091;The screen should display all items for the selected department or category that match the selected filter criteria including attributes, features and/or detail fields;F;0;1;0;0;0;0;0;0;0;0;0;0;0
3092;inventory-2.0.pdf_3092;The Item number is a hyperlink to the detailed item view screen for that item allowing recategorization.;F;0;1;0;0;0;0;0;0;0;0;0;0;0
3093;inventory-2.0.pdf_3093;The list can be sorted by any table column.;F;0;1;0;0;0;0;0;0;0;0;0;0;0
3094;inventory-2.0.pdf_3094;Each level (department or category) in the breadcrumbs at the top of the page is a hyperlink to the inventory items view for that department or category.;F;0;1;0;0;0;0;0;0;0;0;0;0;0
3095;inventory-2.0.pdf_3095;The Add Item button is only present if user is a Manager, Director or Inventory Administrator;F;0;1;0;0;0;0;0;0;0;0;0;0;0
3096;inventory-2.0.pdf_3096;Fields are only editable if user is a Manager, Director or Inventory Administrator.;F;0;1;0;0;0;0;0;0;0;0;0;0;0
3097;inventory-2.0.pdf_3097;All fields are editable with the exception of the system generated item number.;F;0;1;0;0;0;0;0;0;0;0;0;0;0
3098;inventory-2.0.pdf_3098;The Cancel and Save buttons are only present if user is a Manager, Director or Inventory Administrator.;F;0;1;0;0;0;0;0;0;0;0;0;0;0
3099;inventory-2.0.pdf_3099;The Split Item link is only present if user is a Manager, Director or Inventory Administrator.;F;0;1;0;0;0;0;0;0;0;0;0;0;0
3100;inventory-2.0.pdf_3100;Additional fields could include: model #, eligible for commission, architectural salvage and URL links to similar items in retail stores such as Home Depot and Lowes.;F;0;1;0;0;0;0;0;0;0;0;0;0;0
3101;inventory-2.0.pdf_3101;The Department Name must be unique across the inventory.;F;0;1;0;0;0;0;0;0;0;0;0;0;0
3102;inventory-2.0.pdf_3102;The Department‟s Unique Tag must be unique across the inventory.;F;0;1;0;0;0;0;0;0;0;0;0;0;0
3103;inventory-2.0.pdf_3103;The POS Department Code must be at most 3 characters long.;F;0;1;0;0;0;0;0;0;0;0;0;0;0
3104;inventory-2.0.pdf_3104;The Unique Tag must be at most 18 characters long.;F;0;1;0;0;0;0;0;0;0;0;0;0;0
3105;inventory-2.0.pdf_3105;There must be at least one slot available in the Department matrix to hold the new Department.;F;0;1;0;0;0;0;0;0;0;0;0;0;0
3106;inventory-2.0.pdf_3106;A Department cannot be deleted if it contains categories and/or items.;NFR;1;0;0;0;0;0;0;0;0;0;0;0;0
3107;inventory-2.0.pdf_3107;The system must ask for confirmation before deleting a Department.;F;0;1;0;0;0;0;0;0;0;0;0;0;0
3108;inventory-2.0.pdf_3108;To start managing categories, the user needs to drill down to the department level. ;F;0;1;0;0;0;0;0;0;0;0;0;0;0
3109;inventory-2.0.pdf_3109;Buttons for adding and moving categories should exist at this level.;F;0;1;0;0;0;0;0;0;0;0;0;0;0
3110;inventory-2.0.pdf_3110;The Category Name must be unique across the inventory.;F;0;1;0;0;0;0;0;0;0;0;0;0;0
3111;inventory-2.0.pdf_3111;The Category‟s Unique Tag must be unique across the inventory.;F;0;1;0;0;0;0;0;0;0;0;0;0;0
3112;inventory-2.0.pdf_3112;The Unique Tag must be at most 18 characters long.;F;0;1;0;0;0;0;0;0;0;0;0;0;0
3113;inventory-2.0.pdf_3113;There must be at least one slot available in the Category matrix at the level the new Category will be created to hold the new Category.;F;0;1;0;0;0;0;0;0;0;0;0;0;0
3114;inventory-2.0.pdf_3114;The available options in the Material, Finish, Color and Features selectors should be the ones defined for the selected department (see Manage Attributes and Details).;F;0;1;0;0;0;0;0;0;0;0;0;0;0
3115;inventory-2.0.pdf_3115;The fields and available options under the Details section should be the ones defined for the selected category (see Manage Attributes and Details).;F;0;1;0;0;0;0;0;0;0;0;0;0;0
3116;inventory-2.0.pdf_3116;The system must ask for confirmation before deleting a category.;F;0;1;0;0;0;0;0;0;0;0;0;0;0
3117;inventory-2.0.pdf_3117;Additional fields could include: model # and URL links to similar items in retail stores such as Home Depot and Lowes.;F;0;1;0;0;0;0;0;0;0;0;0;0;0
3118;inventory-2.0.pdf_3118;The Categories to Move selector is populated with the categories seen on the matrix at the level where the Move Categories button was pressed.;F;0;1;0;0;0;0;0;0;0;0;0;0;0
3119;inventory-2.0.pdf_3119;User must select at least one Category to move.;F;0;1;0;0;0;0;0;0;0;0;0;0;0
3120;inventory-2.0.pdf_3120;User must select either an existing target Department or Category, or new target Category.;NFR;1;0;0;0;0;0;0;0;0;0;0;0;0
3121;inventory-2.0.pdf_3121;User cannot move categories to any Departments or Categories that don‟t have enough slots available in the matrix to hold the moved categories.;NFR;1;0;0;0;0;0;0;0;0;0;0;0;0
3122;inventory-2.0.pdf_3122;User cannot move categories to any of their subcategories (cannot create loops in the inventory hierarchy).;NFR;1;0;0;0;0;0;0;0;0;0;0;0;0
3123;inventory-2.0.pdf_3123;If a new target category is selected, User must enter Name, Unique Tag, Location of new category.;NFR;1;0;0;0;0;0;0;0;0;0;0;0;0
3124;inventory-2.0.pdf_3124;User cannot select a Stock Item, Under $5 Category or Generic Category as the target category;NFR;1;0;0;0;0;0;0;0;0;0;0;0;0
3125;inventory-2.0.pdf_3125;When a category is moved it keeps its assigned Item Details;NFR;1;0;0;0;0;0;0;0;0;0;0;0;0
3126;inventory-2.0.pdf_3126;When the option to merge the contents of the selected Categories is selected, the Item Details assigned to the selected Categories are combined and assigned to the target Department or Category.;F;0;1;0;0;0;0;0;0;0;0;0;0;0
3127;inventory-2.0.pdf_3127;Material and Features attributes can be assigned to any combination of departments.;F;0;1;0;0;0;0;0;0;0;0;0;0;0
3128;inventory-2.0.pdf_3128;Material and Features attributes can be assigned to „All‟ departments.;F;0;1;0;0;0;0;0;0;0;0;0;0;0
3129;inventory-2.0.pdf_3129;Color and Finish attributes can only be set to „All‟ departments.;NFR;1;0;0;0;0;0;0;0;0;0;0;0;0
3130;inventory-2.0.pdf_3130;An Attribute cannot be set simultaneously to „All‟ departments and to specific department(s).;F;0;1;0;0;0;0;0;0;0;0;0;0;0
3131;inventory-2.0.pdf_3131;Assigning an attribute to „All‟ departments disables the individual department selectors, but preserves the current department selections.;NFR;1;0;0;0;0;0;0;0;0;0;0;0;0
3132;inventory-2.0.pdf_3132;Un-assigning an attribute from the „All‟ departments enables the individual department selectors, restoring the previous department selections.;NFR;1;0;0;0;0;0;0;0;0;0;0;0;0
3133;inventory-2.0.pdf_3133;The Item Attribute Name must be unique across the inventory.;F;0;1;0;0;0;0;0;0;0;0;0;0;0
3134;inventory-2.0.pdf_3134;The De-Activate Attribute button is replaced with an Activate Attribute button when the attribute is inactive;NFR;1;0;0;0;0;0;0;0;0;0;0;0;0
3135;inventory-2.0.pdf_3135;The following fields are mandatory: Name.;F;0;1;0;0;0;0;0;0;0;0;0;0;0
3136;inventory-2.0.pdf_3136;Details can be assigned to any combination of departments and categories.;F;0;1;0;0;0;0;0;0;0;0;0;0;0
3137;inventory-2.0.pdf_3137;Details can be assigned to „All‟ departments and/or categories.;F;0;1;0;0;0;0;0;0;0;0;0;0;0
3138;inventory-2.0.pdf_3138;Assigning a detail to a department or category automatically assigns it to its subcategories and vice versa to its top level department.;NFR;1;0;0;0;0;0;0;0;0;0;0;0;0
3139;inventory-2.0.pdf_3139;If the Type is set to „Selection‟, then the selection list must contain at least one item.;F;0;1;0;0;0;0;0;0;0;0;0;0;0
3140;inventory-2.0.pdf_3140;The Item Detail Name must be unique across the inventory.;F;0;1;0;0;0;0;0;0;0;0;0;0;0
3141;inventory-2.0.pdf_3141;The De-Activate Detail button is replaced with an Activate Detail button when the detail is inactive.;NFR;1;0;0;0;0;0;0;0;0;0;0;0;0
3142;inventory-2.0.pdf_3142;The following fields are mandatory: 2.1. Name, 2.2. Type.;F;0;1;0;0;0;0;0;0;0;0;0;0;0
3143;inventory-2.0.pdf_3143;Users can access the Receive/Add Item from the Receive Acquisition screen when processing an acquisition, or from the View Inventory Items screen when browsing the inventory.;NFR;1;0;0;0;0;0;0;0;0;0;0;0;0
3144;inventory-2.0.pdf_3144;The Category field is a link to the inventory matrix view, which allows you to select a new category by drilling down to any existing category.;F;0;1;0;0;0;0;0;0;0;0;0;0;0
3145;inventory-2.0.pdf_3145;The available options in the Material, Finish, Color and Features selectors should be the ones defined for the selected department (see Manage Attributes and Details).;F;0;1;0;0;0;0;0;0;0;0;0;0;0
3146;inventory-2.0.pdf_3146;The fields and available options under the Details section should be the ones defined for the selected category (see Manage Attributes and Details).;F;0;1;0;0;0;0;0;0;0;0;0;0;0
3147;inventory-2.0.pdf_3147;For Stock Items, all fields are pre-set and disabled, and cannot be changed.;F;0;1;0;0;0;0;0;0;0;0;0;0;0
3148;inventory-2.0.pdf_3148;For Unique Items, all fields with values defined when the Unique Item category was created are preset and cannot be changed.;F;0;1;0;0;0;0;0;0;0;0;0;0;0
3149;inventory-2.0.pdf_3149;For unique and stock items, the system makes pricing recommendations to the user on the item entry screen (see Suggest Item Price);F;0;1;0;0;0;0;0;0;0;0;0;0;0
3150;inventory-2.0.pdf_3150;For unique items, user can accept the suggested price, enter a different one, or leave it blank.;NFR;1;0;0;0;0;0;0;0;0;0;0;0;0
3151;inventory-2.0.pdf_3151;For stock items, the price is pre-set and the user cannot change it.;NFR;1;0;0;0;0;0;0;0;0;0;0;0;0
3152;inventory-2.0.pdf_3152;The Add to Inventory button is not enabled for Pickup and Decon Associates.;F;0;1;0;0;0;0;0;0;0;0;0;0;0
3153;inventory-2.0.pdf_3153;Additional fields could include: model #, eligible for commission, architectural salvage and URL links to similar items in retail stores such as Home Depot and Lowes.;F;0;1;0;0;0;0;0;0;0;0;0;0;0
3154;inventory-2.0.pdf_3154;All users can access the View/Update Item from the View Inventory Items screen when browsing the inventory, and a Manager, Director or Inventory Administrator can update item properties.;NFR;1;0;0;0;0;0;0;0;0;0;0;0;0
3155;inventory-2.0.pdf_3155;All fields are editable with the exception of the system generated item number.;F;0;1;0;0;0;0;0;0;0;0;0;0;0
3156;inventory-2.0.pdf_3156;When building the split item list, at least two items must exist in the list, including the original item.;F;0;1;0;0;0;0;0;0;0;0;0;0;0
3157;inventory-2.0.pdf_3157;Clicking the Clone button on a row adds a new item row with the same item values as the original, except for the item number, which is left blank.;F;0;1;0;0;0;0;0;0;0;0;0;0;0
3158;inventory-2.0.pdf_3158;Clicking the Add Item button takes the user through the inventory matrix so that a category can be selected for the new item.;F;0;1;0;0;0;0;0;0;0;0;0;0;0
3159;inventory-2.0.pdf_3159; The user is then taken to the View/Update Item screen.;F;0;1;0;0;0;0;0;0;0;0;0;0;0
3160;inventory-2.0.pdf_3160;Clicking the category name for an item takes the user to the View/Update Item screen for that item.;F;0;1;0;0;0;0;0;0;0;0;0;0;0
3161;inventory-2.0.pdf_3161;Users should be able to filter acquisitions by: 2.1. Acquisition Number, 2.2. Donor and Primary Contact Name, 2.3. Type, 2.4. Primary Contact Phone Number, 2.5. Status.;F;0;1;0;0;0;0;0;0;0;0;0;0;0
3162;inventory-2.0.pdf_3162;User should be able to sort the acquisition list by any of its columns.;F;0;1;0;0;0;0;0;0;0;0;0;0;0
3163;inventory-2.0.pdf_3163;The default sorting is by descending order of acquisition End Date.;F;0;1;0;0;0;0;0;0;0;0;0;0;0
3164;inventory-2.0.pdf_3164;The New Drop Off button takes the user to the acquisition creation screen in CRM for easy access.;F;0;1;0;0;0;0;0;0;0;0;0;0;0
3165;inventory-2.0.pdf_3165;Condition is optional. If left blank, the donor may write it manually on the receipt.;F;0;1;0;0;0;0;0;0;0;0;0;0;0
3166;inventory-2.0.pdf_3166;The donation item name initially displayed on each item row is the donation item name in the CRM acquisition record.;F;0;1;0;0;0;0;0;0;0;0;0;0;0
3167;inventory-2.0.pdf_3167;Selecting a stock category takes you back to the acquisition screen , not to the items details page.;F;0;1;0;0;0;0;0;0;0;0;0;0;0
3168;inventory-2.0.pdf_3168;Selecting an under $5 category prompts for a description and also takes you back to the acquisition screen.;F;0;1;0;0;0;0;0;0;0;0;0;0;0
3169;inventory-2.0.pdf_3169;Clicking add item takes you directly to the inventory matrix so that the item category can be selected, then to the item details screen.;F;0;1;0;0;0;0;0;0;0;0;0;0;0
3170;inventory-2.0.pdf_3170;Date received is tracked on an item by item basis.;F;0;1;0;0;0;0;0;0;0;0;0;0;0
3171;inventory-2.0.pdf_3171;The Complete Acquisition button is disabled for Decon and Pickup Associates.;F;0;1;0;0;0;0;0;0;0;0;0;0;0
3172;inventory-2.0.pdf_3172;The Email Receipt button takes you to the Email Receipt screen.;F;0;1;0;0;0;0;0;0;0;0;0;0;0
3173;inventory-2.0.pdf_3173;The email receipt screen shows all email addresses associated with the Acquisition in CRM.;NFR;1;0;0;0;0;0;0;0;0;0;0;0;0
3174;inventory-2.0.pdf_3174;One or more can be select to receive the email receipt If no emails are available, they need to be added in CRM.;NFR;1;0;0;0;0;0;0;0;0;0;0;0;0
3175;inventory-2.0.pdf_3175;The system should support the following hardware interfaces: Touch screen monitors – To facilitate navigation of the categorized inventory when processing acquisitions and also for normal inventory maintenance tasks, Bar code readers – For scanning item labels and member cards, Zebra printers – For quick printing of item labels, Standard, color laser printers – For printing donation receipts, item signage and reports, Mobile devices.;F;0;1;0;0;0;0;0;0;0;0;0;0;0
3176;inventory-2.0.pdf_3176;The user interface implementation should strive to use cross-browser standards wherever possible and avoid any use of browser-specific features.;F;0;1;0;0;0;0;0;0;0;0;0;0;0
3177;inventory-2.0.pdf_3177;Constituent and sales history data from Construction Junction‟s QuickBooks POS system must be migrated to Salesforce.;F;0;1;0;0;0;0;0;0;0;0;0;0;0
3178;inventory-2.0.pdf_3178;As the Inventory Management System does not replace any existing legacy system, there is no inventory data to migrate.;F;0;1;0;0;0;0;0;0;0;0;0;0;0
3179;inventory-2.0.pdf_3179;Construction Junction has acquired CRM Fusion products including Demand Tools, People Import and Dupe Blocker to assist with these efforts.;F;0;1;0;0;0;0;0;0;0;0;0;0;0
3180;inventory-2.0.pdf_3180;As the Inventory Management System does not replace any existing legacy system, Construction Junction doesn‟t currently have documented procedures for disaster recovery, backups and business continuity for its inventory operations.;F;0;1;0;0;0;0;0;0;0;0;0;0;0
3181;inventory-2.0.pdf_3181;Appropriate procedures will need to be developed and documented for the chosen implementation platform. ;F;0;1;0;0;0;0;0;0;0;0;0;0;0
3182;inventory-2.0.pdf_3182;That should include: Backups - How will backups be done, what data the backups are to include, where the backup media will be stored, and for how long that media will be maintained, Disaster Recovery and Business Continuity Plan - How the system will be recovered, the timeframe for recovery, and the fallback procedures to allow business to continue including offline capabilities.;F;0;1;0;0;0;0;0;0;0;0;0;0;0
3183;inventory-2.0.pdf_3183;The system must be written using industry best practices, and must be built using only Construction Junction approved products and technologies.;F;0;1;0;0;0;0;0;0;0;0;0;0;0
3184;inventory-2.0.pdf_3184;The system must also be written in such a way that it can be supported by planned Construction Junction staffing levels.;F;0;1;0;0;0;0;0;0;0;0;0;0;0
3185;inventory-2.0.pdf_3185;The Inventory Management System will most likely utilize a variety of open source and commercial products in its development lifecycle. ;F;0;1;0;0;0;0;0;0;0;0;0;0;0
3186;inventory-2.0.pdf_3186;The Inventory Management System is not considered a derivative work of such products.;F;0;1;0;0;0;0;0;0;0;0;0;0;0
3187;philips.doc_3187;With the use of an existing Passport account the user can login to the messenger.;NFR;1;0;0;0;0;0;0;0;0;0;0;0;0
3188;philips.doc_3188;It is not possible to create a new Passport account.;NFR;1;0;0;0;0;0;0;0;0;0;0;0;0
3189;philips.doc_3189;Ability to change and maintain the status which is visible to the buddies. The application provides a list where the end-user can choose the new status.;NFR;1;0;0;0;0;0;0;0;0;0;0;0;0
3190;philips.doc_3190;The application will display the status of the end-users buddies.;NFR;1;0;0;0;0;0;0;0;0;0;0;0;0
3191;philips.doc_3191;When a buddy changes his status, the application shall update it.;NFR;1;0;0;0;0;0;0;0;0;0;0;0;0
3192;philips.doc_3192;The end-user is able to change the nickname with which the user is visible to the buddies.;NFR;1;0;0;0;0;0;0;0;0;0;0;0;0
3193;philips.doc_3193;Show the nicknames of the end-users buddies on the buddy list.;NFR;1;0;0;0;0;0;0;0;0;0;0;0;0
3194;philips.doc_3194;The application updates the displayed nick in the contact list when a buddy changes the nickname.;NFR;1;0;0;0;0;0;0;0;0;0;0;0;0
3195;philips.doc_3195;"The application provides the possibility to assign a nickname to a specified buddy; this nickname has preference above the nickname set by the buddy itself.";NFR;1;0;0;0;0;0;0;0;0;0;0;0;0
3196;philips.doc_3196;The application provides an option to add a buddy to the buddy list.;F;0;1;0;0;0;0;0;0;0;0;0;0;0
3197;philips.doc_3197;The application has an option to delete a buddy from the buddy list.;F;0;1;0;0;0;0;0;0;0;0;0;0;0
3198;philips.doc_3198;The application has an option to block certain buddies.;NFR;1;0;0;0;0;0;0;0;0;0;0;0;0
3199;philips.doc_3199;The application has a visible notification when an incoming message is received.;F;0;1;0;0;0;0;0;0;0;0;0;0;0
3200;philips.doc_3200;Show incoming messages on the screen.;F;0;1;0;0;0;0;0;0;0;0;0;0;0
3201;philips.doc_3201;Possibility to create a message and send it to a buddy.;F;0;1;0;0;0;0;0;0;0;0;0;0;0
3202;philips.doc_3202;Show emoticons in incoming and outgoing messages.;F;0;1;0;0;0;0;0;0;0;0;0;0;0
3203;philips.doc_3203;Display a list of emoticons to choose from when the user wants to include an emoticon in the message he is writing.;NFR;1;0;0;0;0;0;0;0;0;0;0;0;0
3204;philips.doc_3204;Show the history of messages sent and received in the current chat session.;NFR;1;0;0;0;0;0;0;0;0;0;0;0;0
3205;philips.doc_3205;Chat with multiple buddies together.;F;0;1;0;0;0;0;0;0;0;0;0;0;0
3206;philips.doc_3206;Ability to request the TV program / channel to which the end-users online buddy is watching at the moment.;NFR;1;0;0;0;0;0;0;0;0;0;0;0;0
3207;philips.doc_3207;Show a notification when there is new e-mail at the users hotmail inbox.;NFR;1;0;0;0;0;0;0;0;0;0;0;0;0
3208;philips.doc_3208;Display the inbox of the users Hotmail account;F;0;1;0;0;0;0;0;0;0;0;0;0;0
3209;philips.doc_3209;Show e-mails from the users Hotmail account on the screen.;F;0;1;0;0;0;0;0;0;0;0;0;0;0
3210;philips.doc_3210;Play games with online buddies.;F;0;1;0;0;0;0;0;0;0;0;0;0;0
3211;philips.doc_3211;Input device: Remote control and maybe a wireless keyboard.;F;0;1;0;0;0;0;0;0;0;0;0;0;0
3212;philips.doc_3212;Output device: TV screen.;F;0;1;0;0;0;0;0;0;0;0;0;0;0
3213;philips.doc_3213;The used protocol for communication is the .NET messenger service protocol. ;F;0;1;0;0;0;0;0;0;0;0;0;0;0
3214;philips.doc_3214;The used version of this protocol will be MSNPv8 which is the standard protocol at this moment.;F;0;1;0;0;0;0;0;0;0;0;0;0;0
3215;clarus high.doc_3215;The Clarus system shall collect, quality control, and disseminate environmental data.;F;0;1;0;0;0;0;0;0;0;0;0;0;0
3216;clarus high.doc_3216;The Clarus system shall be able to access in-situ environmental observations from data collectors.;F;0;1;0;0;0;0;0;0;0;0;0;0;0
3217;clarus high.doc_3217;Access to data may be conditional based on data sharing agreements to be reached with individual data collector organizations.;F;0;1;0;0;0;0;0;0;0;0;0;0;0
3218;clarus high.doc_3218;The Clarus system shall be able to access remotely sensed environmental observations from data collectors.;F;0;1;0;0;0;0;0;0;0;0;0;0;0
3219;clarus high.doc_3219;The Clarus system shall calculate derived environmental data from observations.;F;0;1;0;0;0;0;0;0;0;0;0;0;0
3220;clarus high.doc_3220;The Clarus system shall be able to receive roadway weather measurements derived from VII data.;F;0;1;0;0;0;0;0;0;0;0;0;0;0
3221;clarus high.doc_3221;The Clarus system shall allow access to new surface transportation related observed environmental data.;F;0;1;0;0;0;0;0;0;0;0;0;0;0
3222;clarus high.doc_3222;Clarus system shall accept surface condition data derived from surface images.;F;0;1;0;0;0;0;0;0;0;0;0;0;0
3223;clarus high.doc_3223;Access could only be provided when new data sources are established and available.;F;0;1;0;0;0;0;0;0;0;0;0;0;0
3224;clarus high.doc_3224;The Clarus system shall accept atmospheric condition data derived from atmospheric images.Task Force review;F;0;1;0;0;0;0;0;0;0;0;0;0;0
3225;clarus high.doc_3225;The Clarus system shall minimize the time for data acquisition.;F;0;1;0;0;0;0;0;0;0;0;0;0;0
3226;clarus high.doc_3226;The Clarus system shall process data as they are received.;F;0;1;0;0;0;0;0;0;0;0;0;0;0
3227;clarus high.doc_3227;The Clarus system shall collect pavement-related observations.;F;0;1;0;0;0;0;0;0;0;0;0;0;0
3228;clarus high.doc_3228;The Clarus system shall accept environmental data from railway systems or in situ ESS along tracks.;F;0;1;0;0;0;0;0;0;0;0;0;0;0
3229;clarus high.doc_3229;The Clarus system shall accept environmental data from railroad vehicles.;F;0;1;0;0;0;0;0;0;0;0;0;0;0
3230;clarus high.doc_3230;The Clarus system shall accept environmental data from (roadway) vehicles.;F;0;1;0;0;0;0;0;0;0;0;0;0;0
3231;clarus high.doc_3231;The Clarus system shall accept environmental data from maintenance and construction vehicles.;F;0;1;0;0;0;0;0;0;0;0;0;0;0
3232;clarus high.doc_3232;The Clarus system shall accept environmental data from service patrol vehicles.;F;0;1;0;0;0;0;0;0;0;0;0;0;0
3233;clarus high.doc_3233;The Clarus system shall accept environmental data from transit vehicles.;F;0;1;0;0;0;0;0;0;0;0;0;0;0
3234;clarus high.doc_3234;The Clarus system shall accept environmental data from emergency vehicles.;F;0;1;0;0;0;0;0;0;0;0;0;0;0
3235;clarus high.doc_3235;The Clarus system shall be able to receive weather data from weather service providers.;F;0;1;0;0;0;0;0;0;0;0;0;0;0
3236;clarus high.doc_3236;The Clarus system shall implement continuous quality control processes.;F;0;1;0;0;0;0;0;0;0;0;0;0;0
3237;clarus high.doc_3237;The Clarus system shall provide environmental data quality flags.;F;0;1;0;0;0;0;0;0;0;0;0;0;0
3238;clarus high.doc_3238;The Clarus system shall provide notification of data quality conditions to data collectors.;F;0;1;0;0;0;0;0;0;0;0;0;0;0
3239;clarus high.doc_3239;The Clarus system shall not modify original observations.;F;0;1;0;0;0;0;0;0;0;0;0;0;0
3240;clarus high.doc_3240;The Clarus system shall apply appropriate quality checks based on the completeness of received sensor station metadata.;F;0;1;0;0;0;0;0;0;0;0;0;0;0
3241;clarus high.doc_3241;The Clarus system shall allow human intervention to override automatically applied quality assessment.;F;0;1;0;0;0;0;0;0;0;0;0;0;0
3242;clarus high.doc_3242;The Clarus system shall record the methods applied when deriving quality control information.;F;0;1;0;0;0;0;0;0;0;0;0;0;0
3243;clarus high.doc_3243;The Clarus system shall be able to implement quality control rules for each environmental parameter.;F;0;1;0;0;0;0;0;0;0;0;0;0;0
3244;clarus high.doc_3244;The Clarus system shall be able to implement quality control rules for specific environmental situations.;F;0;1;0;0;0;0;0;0;0;0;0;0;0
3245;clarus high.doc_3245;The Clarus system shall be able to implement quality control rules specific to observation locations.;F;0;1;0;0;0;0;0;0;0;0;0;0;0
3246;clarus high.doc_3246;The Clarus system shall be able to base its quality control process on values from multiple observations.;F;0;1;0;0;0;0;0;0;0;0;0;0;0
3247;clarus high.doc_3247;The Clarus system shall be able to base its quality control process on historical environmental data.;F;0;1;0;0;0;0;0;0;0;0;0;0;0
3248;clarus high.doc_3248;The Clarus system shall be able to use multiple algorithms for its quality control process.;F;0;1;0;0;0;0;0;0;0;0;0;0;0
3249;clarus high.doc_3249;The Clarus system shall be able to detect data submission errors.;F;0;1;0;0;0;0;0;0;0;0;0;0;0
3250;clarus high.doc_3250;The Clarus system shall be able to provide sensor equipment data in response to a request.;F;0;1;0;0;0;0;0;0;0;0;0;0;0
3251;clarus high.doc_3251;The Clarus system shall minimize the time for data dissemination.;F;0;1;0;0;0;0;0;0;0;0;0;0;0
3252;clarus high.doc_3252;The Clarus system shall be able to disseminate data based on spatial queries.;F;0;1;0;0;0;0;0;0;0;0;0;0;0
3253;clarus high.doc_3253;The Clarus system shall maintain a dynamic library of data for at least seven days.;F;0;1;0;0;0;0;0;0;0;0;0;0;0
3254;clarus high.doc_3254;The Clarus program shall alert users to system modifications.;F;0;1;0;0;0;0;0;0;0;0;0;0;0
3255;clarus high.doc_3255;The Clarus system shall not require approval to request environmental data.;F;0;1;0;0;0;0;0;0;0;0;0;0;0
3256;clarus high.doc_3256;The Clarus system shall enable system administrators to manage security groups.;NFR;1;0;0;0;0;0;0;0;0;0;0;0;0
3257;clarus high.doc_3257;The Clarus system shall be able to restrict environmental data publication based on source.;NFR;1;0;0;0;0;0;0;0;0;0;0;0;0
3258;clarus high.doc_3258;The Clarus system shall record statistics about its operation.;F;0;1;0;0;0;0;0;0;0;0;0;0;0
3259;clarus high.doc_3259;The Clarus system shall log data transactions.;NFR;1;0;0;0;0;0;0;0;0;0;0;0;0
3260;clarus high.doc_3260;The Clarus system baseline data types shall be defined by the NTCIP ESS 1204 standard for data collection.;F;0;1;0;0;0;0;0;0;0;0;0;0;0
3261;clarus high.doc_3261;The Clarus system data definitions shall be consistent with the ITE TM 1.03 standard, Functional Level Traffic Management Data Dictionary (TMDD).;F;0;1;0;0;0;0;0;0;0;0;0;0;0
3262;clarus high.doc_3262;The Clarus system shall acquire, process, and disseminate atmospheric data.;F;0;1;0;0;0;0;0;0;0;0;0;0;0
3263;clarus high.doc_3263;The Clarus system shall acquire, process, and disseminate surface data.;F;0;1;0;0;0;0;0;0;0;0;0;0;0
3264;clarus high.doc_3264;The Clarus system shall acquire, process, and disseminate hydrologic data.;F;0;1;0;0;0;0;0;0;0;0;0;0;0
3265;clarus high.doc_3265;The Clarus system shall acquire, process, and disseminate atmospheric metadata.;F;0;1;0;0;0;0;0;0;0;0;0;0;0
3266;clarus high.doc_3266;The Clarus system shall acquire, process, and disseminate surface metadata.;F;0;1;0;0;0;0;0;0;0;0;0;0;0
3267;clarus high.doc_3267;The Clarus system shall acquire, process, and disseminate hydrologic metadata.;F;0;1;0;0;0;0;0;0;0;0;0;0;0
3268;clarus high.doc_3268;The Clarus system shall accept only observations that include location, timeframe, and source metadata.;F;0;1;0;0;0;0;0;0;0;0;0;0;0
3269;clarus high.doc_3269;The Clarus system shall accept only observations of known measurement types and units.;F;0;1;0;0;0;0;0;0;0;0;0;0;0
3270;clarus high.doc_3270;The Clarus system shall acquire, process, and disseminate environmental sensor station metadata.;F;0;1;0;0;0;0;0;0;0;0;0;0;0
3271;clarus high.doc_3271;The Clarus system shall be able to acquire, process, and disseminate environmental data from across North America.;F;0;1;0;0;0;0;0;0;0;0;0;0;0
3272;clarus high.doc_3272;The Clarus system shall accept data through a Clarus standard interface.;F;0;1;0;0;0;0;0;0;0;0;0;0;0
3273;clarus high.doc_3273;The Clarus system shall be able to communicate with environmental sensor stations using the NTCIP ESS 1204 standard for data collection.;F;0;1;0;0;0;0;0;0;0;0;0;0;0
3274;clarus high.doc_3274;The Clarus system shall be able to communicate with RWIS databases through their native interfaces.;F;0;1;0;0;0;0;0;0;0;0;0;0;0
3275;clarus high.doc_3275;The Clarus system shall be able to communicate with an individual ESS through its native interface.;F;0;1;0;0;0;0;0;0;0;0;0;0;0
3276;clarus high.doc_3276;The Clarus system shall be able to collect environmental data that are manually entered.;F;0;1;0;0;0;0;0;0;0;0;0;0;0
3277;clarus high.doc_3277;The Clarus system shall transfer data as efficiently as possible.;F;0;1;0;0;0;0;0;0;0;0;0;0;0
3278;clarus high.doc_3278;The Clarus system shall employ industry standards to minimize implementation impact to users and providers.;F;0;1;0;0;0;0;0;0;0;0;0;0;0
3279;clarus high.doc_3279;The Clarus system shall allow service providers to select specific desired data sets.;F;0;1;0;0;0;0;0;0;0;0;0;0;0
3280;clarus high.doc_3280;The Clarus system shall respond to queries for environmental data from the available data.;F;0;1;0;0;0;0;0;0;0;0;0;0;0
3281;clarus high.doc_3281;The Clarus system shall enable environmental data queries by timestamp.;F;0;1;0;0;0;0;0;0;0;0;0;0;0
3282;clarus high.doc_3282;The Clarus system shall enable environmental data queries by location reference.;F;0;1;0;0;0;0;0;0;0;0;0;0;0
3283;clarus high.doc_3283;The Clarus system shall enable environmental data queries by quality.;F;0;1;0;0;0;0;0;0;0;0;0;0;0
3284;clarus high.doc_3284;The Clarus system shall enable environmental data queries by source.;F;0;1;0;0;0;0;0;0;0;0;0;0;0
3285;clarus high.doc_3285;The Clarus system shall provide a user interface for system administration.;F;0;1;0;0;0;0;0;0;0;0;0;0;0
3286;clarus high.doc_3286;The Clarus system shall manage system user privileges according to the Clarus data sharing agreements.MHIA “user” in this context is anyone who directly touches the system (for example, a collector providing data or a service provider retrieving data).;NFR;1;0;0;0;0;0;0;0;0;0;0;0;0
3287;clarus high.doc_3287;The Clarus system shall be able to be hosted at one or more physical locations.;F;0;1;0;0;0;0;0;0;0;0;0;0;0
3288;clarus high.doc_3288;The Clarus system shall use hardware that implements industry accepted standard interfaces.;F;0;1;0;0;0;0;0;0;0;0;0;0;0
3289;clarus high.doc_3289;The Clarus system shall use software that implements industry accepted standard interfaces.;F;0;1;0;0;0;0;0;0;0;0;0;0;0
3290;clarus high.doc_3290;The Clarus system shall be able to operate on redundant hardware.;F;0;1;0;0;0;0;0;0;0;0;0;0;0
3291;clarus high.doc_3291;The Clarus system shall disseminate data in response to a scheduled request.;F;0;1;0;0;0;0;0;0;0;0;0;0;0
3292;clarus high.doc_3292;The Clarus system shall disseminate data in response to polling.;F;0;1;0;0;0;0;0;0;0;0;0;0;0
3293;clarus high.doc_3293;The Clarus system shall disseminate data in response to a change notification request.;F;0;1;0;0;0;0;0;0;0;0;0;0;0
3294;clarus high.doc_3294;The Clarus system shall be able to notify subscribers when data sets become available.;F;0;1;0;0;0;0;0;0;0;0;0;0;0
3295;clarus high.doc_3295;The Clarus system shall disseminate data using standard Internet protocols.;F;0;1;0;0;0;0;0;0;0;0;0;0;0
3296;clarus high.doc_3296;The Clarus system shall support modular components.;F;0;1;0;0;0;0;0;0;0;0;0;0;0
3297;clarus high.doc_3297;The Clarus system shall be able to use latitude, longitude, and elevation (standard GPS) coordinates to specify location to the nearest fifty feet.;F;0;1;0;0;0;0;0;0;0;0;0;0;0
3298;clarus high.doc_3298;The Clarus system shall use Coordinated Universal Time (UTC) for all timestamps.;F;0;1;0;0;0;0;0;0;0;0;0;0;0
3299;clarus high.doc_3299;The Clarus system shall have a minimum of one system administrator.;NFR;1;0;0;0;0;0;0;0;0;0;0;0;0
3300;clarus high.doc_3300;The Clarus system shall be able to mitigate communication denial-of-service attacks.;NFR;1;0;0;0;0;0;0;0;0;0;0;0;0
3301;clarus high.doc_3301;The Clarus system shall be able to automatically recover from an unexpected shutdown.;F;0;1;0;0;0;0;0;0;0;0;0;0;0
3302;clarus high.doc_3302;The Clarus system shall be able to respond to 95% of all requests for environmental data 95% of the time.;F;0;1;0;0;0;0;0;0;0;0;0;0;0
3303;clarus high.doc_3303;The Clarus system shall be able to publish environmental data at three times the volume rate that it collects it.;F;0;1;0;0;0;0;0;0;0;0;0;0;0
3304;clarus high.doc_3304;The Clarus system shall be able to prioritize data handling for time-critical data.;F;0;1;0;0;0;0;0;0;0;0;0;0;0
3305;clarus high.doc_3305;The Clarus system shall support 470 million current observations.;F;0;1;0;0;0;0;0;0;0;0;0;0;0
3306;clarus high.doc_3306;The Clarus system shall be able to collect data from sources within 5 minutes of them becoming available.;F;0;1;0;0;0;0;0;0;0;0;0;0;0
3307;clarus high.doc_3307;The Clarus system shall be able to receive all reported environmental data during a fifteen minute time interval.;F;0;1;0;0;0;0;0;0;0;0;0;0;0
3308;clarus high.doc_3308;The Clarus system shall be able to complete an automated quality control check of environmental data within ten seconds of data receipt.;F;0;1;0;0;0;0;0;0;0;0;0;0;0
3309;clarus high.doc_3309;The Clarus system shall be able to publish new data within twenty minutes of data receipt.;F;0;1;0;0;0;0;0;0;0;0;0;0;0
3310;clarus high.doc_3310;The Clarus system shall respond to a request for information within one minute.;F;0;1;0;0;0;0;0;0;0;0;0;0;0
3311;clarus high.doc_3311;The Clarus system shall be able to handle three hundred simultaneous requests for environmental element data.;F;0;1;0;0;0;0;0;0;0;0;0;0;0
3312;clarus high.doc_3312;The Clarus system shall be able to support six hundred concurrent users.;F;0;1;0;0;0;0;0;0;0;0;0;0;0
3313;clarus high.doc_3313;An estimate of the number of concurrent potential users of the Clarus system: one tenth of the registered users at any one time.;F;0;1;0;0;0;0;0;0;0;0;0;0;0
3314;clarus high.doc_3314;The Clarus system shall be able to support six thousand registered users.;F;0;1;0;0;0;0;0;0;0;0;0;0;0
3315;clarus high.doc_3315;The Clarus system shall accept data only from approved sources.;F;0;1;0;0;0;0;0;0;0;0;0;0;0
3316;clarus high.doc_3316;The Clarus program shall establish data sharing agreements with all participating sources of environmental data.;F;0;1;0;0;0;0;0;0;0;0;0;0;0
3317;clarus high.doc_3317;The Clarus program shall maintain continuous 24x7 operations.;F;0;1;0;0;0;0;0;0;0;0;0;0;0
3318;clarus high.doc_3318;The Clarus program shall provide an environment that has uninterruptible power for the Clarus system.;F;0;1;0;0;0;0;0;0;0;0;0;0;0
3319;clarus high.doc_3319;The Clarus program shall provide an environment that has redundant communication for the Clarus system.;F;0;1;0;0;0;0;0;0;0;0;0;0;0
3320;clarus high.doc_3320;The Clarus program shall provide network management tools.;F;0;1;0;0;0;0;0;0;0;0;0;0;0
3321;clarus high.doc_3321;The Clarus program shall provide setup support.;F;0;1;0;0;0;0;0;0;0;0;0;0;0
3322;clarus high.doc_3322;The Clarus program shall provide for customer service.;F;0;1;0;0;0;0;0;0;0;0;0;0;0
3323;clarus high.doc_3323;The Clarus program shall provide a trained support staff.;F;0;1;0;0;0;0;0;0;0;0;0;0;0
3324;clarus high.doc_3324;The Clarus program shall define data quality assurance methods and criteria.;NFR;1;0;0;0;0;0;0;0;0;0;0;0;0
3325;clarus high.doc_3325;The Clarus program shall define quality control rules for environmental observations.;F;0;1;0;0;0;0;0;0;0;0;0;0;0
3326;clarus high.doc_3326;The Clarus program shall define data retention standards.;F;0;1;0;0;0;0;0;0;0;0;0;0;0
3327;clarus high.doc_3327;The Clarus program shall provide documentation of Clarus standards.;F;0;1;0;0;0;0;0;0;0;0;0;0;0
3328;clarus high.doc_3328;That is, the Clarus program needs to provide documentation of whatever standards it creates for its own development, deployment, management, and operations.;F;0;1;0;0;0;0;0;0;0;0;0;0;0
3329;clarus high.doc_3329;The Clarus program standards shall accommodate contributions of new sensor technologies to the Clarus system.;F;0;1;0;0;0;0;0;0;0;0;0;0;0
3330;clarus high.doc_3330;The Clarus program standards shall support multiple methods of data delivery to users.;F;0;1;0;0;0;0;0;0;0;0;0;0;0
3331;clarus high.doc_3331;The Clarus program shall maintain a comprehensive Clarus system test environment.;F;0;1;0;0;0;0;0;0;0;0;0;0;0
3332;clarus high.doc_3332;The Clarus program shall test all software changes in the designated test environment before deployment to production.;F;0;1;0;0;0;0;0;0;0;0;0;0;0
3333;clarus high.doc_3333;The Clarus program shall test all hardware changes in the designated test environment before deployment to production.;F;0;1;0;0;0;0;0;0;0;0;0;0;0
3334;clarus high.doc_3334;The Clarus program shall operate the Clarus system according to its published IT Security Plan.;NFR;1;0;0;0;0;0;0;0;0;0;0;0;0
3335;clarus high.doc_3335;The Clarus program shall operate according to Government IT security requirements as outlined in OMB Circular A-130, Management of Federal Information Resources, Appendix III, Security of Federal Automated Information Resources.;F;0;1;0;0;0;0;0;0;0;0;0;0;0
3336;clarus high.doc_3336;The Clarus program shall operate according to Government IT security requirements as outlined in the National Institute of Standards and Technology (NIST) Guidelines, Departmental Information Resource Management Manual, and associated guidelines.;NFR;1;0;0;0;0;0;0;0;0;0;0;0;0
3337;clarus high.doc_3337;The Clarus program shall operate according to Government IT security requirements as outlined in DOT Order 1630.2B, Personnel Security Management.;NFR;1;0;0;0;0;0;0;0;0;0;0;0;0
3338;clarus high.doc_3338;Weather service providers shall be able to use Clarus data to provide localized special weather products.;F;0;1;0;0;0;0;0;0;0;0;0;0;0
3339;clarus high.doc_3339;Public agency maintenance and construction personnel shall be able to use the Clarus system to obtain environmental conditions.;NFR;1;0;0;0;0;0;0;0;0;0;0;0;0
3340;clarus high.doc_3340;Rail system personnel shall be able to use the Clarus system to obtain environmental conditions.;NFR;1;0;0;0;0;0;0;0;0;0;0;0;0
3341;clarus high.doc_3341;Traffic management personnel shall be able to use the Clarus system to obtain environmental conditions.;NFR;1;0;0;0;0;0;0;0;0;0;0;0;0
3342;clarus high.doc_3342;Transit personnel shall be able to use the Clarus system to obtain environmental conditions.;F;0;1;0;0;0;0;0;0;0;0;0;0;0
3343;clarus high.doc_3343;The freight community shall be able to use the Clarus system to obtain environmental conditions.;F;0;1;0;0;0;0;0;0;0;0;0;0;0
3344;clarus high.doc_3344;Emergency management and public safety personnel shall be able to use the Clarus system to obtain environmental conditions.;NFR;1;0;0;0;0;0;0;0;0;0;0;0;0
3345;clarus high.doc_3345;The Clarus program shall maintain information about data providers.;F;0;1;0;0;0;0;0;0;0;0;0;0;0
3346;clarus high.doc_3346;The Clarus program shall maintain metadata about each data provider's network.;F;0;1;0;0;0;0;0;0;0;0;0;0;0
3347;clarus high.doc_3347;The Clarus program shall maintain information about data provider redistribution restrictions.;F;0;1;0;0;0;0;0;0;0;0;0;0;0
3348;clarus high.doc_3348;The Clarus program shall maintain information about service providers.;F;0;1;0;0;0;0;0;0;0;0;0;0;0
3349;clarus high.doc_3349;The Clarus program shall maintain information about service provider communications.;F;0;1;0;0;0;0;0;0;0;0;0;0;0
3350;clarus high.doc_3350;The Clarus program shall maintain information about service provider access to data.;NFR;1;0;0;0;0;0;0;0;0;0;0;0;0
3351;clarus high.doc_3351;The Clarus program shall allow potential weather element data providers to request permission to submit weather information.;F;0;1;0;0;0;0;0;0;0;0;0;0;0
3352;library.pdf_3352;System runs on a fully relational, SQL-based database system. Ability to run SQL queries against any table in the database. ;F;0;1;0;0;0;0;0;0;0;0;0;0;0
3353;library.pdf_3353;Ability to access database as an ODBC source.;F;0;1;0;0;0;0;0;0;0;0;0;0;0
3354;library.pdf_3354;All data tables and data storage are fully accessible.;F;0;1;0;0;0;0;0;0;0;0;0;0;0
3355;library.pdf_3355;"The system provides real-time processing. For example: pull lists are up to date at time of viewing or printing; system supports live shelf reading and weeding.";F;0;1;0;0;0;0;0;0;0;0;0;0;0
3356;library.pdf_3356;Ability for multiple staff members and patrons to simultaneously access and update patron and item records, including on staff check-in and check-out terminals, on self check-out stations, through SIP2/NCIP2 and similar protocols and APIs, and in OPAC. ;F;0;1;0;0;0;0;0;0;0;0;0;0;0
3357;library.pdf_3357;"Depending on assigned privileges, staff can view all patron and item fields; patrons can access only selected fields.";NFR;1;0;0;0;0;0;0;0;0;0;0;0;0
3358;library.pdf_3358;Record changes are applied in a reasonable way, with prompts to warn when a record has been changed since it was displayed.;NFR;1;0;0;0;0;0;0;0;0;0;0;0;0
3359;library.pdf_3359;"Support for individual and shared staff login accounts; access to modules is granted by use of ""roles"" or ""privileges"" that allow each account to access as many (or as few) modules as needed. Individual logins allow user-level preferences and audit trail.";NFR;1;0;0;0;0;0;0;0;0;0;0;0;0
3360;library.pdf_3360;System documentation is library-specific and follows standard formats for technical documentation. ;F;0;1;0;0;0;0;0;0;0;0;0;0;0
3361;library.pdf_3361;Documentation is specific to the particular version of the software in use at library.;F;0;1;0;0;0;0;0;0;0;0;0;0;0
3362;library.pdf_3362;Documentation is web-based, indexed, organized by function, and easily searchable.;F;0;1;0;0;0;0;0;0;0;0;0;0;0
3363;library.pdf_3363;System provides full access to all log files. Log files can be reviewed without stopping system. Logs can be enabled, disabled, and set to a specific retention threshold.;NFR;1;0;0;0;0;0;0;0;0;0;0;0;0
3364;library.pdf_3364;System supports creation of custom dashboards that display current and historical data about system performance, record creation and modification, circulation transactions, etc. ;F;0;1;0;0;0;0;0;0;0;0;0;0;0
3365;library.pdf_3365;Administrators can create dashboards and give access to selected users and groups.;NFR;1;0;0;0;0;0;0;0;0;0;0;0;0
3366;library.pdf_3366;System provides full support for SNMP and supports monitoring of system resources, including disk space, CPU load, memory load, system processes, system interfaces and ports. ;NFR;1;0;0;0;0;0;0;0;0;0;0;0;0
3367;library.pdf_3367;Alert thresholds are configurable. Alerts can be sent via administrative dashboards, email messages, and text messages.;F;0;1;0;0;0;0;0;0;0;0;0;0;0
3368;library.pdf_3368;Alerts can be sent to unlimited number of recipients via any or all alert methods.;F;0;1;0;0;0;0;0;0;0;0;0;0;0
3369;library.pdf_3369;Ability to set thresholds on the length of time records are locked and provide, for all record types, a list of records in sustained use/locked condition. ;NFR;1;0;0;0;0;0;0;0;0;0;0;0;0
3370;library.pdf_3370;Ability from the same console to unlock one or more records.;NFR;1;0;0;0;0;0;0;0;0;0;0;0;0
3371;library.pdf_3371;System provides dashboard of performance monitoring and management tools. ;F;0;1;0;0;0;0;0;0;0;0;0;0;0
3372;library.pdf_3372;Identification of processes with process ID, owner username, IP address (if applicable), CPU utilization, memory utilization, run time. Runaway processes are identified.;NFR;1;0;0;0;0;0;0;0;0;0;0;0;0
3373;library.pdf_3373;System status is represented by visual indicators (e.g. green and red lights).;F;0;1;0;0;0;0;0;0;0;0;0;0;0
3374;library.pdf_3374;System provides a server management console including: software shutdown utility, software startup utility, server shutdown utility, server restart utility. ;F;0;1;0;0;0;0;0;0;0;0;0;0;0
3375;library.pdf_3375;"System provides an administrative dashboard displaying: last full and incremental backup; last planned and unplanned system reboot; last software upgrade; current software version; transactions waiting to be processed; size of log-files; current count of records by record type (item, bibliographic, patron etc), database utilization (size, processes running).";NFR;1;0;0;0;0;0;0;0;0;0;0;0;0
3376;library.pdf_3376;"System provides a management console displaying workstations running client software; workstation name and IP address; and utilities for managing and killing client sessions.";F;0;1;0;0;0;0;0;0;0;0;0;0;0
3377;library.pdf_3377;System provides a circulation dashboard showing key performace indicators such as check-outs per hour, check-ins per hour, holds placed per hour, holds paged per day, etc.;F;0;1;0;0;0;0;0;0;0;0;0;0;0
3378;library.pdf_3378;Indicators can be limited to a single branch or set to systemwide.;F;0;1;0;0;0;0;0;0;0;0;0;0;0
3379;library.pdf_3379;System provides a single console with access to all configuration files.;F;0;1;0;0;0;0;0;0;0;0;0;0;0
3380;library.pdf_3380;Read and write permission to individual configuration files can be assigned to users and groups.;NFR;1;0;0;0;0;0;0;0;0;0;0;0;0
3381;library.pdf_3381;System provides a single interface for reviewing and controlling scheduled tasks, including staff-scheduled tasks, automated reports, scheduled imports and exports, software updates, etc.;F;0;1;0;0;0;0;0;0;0;0;0;0;0
3382;library.pdf_3382;Ability to access and edit email configuration, including a quick menu of common settings (such as masquerading, log retention, bounce management).;F;0;1;0;0;0;0;0;0;0;0;0;0;0
3383;library.pdf_3383;System supports restrictions based on business rules, e.g. restrictions on deleting item records that are in checked-out status, or restrictions on deleting bibliographic records with existing holds.;NFR;1;0;0;0;0;0;0;0;0;0;0;0;0
3384;library.pdf_3384;System provides customizable 'Rules of Suppression' that specify whether patrons and staff can view authority, bibliographic, order, and item records in staff and public (OPAC) interfaces. ;NFR;1;0;0;0;0;0;0;0;0;0;0;0;0
3385;library.pdf_3385;"Records may be visible to specific workgroups only; to all staff and patrons at specific locations; or to all staff and all patrons. (See REQ-5057 for related requirements on loan rules, and REQ-5190 for related requirements on holdability.)";F;0;1;0;0;0;0;0;0;0;0;0;0;0
3386;library.pdf_3386;System allows creation and modification of requesting rules that determine whether a patron can place a hold on an item. ;NFR;1;0;0;0;0;0;0;0;0;0;0;0;0
3387;library.pdf_3387;Requesting rules may evaluate patron type, current number of holds, current patron account balance, item type, item status, owning location code, and other criteria.;F;0;1;0;0;0;0;0;0;0;0;0;0;0
3388;library.pdf_3388;For example, requesting rules may prohibit patrons from placing holds on on-order CD titles, but allow patrons to place holds on other on-order titles.;F;0;1;0;0;0;0;0;0;0;0;0;0;0
3389;library.pdf_3389;Requesting rules also specify whether staff with specific privileges or roles can override specific criteria. (See REQ-5057 re loan rules, REQ-5278 re visibility.);F;0;1;0;0;0;0;0;0;0;0;0;0;0
3390;library.pdf_3390;System allows creation and modification of loan rules that allow or disallow check-out of items, calculate loan periods, and determine renewal limits. ;NFR;1;0;0;0;0;0;0;0;0;0;0;0;0
3391;library.pdf_3391;Loan rules may evaluate patron type, current number of items checked out, current patron account balance, item type, item status, owning location code, check-out location code, and other criteria.;F;0;1;0;0;0;0;0;0;0;0;0;0;0
3392;library.pdf_3392;For example, loan rules may prohibit patrons from checking out items with an unavailable status, e.g. an item with a triggered hold for another patron or an item that is already checked out to another patron.;NFR;1;0;0;0;0;0;0;0;0;0;0;0;0
3393;library.pdf_3393;Loan rules can access check-out location open/closed schedule in calculating due date. ;F;0;1;0;0;0;0;0;0;0;0;0;0;0
3394;library.pdf_3394;Loan rules also specify whether a specific criteria may be overridden by staff with specific privileges or roles. (Also see REQ-5190 re requesting rules.);F;0;1;0;0;0;0;0;0;0;0;0;0;0
3395;library.pdf_3395;System provides capability to perform live incremental and full backups of data and transaction logs. ;F;0;1;0;0;0;0;0;0;0;0;0;0;0
3396;library.pdf_3396;System supports use of third-party backup software such as EMC NetWorker.;F;0;1;0;0;0;0;0;0;0;0;0;0;0
3397;library.pdf_3397;"System logs data changes (such as record deletions) and provides ""undo"" functionality. Ideally, system provides revision control.";NFR;1;0;0;0;0;0;0;0;0;0;0;0;0
3398;library.pdf_3398;Ability to cluster servers for failover capability.;F;0;1;0;0;0;0;0;0;0;0;0;0;0
3399;library.pdf_3399;System administrative staff has full visibility and control of user privileges.;NFR;1;0;0;0;0;0;0;0;0;0;0;0;0
3400;library.pdf_3400;System supports secure protocols, including SFTP, SSL, and SSH. ;NFR;1;0;0;0;0;0;0;0;0;0;0;0;0
3401;library.pdf_3401;SFTP is supported in both active and passive modes, configurable per vendor.;F;0;1;0;0;0;0;0;0;0;0;0;0;0
3402;library.pdf_3402;MARC bibliographic and authority records can be imported and exported, singly and in batch, all fields or selected fields, to and from vendors including OCLC. ;F;0;1;0;0;0;0;0;0;0;0;0;0;0
3403;library.pdf_3403;Imported records can overlay existing short or full bibliographic records.;F;0;1;0;0;0;0;0;0;0;0;0;0;0
3404;library.pdf_3404;Imported batches can be maintained and manipulated as selection lists (see REQ-3004).;F;0;1;0;0;0;0;0;0;0;0;0;0;0
3405;library.pdf_3405;System supports an unlimited number of record sets, with the ability to import and export set members in batch. ;F;0;1;0;0;0;0;0;0;0;0;0;0;0
3406;library.pdf_3406;"Record sets can be the basis for batch field updates; can be used as a limiting scope for queries; can be used to delete original records with the ability to review prior to deletion, write errors to a log file, and undo one or more deletions.";F;0;1;0;0;0;0;0;0;0;0;0;0;0
3407;library.pdf_3407;System provides a dedicated interface for creating new staff accounts. ;NFR;1;0;0;0;0;0;0;0;0;0;0;0;0
3408;library.pdf_3408;"New staff account creation process provides configurable templates for account administrator use; provides granular privileges for account creation, modification, and deletion.";NFR;1;0;0;0;0;0;0;0;0;0;0;0;0
3409;library.pdf_3409;"System provides a dedicated interface for creating new patron accounts. Patron account creation process provides configurable templates for staff use; supports field validation and required fields; provides configurable defaults.";F;0;1;0;0;0;0;0;0;0;0;0;0;0
3410;library.pdf_3410;"System supports scheduling of maintenance tasks, reports, and data exports. Jobs can be scheduled in sequence (""start job B when job A finishes"") and can be modified or cancelled at any time prior to starting.";NFR;1;0;0;0;0;0;0;0;0;0;0;0;0
3411;library.pdf_3411;Staff can be given permission to schedule tasks, reports, and data exports. ;NFR;1;0;0;0;0;0;0;0;0;0;0;0;0
3412;library.pdf_3412;System administration staff can view and manage jobs scheduled by other staff.;NFR;1;0;0;0;0;0;0;0;0;0;0;0;0
3413;library.pdf_3413;System supports administrator-programmable and user-programmable macros and/or keyboard shortcuts.  ;F;0;1;0;0;0;0;0;0;0;0;0;0;0
3414;library.pdf_3414;Shortcut keys may be assigned to macros (e.g. 'Insert Field') or to text strings.;F;0;1;0;0;0;0;0;0;0;0;0;0;0
3415;library.pdf_3415;Macros are centrally managed on server, can be imported from and exported to individual users, and can be restricted for use and/or editting through centrally- managed permissions.;NFR;1;0;0;0;0;0;0;0;0;0;0;0;0
3416;library.pdf_3416;"Staff and group accounts are independent from workstations; client install should not be tied to a specific location.";NFR;1;0;0;0;0;0;0;0;0;0;0;0;0
3417;library.pdf_3417;Client software installation and updates must be centrally managed, using standard or proprietary network management tools, allowing streaming updates from server. ;F;0;1;0;0;0;0;0;0;0;0;0;0;0
3418;library.pdf_3418;Ability to specify specific clients to be updated.;NFR;1;0;0;0;0;0;0;0;0;0;0;0;0
3419;library.pdf_3419;Client software can be managed with VNC and Remote Desktop.;F;0;1;0;0;0;0;0;0;0;0;0;0;0
3420;library.pdf_3420;Ability to fully customize layout and appearance of reports. ;F;0;1;0;0;0;0;0;0;0;0;0;0;0
3421;library.pdf_3421;Ability to display, print, email, or save report to standard formats including CSV and Excel, as well as to customizable formats.;F;0;1;0;0;0;0;0;0;0;0;0;0;0
3422;library.pdf_3422;System provides a user-friendly interface for designing queries against all record types. ;F;0;1;0;0;0;0;0;0;0;0;0;0;0
3423;library.pdf_3423;"Staff can select fields to query; select values from picklist of possible values; select regular expressions from drop-down menu, and use a full range of Boolean operators.";NFR;1;0;0;0;0;0;0;0;0;0;0;0;0
3424;library.pdf_3424;Administrators control staff access to tables and fields.;NFR;1;0;0;0;0;0;0;0;0;0;0;0;0
3425;library.pdf_3425;System administrators can create report templates that are available to front-line staff, and can be run as is or modified to the staff person's particular needs.;NFR;1;0;0;0;0;0;0;0;0;0;0;0;0
3426;library.pdf_3426;System provides fine-grained permissions to allow or disallow staff to run specific reports, and/or to run ad hoc reports on specific sets of data.;NFR;1;0;0;0;0;0;0;0;0;0;0;0;0
3427;library.pdf_3427;System reports for each record type: current record number, current number of records, number deleted, and number purged. ;NFR;1;0;0;0;0;0;0;0;0;0;0;0;0
3428;library.pdf_3428;Record types include patron, bibliographic, item, order, invoice, etc. ;F;0;1;0;0;0;0;0;0;0;0;0;0;0
3429;library.pdf_3429;Access to record numbers is controlled at the user/group level.;NFR;1;0;0;0;0;0;0;0;0;0;0;0;0
3430;library.pdf_3430;Ability to define and select four types of printers: receipt printer, standard printer, label printer, and forms printer. ;F;0;1;0;0;0;0;0;0;0;0;0;0;0
3431;library.pdf_3431;All Windows printers are supported.;F;0;1;0;0;0;0;0;0;0;0;0;0;0
3432;library.pdf_3432;Ability to print to a file on the server, ftp , email, or printer from any part of the application. ;F;0;1;0;0;0;0;0;0;0;0;0;0;0
3433;library.pdf_3433;When applicable, the ability to select record fields and control order of fields when printing.;F;0;1;0;0;0;0;0;0;0;0;0;0;0
3434;peazip.pdf_3434;Installation of no other application is required, for PeaZip to manage this function. ;F;0;1;0;0;0;0;0;0;0;0;0;0;0
3435;peazip.pdf_3435;The only functional requirement is: REQ-1: Operating system on the computer system.;F;0;1;0;0;0;0;0;0;0;0;0;0;0
3436;peazip.pdf_3436;Functional requirements of this feature are exactly the same as the ones of System Feature 1.;F;0;1;0;0;0;0;0;0;0;0;0;0;0
3437;peazip.pdf_3437;For PeaZip’s installation and use, requirements are almost zero. ;F;0;1;0;0;0;0;0;0;0;0;0;0;0
3438;peazip.pdf_3438;It can run on any computer system, regardless of the type of operating system used.;F;0;1;0;0;0;0;0;0;0;0;0;0;0
3439;peazip.pdf_3439;The only thing PeaZip requires, as far as hardware is concerned, is an x-86 compatible CPU, due to some performance critical sections written in ASM.;F;0;1;0;0;0;0;0;0;0;0;0;0;0
3440;peazip.pdf_3440;PeaZip is compatible with: All 64-bit versions of Microsoft Windows, All 32-bit Microsoft Windows(95/98/ΝΤ/2000/ΧP/Vista), All POSIX(all versions of Linux/all versions of BSD/all UNIX-like operating systems).;F;0;1;0;0;0;0;0;0;0;0;0;0;0
3441;peazip.pdf_3441;Moreover, PeaZip is available as source code that is compatible with almost any operating system. ;F;0;1;0;0;0;0;0;0;0;0;0;0;0
3442;peazip.pdf_3442;It is obvious, that PeaZip is independent from the operating system of the computer system on which it runs.;F;0;1;0;0;0;0;0;0;0;0;0;0;0
3443;peazip.pdf_3443;To conclude, all needed software invoked by the frontend is included in PeaZip packages (available under suitable licenses, as open source or royalty free) so no custom package is needed to be installed to make PeaZip work (with the possible exception of some standard gtk/gdk related libraries needed to run PeaZip, Gwrap and Pea binaries, which may be missing in some computer systems, but are well known, trustable and widely available).;F;0;1;0;0;0;0;0;0;0;0;0;0;0
3444;peazip.pdf_3444;PeaZip is not a web application, thus its installation and use does not require any communication interfaces’ feature. ;F;0;1;0;0;0;0;0;0;0;0;0;0;0
3445;peazip.pdf_3445;However, connection to the Internet would be considered useful for users, as, through it, they would be able to access on-line help and information about PeaZip.;F;0;1;0;0;0;0;0;0;0;0;0;0;0
3446;peazip.pdf_3446;This application should function even in cases of wrong data insertion or wrong settings. In case of error it should provide users with appropriate help messages.;F;0;1;0;0;0;0;0;0;0;0;0;0;0
3447;peazip.pdf_3447;Extraction (this feature is described in previous chapters) of the content of encrypted(locked) archives through PeaZip, shouldn’t be allowed without inserting the correct password and (if existing) keyfile for authentication. ;NFR;1;0;0;0;0;0;0;0;0;0;0;0;0
3448;peazip.pdf_3448;Moreover, recovering the password and the keyfile that one PeaZip user has inserted or set to an archive(this feature is described in previous chapters)by any other user of the computer system or the application, through the application itself or in general the computer system.;F;0;1;0;0;0;0;0;0;0;0;0;0;0
3449;peazip.pdf_3449;Finally, no data remains from data that have been selected to be securely deleted should be left in the storing area of the computer system after the end of the procedure of secure deletion (described in previous chapter), in case of selection of this feature.;NFR;1;0;0;0;0;0;0;0;0;0;0;0;0
3450;peazip.pdf_3450;Any user should be able to use PeaZip without any specific knowledge or experience over using computer systems, by reading user manuals(help documents, requirements specification document, mini tutorials) and seeing messages and warnings that the application provides with.;F;0;1;0;0;0;0;0;0;0;0;0;0;0
3451;gparted.pdf_3451;This is the first screen of the program that the user sees, and the part where most of the operations take place.;F;0;1;0;0;0;0;0;0;0;0;0;0;0
3452;gparted.pdf_3452;On the top, there is the menu bar with each option (GParted, Edit, View, Device, Partition) corresponding to a set of actions you can perform on a disk. ;F;0;1;0;0;0;0;0;0;0;0;0;0;0
3453;gparted.pdf_3453;Under that, is a bar which contains the most common functions of the program.;F;0;1;0;0;0;0;0;0;0;0;0;0;0
3454;gparted.pdf_3454;Then the selected drive’s partitions are presented in both graphical and detailed mode.;F;0;1;0;0;0;0;0;0;0;0;0;0;0
3455;gparted.pdf_3455;Every time you try to edit in any way, any partition, a confirmation dialog appears which warns about the potential of data loss. You can either click Cancel or Apply.;NFR;1;0;0;0;0;0;0;0;0;0;0;0;0
3456;gparted.pdf_3456;You can copy a partition, and then paste it on another existing one, whether it is formatted or not. ;F;0;1;0;0;0;0;0;0;0;0;0;0;0
3457;gparted.pdf_3457;This of course leads to loss of data.;F;0;1;0;0;0;0;0;0;0;0;0;0;0
3458;gparted.pdf_3458;If that’s fine, click OK on the warning window that is being displayed.;F;0;1;0;0;0;0;0;0;0;0;0;0;0
3459;gparted.pdf_3459;You can exit GParted at any time you wish, by clicking on Exit on the upper left corner of the desktop. ;F;0;1;0;0;0;0;0;0;0;0;0;0;0
3460;gparted.pdf_3460;You can select Reboot, Shutdown, or Logout. Make your choice and click OK.;NFR;1;0;0;0;0;0;0;0;0;0;0;0;0
3461;gparted.pdf_3461;For the GParted Live to run, you will need a PC (regardless of its operating system, it can be Windows or Linux) or Mac, with or without an operating system. ;F;0;1;0;0;0;0;0;0;0;0;0;0;0
3462;gparted.pdf_3462;Since it is not a resource hungry program, it will run on most systems without a problem.;F;0;1;0;0;0;0;0;0;0;0;0;0;0
3463;gparted.pdf_3463;A CD/DVD drive is necessary for the application to boot, or at least one USB port if you plan to use the USB version of GParted Live.;F;0;1;0;0;0;0;0;0;0;0;0;0;0
3464;gparted.pdf_3464;Lastly, a functional standard keyboard and mouse is required.;F;0;1;0;0;0;0;0;0;0;0;0;0;0
3465;gparted.pdf_3465;Supported device types: • Hard disks, • USB Flash drives, • External hard drives (USB – eSATA enclosures etc.), • IDE, SATA, RAID controllers and attached devices.;F;0;1;0;0;0;0;0;0;0;0;0;0;0
3466;gparted.pdf_3466;As it has already been stated, GParted Live runs on every system, so it doesn’t need any specific software from the user’s side.;F;0;1;0;0;0;0;0;0;0;0;0;0;0
3467;gparted.pdf_3467;However, GParted depends on some libraries and tools for its function.;F;0;1;0;0;0;0;0;0;0;0;0;0;0
3468;gparted.pdf_3468;These packages are already pre‐included in the .iso image file you downloaded from GParted’s website. Please refer to 2.7 for more details on that matter.;F;0;1;0;0;0;0;0;0;0;0;0;0;0
3469;gparted.pdf_3469;Before booting with GParted Live, you have to download the image file and then burn it to a cd. ;F;0;1;0;0;0;0;0;0;0;0;0;0;0
3470;gparted.pdf_3470;So, you need a cd/dvd burning suite compatible with your operating system.;F;0;1;0;0;0;0;0;0;0;0;0;0;0
3471;gparted.pdf_3471;Although network or Internet communication is not obvious, it is available. ;F;0;1;0;0;0;0;0;0;0;0;0;0;0
3472;gparted.pdf_3472;You can configure your network adapter to work with GParted by typing in the Terminal: dhclient eth0. ;F;0;1;0;0;0;0;0;0;0;0;0;0;0
3473;gparted.pdf_3473;You can also use the ifconfig and route commands.;F;0;1;0;0;0;0;0;0;0;0;0;0;0
3474;gparted.pdf_3474;Please remember to edit /etc/resolve.conf accordingly. ;F;0;1;0;0;0;0;0;0;0;0;0;0;0
3475;gparted.pdf_3475;This enables you to update and add new packages to GParted.;F;0;1;0;0;0;0;0;0;0;0;0;0;0
3476;gparted.pdf_3476;apt‐get update and apt‐get install <package name> are the corresponding commands.;F;0;1;0;0;0;0;0;0;0;0;0;0;0
3477;gparted.pdf_3477;As it has already been mentioned, GParted is not a resource hog and will run on almost every computer. ;F;0;1;0;0;0;0;0;0;0;0;0;0;0
3478;gparted.pdf_3478;Its functions and features are not computationally intensive.;F;0;1;0;0;0;0;0;0;0;0;0;0;0
3479;gparted.pdf_3479;It does not require a powerful processor or graphics card, much RAM, or disk space, for both the install and Live version, and the program loads and runs fairly quick. ;F;0;1;0;0;0;0;0;0;0;0;0;0;0
3480;gparted.pdf_3480;The only real requirement is a CD/DVD drive or a USB port that is working properly.;F;0;1;0;0;0;0;0;0;0;0;0;0;0
3481;gparted.pdf_3481;As it is stated with many warnings in the program, data loss is a serious possibility, if you are not careful, backup your data and/or use the program with extreme caution. ;F;0;1;0;0;0;0;0;0;0;0;0;0;0
3482;gparted.pdf_3482;It is obvious that when you deal with partition changes, you could lose all your data by human or application error. GParted comes with absolute no warranty and cannot be made responsible for any loss of data.;F;0;1;0;0;0;0;0;0;0;0;0;0;0
3483;gparted.pdf_3483;GParted Live does not deal with any security or privacy issues, as it does not run from within an operating system. ;NFR;1;0;0;0;0;0;0;0;0;0;0;0;0
3484;gparted.pdf_3484;Every user has administrator rights and full access which are given from the start of the program, as you are logged in as root.;NFR;1;0;0;0;0;0;0;0;0;0;0;0;0
3485;gparted.pdf_3485;The application provides a quite friendly user interface with its operations accessible from the menu bar and the main toolbar. ;F;0;1;0;0;0;0;0;0;0;0;0;0;0
3486;gparted.pdf_3486;An average or casual user should not find any problem using the program to perform at least its main functions.;F;0;1;0;0;0;0;0;0;0;0;0;0;0
3487;gparted.pdf_3487;Interoperability is guaranteed since this program runs on both Mac and PC (Linux, Windows or other operating system).;F;0;1;0;0;0;0;0;0;0;0;0;0;0
3488;gparted.pdf_3488;GParted is free software.;F;0;1;0;0;0;0;0;0;0;0;0;0;0
3489;gparted.pdf_3489;You have the freedom to run, copy, distribute, study, change, and improve GParted. You do not have to pay money to use GParted.;NFR;1;0;0;0;0;0;0;0;0;0;0;0;0
3490;gparted.pdf_3490;GParted is distributed under the GNU General Public License version 2 or (at your option) any later version.;F;0;1;0;0;0;0;0;0;0;0;0;0;0
3491;mashboot.pdf_3491;The input is generated automatically by the Mashbot system using settings configurable by the System Administrator. ;F;0;1;0;0;0;0;0;0;0;0;0;0;0
3492;mashboot.pdf_3492;The output is in the form of an e-mail to an e-mail account, but it does not return any sort of message to Mashbot. ;F;0;1;0;0;0;0;0;0;0;0;0;0;0
3493;mashboot.pdf_3493;The format uses SMTP protocol.  ;F;0;1;0;0;0;0;0;0;0;0;0;0;0
3494;mashboot.pdf_3494;The actual messages are provided by Mashbot.;F;0;1;0;0;0;0;0;0;0;0;0;0;0
3495;mashboot.pdf_3495;User Account Types and Permissions The system categorizes users on the basis of roles and privileges. ;NFR;1;0;0;0;0;0;0;0;0;0;0;0;0
3496;mashboot.pdf_3496;Within these roles, the system also categorizes users based on the roles that they have within individual products.;NFR;1;0;0;0;0;0;0;0;0;0;0;0;0
3497;mashboot.pdf_3497;These are referred to as user account roles.;NFR;1;0;0;0;0;0;0;0;0;0;0;0;0
3498;mashboot.pdf_3498;Mashbot Campaigns supports the following account roles: Contributor, Approver, Publisher.;NFR;1;0;0;0;0;0;0;0;0;0;0;0;0
3499;mashboot.pdf_3499;A user may possess more than one role. ;NFR;1;0;0;0;0;0;0;0;0;0;0;0;0
3500;mashboot.pdf_3500;Roles reflect actions that can be performed by a user. ;F;0;1;0;0;0;0;0;0;0;0;0;0;0
3501;mashboot.pdf_3501;Roles can be assigned to a user account for individual products.;F;0;1;0;0;0;0;0;0;0;0;0;0;0
3502;mashboot.pdf_3502;Contributors may create new content, import existing content into the system, edit content, and delete it. They may also submit these actions for approval. ;NFR;1;0;0;0;0;0;0;0;0;0;0;0;0
3503;mashboot.pdf_3503;Approvers can approve actions performed by contributors.;NFR;1;0;0;0;0;0;0;0;0;0;0;0;0
3504;mashboot.pdf_3504;Publishers may schedule or immediately initiate actions put forth by contributors and those approved by approvers.;NFR;1;0;0;0;0;0;0;0;0;0;0;0;0
3505;mashboot.pdf_3505;The system may contain any number of user accounts. ;NFR;1;0;0;0;0;0;0;0;0;0;0;0;0
3506;mashboot.pdf_3506;Certain pieces of information are required to create new accounts. ;NFR;1;0;0;0;0;0;0;0;0;0;0;0;0
3507;mashboot.pdf_3507;The following information is required for any new user account: Username, Password, Name, Email Address, Membership, User Account Type.;NFR;1;0;0;0;0;0;0;0;0;0;0;0;0
3508;mashboot.pdf_3508;User Account Modification The system allows users to modify their accounts once created.;NFR;1;0;0;0;0;0;0;0;0;0;0;0;0
3509;mashboot.pdf_3509;The system requires that a user have logged in before modifications can be made. ;NFR;1;0;0;0;0;0;0;0;0;0;0;0;0
3510;mashboot.pdf_3510;The following user account information is modifiable by all user types: Password, Email Address Priority, Name.;NFR;1;0;0;0;0;0;0;0;0;0;0;0;0
3511;mashboot.pdf_3511;The system allows user accounts to be deactivated. ;NFR;1;0;0;0;0;0;0;0;0;0;0;0;0
3512;mashboot.pdf_3512;The system denies user who have been deactivated from accessing the system.;NFR;1;0;0;0;0;0;0;0;0;0;0;0;0
3513;mashboot.pdf_3513;If an account has any history associated with it, it can only be deactivated and not deleted. ;NFR;1;0;0;0;0;0;0;0;0;0;0;0;0
3514;mashboot.pdf_3514;If an account has no history associated with it, it can be deleted from the system. ;NFR;1;0;0;0;0;0;0;0;0;0;0;0;0
3515;mashboot.pdf_3515;A disable account can be undisabled.;NFR;1;0;0;0;0;0;0;0;0;0;0;0;0
3516;mashboot.pdf_3516;It is possible to disable all accounts except for the System Administrator account. ;NFR;1;0;0;0;0;0;0;0;0;0;0;0;0
3517;mashboot.pdf_3517;The system gives users the ability to reset their password. Priority 2 0460 Individual passwords can be reset. ;NFR;1;0;0;0;0;0;0;0;0;0;0;0;0
3518;mashboot.pdf_3518;The system only allows users to change their own passwords. ;NFR;1;0;0;0;0;0;0;0;0;0;0;0;0
3519;mashboot.pdf_3519;A campaign has the following components: Name, Pieces of content, Schedule, User/Group Perrmissions.;F;0;1;0;0;0;0;0;0;0;0;0;0;0
3520;mashboot.pdf_3520;A schedule is a mapping of times to publishing actions. It may contain any actions a publisher can perform, and these actions are performed at the associated time. ;F;0;1;0;0;0;0;0;0;0;0;0;0;0
3521;mashboot.pdf_3521;A piece of content may take the following forms: Text, Image. Audio, Video.;F;0;1;0;0;0;0;0;0;0;0;0;0;0
3522;mashboot.pdf_3522;Mashbot will allow for the association of Mashbot accounts with external service accounts.;F;0;1;0;0;0;0;0;0;0;0;0;0;0
3523;mashboot.pdf_3523;Mashbot will provide an interface for authenticating a user account to an external service account;NFR;1;0;0;0;0;0;0;0;0;0;0;0;0
3524;mashboot.pdf_3524;Mashbot will provide a standardized method of interacting with external service accounts.;F;0;1;0;0;0;0;0;0;0;0;0;0;0
3525;mashboot.pdf_3525;The system encrypts data over a direct connection between the web client and the server. Priority 1;F;0;1;0;0;0;0;0;0;0;0;0;0;0
3526;mashboot.pdf_3526;The system allows for the backup of the data system to local or remote non-volatile storage systems. Incremental backups should not create outages and full backups do not interfere with user interaction for more than 10 minutes. Priority 1;F;0;1;0;0;0;0;0;0;0;0;0;0;0
3527;mashboot.pdf_3527;The system is configurable to e-mail warnings about multiple failed login attempts from the same user.  ;NFR;1;0;0;0;0;0;0;0;0;0;0;0;0
3528;mashboot.pdf_3528;These warnings are sent to the System Administrator.;NFR;1;0;0;0;0;0;0;0;0;0;0;0;0
3529;mashboot.pdf_3529;Other security risks of this type are the responsibility of the System Administrator.;NFR;1;0;0;0;0;0;0;0;0;0;0;0;0
3530;mashboot.pdf_3530;The system allows only valid users to log into the system. ;NFR;1;0;0;0;0;0;0;0;0;0;0;0;0
3531;mashboot.pdf_3531;A valid user is one which has not been disabled or deleted and exists on the system.;NFR;1;0;0;0;0;0;0;0;0;0;0;0;0
3532;mashboot.pdf_3532;To log onto the system, a user provides their valid username and password.;NFR;1;0;0;0;0;0;0;0;0;0;0;0;0
3533;mashboot.pdf_3533;The system uses the configured authentication module. ;NFR;1;0;0;0;0;0;0;0;0;0;0;0;0
3534;mashboot.pdf_3534;The authentication method is configurable by the System Administrator.;NFR;1;0;0;0;0;0;0;0;0;0;0;0;0
3535;mashboot.pdf_3535;The system allows the System Administrator to configure a timeout after which a user is automatically logged out of Mashbot. ;NFR;1;0;0;0;0;0;0;0;0;0;0;0;0
3536;mashboot.pdf_3536;A user should be able to register a new account .;NFR;1;0;0;0;0;0;0;0;0;0;0;0;0
3537;mashboot.pdf_3537;A user should be able to log in.;NFR;1;0;0;0;0;0;0;0;0;0;0;0;0
3538;mashboot.pdf_3538;A member should be able to log out.;NFR;1;0;0;0;0;0;0;0;0;0;0;0;0
3539;mashboot.pdf_3539;A member should have a profile.;F;0;1;0;0;0;0;0;0;0;0;0;0;0
3540;mashboot.pdf_3540;A member should be able to modify their profile.;NFR;1;0;0;0;0;0;0;0;0;0;0;0;0
3541;mashboot.pdf_3541;A user’s email should be verified when registering a new account. ;NFR;1;0;0;0;0;0;0;0;0;0;0;0;0
3542;mashboot.pdf_3542;An admin should be able to modify accounts.;NFR;1;0;0;0;0;0;0;0;0;0;0;0;0
3543;mashboot.pdf_3543;An admin should be able to suspend accounts;NFR;1;0;0;0;0;0;0;0;0;0;0;0;0
3544;mashboot.pdf_3544;An admin should be able to delete accounts;NFR;1;0;0;0;0;0;0;0;0;0;0;0;0
3545;mashboot.pdf_3545;A member should be able to monitor trending topics regarding their campaign.;NFR;1;0;0;0;0;0;0;0;0;0;0;0;0
3546;mashboot.pdf_3546;A member should be able to monitor facebook groups related to campaigns.;NFR;1;0;0;0;0;0;0;0;0;0;0;0;0
3547;mashboot.pdf_3547;A member should be able to view @replies to tweets related to their campaigns. ;NFR;1;0;0;0;0;0;0;0;0;0;0;0;0
3548;mashboot.pdf_3548;A member should be able to see responses to blog posts related to the campaign. ;NFR;1;0;0;0;0;0;0;0;0;0;0;0;0
3549;mashboot.pdf_3549;An admin should be able to perform user account actions in bulk.;NFR;1;0;0;0;0;0;0;0;0;0;0;0;0
3550;mashboot.pdf_3550;An admin should be able to see all campaigns.;NFR;1;0;0;0;0;0;0;0;0;0;0;0;0
3551;mashboot.pdf_3551;An admin should be able to delete any campaign.;NFR;1;0;0;0;0;0;0;0;0;0;0;0;0
3552;mashboot.pdf_3552;An admin should be able to edit all campaigns.;NFR;1;0;0;0;0;0;0;0;0;0;0;0;0
3553;mashboot.pdf_3553;Mashbot campaigns! campaigns should allow multiple users to collaborate on a campaign. ;F;0;1;0;0;0;0;0;0;0;0;0;0;0
3554;mashboot.pdf_3554;Mashbot campaigns! should support multiple users.;F;0;1;0;0;0;0;0;0;0;0;0;0;0
3555;mashboot.pdf_3555;A member should be able to store authentication for supported services.;NFR;1;0;0;0;0;0;0;0;0;0;0;0;0
3556;mashboot.pdf_3556;A member should be able to add additional services to an existing campaign.;NFR;1;0;0;0;0;0;0;0;0;0;0;0;0
3557;mashboot.pdf_3557;A member should be able to delete individual campaign elements.;NFR;1;0;0;0;0;0;0;0;0;0;0;0;0
3558;mashboot.pdf_3558;Members should have hierarchical permissions.;F;0;1;0;0;0;0;0;0;0;0;0;0;0
3559;mashboot.pdf_3559;A campaign should have workflow approval process.;F;0;1;0;0;0;0;0;0;0;0;0;0;0
3560;mashboot.pdf_3560;A member should be able to ”unpublish” a campaign.;NFR;1;0;0;0;0;0;0;0;0;0;0;0;0
3561;mashboot.pdf_3561;A member should be able to delete a campaign.;NFR;1;0;0;0;0;0;0;0;0;0;0;0;0
3562;mashboot.pdf_3562;A member should be able to schedule events in bulk.;NFR;1;0;0;0;0;0;0;0;0;0;0;0;0
3563;mashboot.pdf_3563;A member should be able to schedule ”live dates” for individual events.;NFR;1;0;0;0;0;0;0;0;0;0;0;0;0
3564;mashboot.pdf_3564;A member should be able to delete existing content from supported services.;NFR;1;0;0;0;0;0;0;0;0;0;0;0;0
3565;mashboot.pdf_3565;A member should be able to see the content they have published in all supported services.;NFR;1;0;0;0;0;0;0;0;0;0;0;0;0
3566;mashboot.pdf_3566;A member should be able to push to Facebook in a campaign.;NFR;1;0;0;0;0;0;0;0;0;0;0;0;0
3567;mashboot.pdf_3567;A member should be able to post to a blog in a campaign.;NFR;1;0;0;0;0;0;0;0;0;0;0;0;0
3568;mashboot.pdf_3568;A member should be able to post to Twitter in a campaign.;NFR;1;0;0;0;0;0;0;0;0;0;0;0;0
3569;mashboot.pdf_3569;A member should be able to create a new campaign.;NFR;1;0;0;0;0;0;0;0;0;0;0;0;0
3570;mashboot.pdf_3570;A member should get notified when activity occurs in a campaign they’re working on.;F;0;1;0;0;0;0;0;0;0;0;0;0;0
3571;split merge.pdf_3571;The user can split only once document at a time.;NFR;1;0;0;0;0;0;0;0;0;0;0;0;0
3572;split merge.pdf_3572;The compression of the output files requires pdf version 1.5 or above.;F;0;1;0;0;0;0;0;0;0;0;0;0;0
3573;split merge.pdf_3573;The number of digits that can be used for the unique [FILENUMBER] prefix must be 10 or less.;F;0;1;0;0;0;0;0;0;0;0;0;0;0
3574;split merge.pdf_3574;pages number in the page selection must be comprehended.;F;0;1;0;0;0;0;0;0;0;0;0;0;0
3575;split merge.pdf_3575;The compression of the output files requires pdf version 1.5 or above.;F;0;1;0;0;0;0;0;0;0;0;0;0;0
3576;split merge.pdf_3576;The user can mix only 2 documents at a time (not more or less).;F;0;1;0;0;0;0;0;0;0;0;0;0;0
3577;split merge.pdf_3577;The user can manipulate only 1 document at a time (not more).;NFR;1;0;0;0;0;0;0;0;0;0;0;0;0
3578;split merge.pdf_3578;Operation system on the computer system.;F;0;1;0;0;0;0;0;0;0;0;0;0;0
3579;split merge.pdf_3579;Log level must not be OFF (in the Settings panel) in order to work this function.;F;0;1;0;0;0;0;0;0;0;0;0;0;0
3580;split merge.pdf_3580;Restart PDFsam application to be the changes applied.;F;0;1;0;0;0;0;0;0;0;0;0;0;0
3581;split merge.pdf_3581;PDFsam is compatible with every system supports a JRE and pdf files. ;F;0;1;0;0;0;0;0;0;0;0;0;0;0
3582;split merge.pdf_3582;That means that is independent from the operating system of the computer system on which it runs.;F;0;1;0;0;0;0;0;0;0;0;0;0;0
3583;split merge.pdf_3583;PDFsam runs on every platform where a Java Virtual Machine is available (requires a JVM version 1.6 or higher). ;F;0;1;0;0;0;0;0;0;0;0;0;0;0
3584;split merge.pdf_3584;It has been tested on various versions of Microsoft Windows, GNU/Linux distributions and Mac OS X.;F;0;1;0;0;0;0;0;0;0;0;0;0;0
3585;split merge.pdf_3585;PDFsam is not a web application, so the network communication is only necessary to check for software updates.;F;0;1;0;0;0;0;0;0;0;0;0;0;0
3586;split merge.pdf_3586;Furthermore, the system can check for updates whenever is requested by the user, or automatically when opening the application.;NFR;1;0;0;0;0;0;0;0;0;0;0;0;0
3587;split merge.pdf_3587;In this way PDFsam will be always up-to-date with all new supported features and bug fixes.;F;0;1;0;0;0;0;0;0;0;0;0;0;0
3588;split merge.pdf_3588;The application must ensure that it leaves untouched the input pdf files. No modification is allowed to these files.;NFR;1;0;0;0;0;0;0;0;0;0;0;0;0
3589;split merge.pdf_3589;Moreover, the application should function even in cases of wrong data insertion or wrong settings. In case of error it should provide users with appropriate help messages.;F;0;1;0;0;0;0;0;0;0;0;0;0;0
3590;split merge.pdf_3590;PDFsam does not introduce any security level, since the data it manages is not critical.;NFR;1;0;0;0;0;0;0;0;0;0;0;0;0
3591;split merge.pdf_3591;The users in the application are all equal so there is not the need of any identity management level.;NFR;1;0;0;0;0;0;0;0;0;0;0;0;0
3592;split merge.pdf_3592;This application provides a pleasant and user friendly graphical interface with relatively simple functions. ;F;0;1;0;0;0;0;0;0;0;0;0;0;0
3593;split merge.pdf_3593;Any user should be able to use PDFsam without any specific knowledge or experience by reading the user manuals (or the help messages that are embedded in the application).;F;0;1;0;0;0;0;0;0;0;0;0;0;0
3594;split merge.pdf_3594;Users only need to provide some pdf documents and with just a few clicks they can perform any action.;F;0;1;0;0;0;0;0;0;0;0;0;0;0
3595;split merge.pdf_3595;The project is released under the GNU General Public License. ;F;0;1;0;0;0;0;0;0;0;0;0;0;0
3596;split merge.pdf_3596;The philosophy of this license implies some basic principles which apply to the project.;F;0;1;0;0;0;0;0;0;0;0;0;0;0
3597;split merge.pdf_3597;The GPL is a free software license, and therefore it permits people to use and even redistribute the software without being required to pay anyone a fee for doing so.;F;0;1;0;0;0;0;0;0;0;0;0;0;0
3598;e-store.doc_3598;The system shall display all the products that can be configured.;F;0;1;0;0;0;0;0;0;0;0;0;0;0
3599;e-store.doc_3599;The system shall allow user to select the product to configure.;F;0;1;0;0;0;0;0;0;0;0;0;0;0
3600;e-store.doc_3600;The system shall display all the available components of the product to configure;F;0;1;0;0;0;0;0;0;0;0;0;0;0
3601;e-store.doc_3601;The system shall enable user to add one or more component to the configuration.;F;0;1;0;0;0;0;0;0;0;0;0;0;0
3602;e-store.doc_3602;The system shall notify the user about any conflict in the current configuration.;F;0;1;0;0;0;0;0;0;0;0;0;0;0
3603;e-store.doc_3603;The system shall allow user to update the configuration to resolve conflict in the current configuration.;F;0;1;0;0;0;0;0;0;0;0;0;0;0
3604;e-store.doc_3604;The system shall allow user to confirm the completion of current configuration;F;0;1;0;0;0;0;0;0;0;0;0;0;0
3605;e-store.doc_3605;The system shall display detailed information of the selected products.;F;0;1;0;0;0;0;0;0;0;0;0;0;0
3606;e-store.doc_3606;The system shall provide browsing options to see product details.;F;0;1;0;0;0;0;0;0;0;0;0;0;0
3607;e-store.doc_3607;The system shall display detailed product categorization to the user.;F;0;1;0;0;0;0;0;0;0;0;0;0;0
3608;e-store.doc_3608;The system shall enable user to enter the search text on the screen.;F;0;1;0;0;0;0;0;0;0;0;0;0;0
3609;e-store.doc_3609;The system shall enable user to select multiple options on the screen to search.;F;0;1;0;0;0;0;0;0;0;0;0;0;0
3610;e-store.doc_3610;The system shall display all the matching products based on the search;F;0;1;0;0;0;0;0;0;0;0;0;0;0
3611;e-store.doc_3611;The system shall display only 10 matching result on the current screen.;F;0;1;0;0;0;0;0;0;0;0;0;0;0
3612;e-store.doc_3612;The system shall enable user to navigate between the search results.;F;0;1;0;0;0;0;0;0;0;0;0;0;0
3613;e-store.doc_3613;The system shall notify the user when no matching product is found on the search.;F;0;1;0;0;0;0;0;0;0;0;0;0;0
3614;e-store.doc_3614;The system shall allow user to create profile and set his credential.;NFR;1;0;0;0;0;0;0;0;0;0;0;0;0
3615;e-store.doc_3615;The system shall authenticate user credentials to view the profile.;NFR;1;0;0;0;0;0;0;0;0;0;0;0;0
3616;e-store.doc_3616;The system shall allow user to update the profile information.;NFR;1;0;0;0;0;0;0;0;0;0;0;0;0
3617;e-store.doc_3617;The system shall display both the active and completed order history in the customer profile.;F;0;1;0;0;0;0;0;0;0;0;0;0;0
3618;e-store.doc_3618;The system shall allow user to select the order from the order history.;F;0;1;0;0;0;0;0;0;0;0;0;0;0
3619;e-store.doc_3619;The system shall display the detailed information about the selected order.;F;0;1;0;0;0;0;0;0;0;0;0;0;0
3620;e-store.doc_3620;The system shall display the most frequently searched items by the user in the profile.;NFR;1;0;0;0;0;0;0;0;0;0;0;0;0
3621;e-store.doc_3621;The system shall allow user to register for newsletters and surveys in the profile.;NFR;1;0;0;0;0;0;0;0;0;0;0;0;0
3622;e-store.doc_3622;The system shall provide online help, FAQ’s customer support, and sitemap options for customer support.;F;0;1;0;0;0;0;0;0;0;0;0;0;0
3623;e-store.doc_3623;The system shall allow user to select the support type he wants.;F;0;1;0;0;0;0;0;0;0;0;0;0;0
3624;e-store.doc_3624;The system shall allow user to enter the customer and product information for the support.;F;0;1;0;0;0;0;0;0;0;0;0;0;0
3625;e-store.doc_3625;The system shall display the customer support contact numbers on the screen.;F;0;1;0;0;0;0;0;0;0;0;0;0;0
3626;e-store.doc_3626;The system shall allow user to enter the contact number for support personnel to call.;F;0;1;0;0;0;0;0;0;0;0;0;0;0
3627;e-store.doc_3627;The system shall display the online help upon request.;F;0;1;0;0;0;0;0;0;0;0;0;0;0
3628;e-store.doc_3628;The system shall display the FAQ’s upon request.;F;0;1;0;0;0;0;0;0;0;0;0;0;0
3629;e-store.doc_3629;The system shall maintain customer email information as a required part of customer profile.;F;0;1;0;0;0;0;0;0;0;0;0;0;0
3630;e-store.doc_3630;The system shall send an order confirmation to the user through email.;F;0;1;0;0;0;0;0;0;0;0;0;0;0
3631;e-store.doc_3631;The system shall display detailed invoice for current order once it is confirmed.;F;0;1;0;0;0;0;0;0;0;0;0;0;0
3632;e-store.doc_3632;The system shall optionally allow user to print the invoice.;F;0;1;0;0;0;0;0;0;0;0;0;0;0
3633;e-store.doc_3633;The system shall provide shopping cart during online purchase.;F;0;1;0;0;0;0;0;0;0;0;0;0;0
3634;e-store.doc_3634;The system shall allow user to add/remove products in the shopping cart.;F;0;1;0;0;0;0;0;0;0;0;0;0;0
3635;e-store.doc_3635;The system shall display different shipping options provided by shipping department.;F;0;1;0;0;0;0;0;0;0;0;0;0;0
3636;e-store.doc_3636;The system shall enable user to select the shipping method during payment process.;F;0;1;0;0;0;0;0;0;0;0;0;0;0
3637;e-store.doc_3637;The system shall display the shipping charges.;F;0;1;0;0;0;0;0;0;0;0;0;0;0
3638;e-store.doc_3638;The system shall display tentative duration for shipping.;F;0;1;0;0;0;0;0;0;0;0;0;0;0
3639;e-store.doc_3639;The system shall allow user to enter the order information for tracking.;F;0;1;0;0;0;0;0;0;0;0;0;0;0
3640;e-store.doc_3640;The system shall display the current tracking information about the order.;F;0;1;0;0;0;0;0;0;0;0;0;0;0
3641;e-store.doc_3641;The system shall calculate tax for the order.;F;0;1;0;0;0;0;0;0;0;0;0;0;0
3642;e-store.doc_3642;The system shall display tax information for the order.;F;0;1;0;0;0;0;0;0;0;0;0;0;0
3643;e-store.doc_3643;The system shall display available payment methods for payment.;F;0;1;0;0;0;0;0;0;0;0;0;0;0
3644;e-store.doc_3644;The system shall allow user to select the payment method for order.;NFR;1;0;0;0;0;0;0;0;0;0;0;0;0
3645;e-store.doc_3645;The system shall display the orders that are eligible to change.;F;0;1;0;0;0;0;0;0;0;0;0;0;0
3646;e-store.doc_3646;The system shall allow user to select the order to be changed.;F;0;1;0;0;0;0;0;0;0;0;0;0;0
3647;e-store.doc_3647;The system shall allow user to cancel the order;NFR;1;0;0;0;0;0;0;0;0;0;0;0;0
3648;e-store.doc_3648;The system shall allow user to change shipping, payment method.;F;0;1;0;0;0;0;0;0;0;0;0;0;0
3649;e-store.doc_3649;The system shall notify the user about any changes made to the order.;F;0;1;0;0;0;0;0;0;0;0;0;0;0
3650;e-store.doc_3650;The system shall display the reviews and ratings of each product, when it is selected.;F;0;1;0;0;0;0;0;0;0;0;0;0;0
3651;e-store.doc_3651;The system shall enable the user to enter their reviews and ratings.;NFR;1;0;0;0;0;0;0;0;0;0;0;0;0
3652;e-store.doc_3652;The system shall display all the available financing options.;F;0;1;0;0;0;0;0;0;0;0;0;0;0
3653;e-store.doc_3653;The system shall allow user to select the financing option.;F;0;1;0;0;0;0;0;0;0;0;0;0;0
3654;e-store.doc_3654;The system shall notify the use about the financing request.;F;0;1;0;0;0;0;0;0;0;0;0;0;0
3655;e-store.doc_3655;The system shall allow user to view detailed sitemap.;F;0;1;0;0;0;0;0;0;0;0;0;0;0
3656;e-store.doc_3656;The system shall display all the available promotions to the user.;F;0;1;0;0;0;0;0;0;0;0;0;0;0
3657;e-store.doc_3657;The system shall allow user to select available promotion.;NFR;1;0;0;0;0;0;0;0;0;0;0;0;0
3658;e-store.doc_3658;The system shall allow user to confirm the purchase.;NFR;1;0;0;0;0;0;0;0;0;0;0;0;0
3659;e-store.doc_3659;The system shall enable user to enter the payment information.;NFR;1;0;0;0;0;0;0;0;0;0;0;0;0
3660;e-store.doc_3660;The system shall provide a uniform look and feel between all the web pages.;F;0;1;0;0;0;0;0;0;0;0;0;0;0
3661;e-store.doc_3661;The system shall provide a digital image for each product in the product catalog.;F;0;1;0;0;0;0;0;0;0;0;0;0;0
3662;e-store.doc_3662;The system shall provide use of icons and toolbars.;F;0;1;0;0;0;0;0;0;0;0;0;0;0
3663;e-store.doc_3663;The system shall provide handicap access.;F;0;1;0;0;0;0;0;0;0;0;0;0;0
3664;e-store.doc_3664;The system shall provide multi language support.;F;0;1;0;0;0;0;0;0;0;0;0;0;0
3665;e-store.doc_3665;The system shall provide storage of all databases on redundant computers with automatic switchover.;F;0;1;0;0;0;0;0;0;0;0;0;0;0
3666;e-store.doc_3666;The system shall provide for replication of databases to off-site storage locations.;F;0;1;0;0;0;0;0;0;0;0;0;0;0
3667;e-store.doc_3667;The system shall provide RAID V Disk Stripping on all database storage disks.;F;0;1;0;0;0;0;0;0;0;0;0;0;0
3668;e-store.doc_3668;The system shall provide a contractual agreement with an internet service provider for T3 access with 99.9999% availability.;F;0;1;0;0;0;0;0;0;0;0;0;0;0
3669;e-store.doc_3669;The system shall provide a contractual agreement with an internet service provider who can provide 99.999% availability through their network facilities onto the internet.;F;0;1;0;0;0;0;0;0;0;0;0;0;0
3670;e-store.doc_3670;The product shall be based on web and has to be run from a web server.;F;0;1;0;0;0;0;0;0;0;0;0;0;0
3671;e-store.doc_3671;The product shall take initial load time depending on internet connection strength which also depends on the media from which the product is run.;F;0;1;0;0;0;0;0;0;0;0;0;0;0
3672;e-store.doc_3672;The performance shall depend upon hardware components of the client/customer.;F;0;1;0;0;0;0;0;0;0;0;0;0;0
3673;e-store.doc_3673;The system shall use secure sockets in all transactions that include any confidential customer information.;NFR;1;0;0;0;0;0;0;0;0;0;0;0;0
3674;e-store.doc_3674;The system shall automatically log out all customers after a period of inactivity.;NFR;1;0;0;0;0;0;0;0;0;0;0;0;0
3675;e-store.doc_3675;The system shall confirm all transactions with the customer’s web browser.;F;0;1;0;0;0;0;0;0;0;0;0;0;0
3676;e-store.doc_3676;The system shall not leave any cookies on the customer’s computer containing the user’s password.;NFR;1;0;0;0;0;0;0;0;0;0;0;0;0
3677;e-store.doc_3677;The system shall not leave any cookies on the customer’s computer containing any of the user’s confidential information.;NFR;1;0;0;0;0;0;0;0;0;0;0;0;0
3678;e-store.doc_3678;The customer’s web browser shall never display a customer’s password. It shall always be echoed with special characters representing typed characters.;NFR;1;0;0;0;0;0;0;0;0;0;0;0;0
3679;e-store.doc_3679;The customer’s web browser shall never display a customer’s credit card number after retrieving from the database. It shall always be shown with just the last 4 digits of the credit card number.;NFR;1;0;0;0;0;0;0;0;0;0;0;0;0
3680;e-store.doc_3680;The system’s back-end servers shall never display a customer’s password. The customer’s password may be reset but never shown.;NFR;1;0;0;0;0;0;0;0;0;0;0;0;0
3681;e-store.doc_3681;The system’s back-end servers shall only be accessible to authenticated administrators.;NFR;1;0;0;0;0;0;0;0;0;0;0;0;0
3682;e-store.doc_3682;The system’s back-end databases shall be encrypted.;NFR;1;0;0;0;0;0;0;0;0;0;0;0;0
3683;e-store.doc_3683;The source code developed for this system shall be maintained in configuration management tool.;F;0;1;0;0;0;0;0;0;0;0;0;0;0
3684;e-store.doc_3684;The system shall be built using a standard web page development tool that conforms to either IBM’s CUA standards or Microsoft’s GUI standards.;F;0;1;0;0;0;0;0;0;0;0;0;0;0
3685;e-store.doc_3685;There are no memory requirements;F;0;1;0;0;0;0;0;0;0;0;0;0;0
3686;e-store.doc_3686;The computers must be equipped with web browsers such as Internet explorer.;F;0;1;0;0;0;0;0;0;0;0;0;0;0
3687;e-store.doc_3687;The product must be stored in such a way that allows the client easy access to it.;F;0;1;0;0;0;0;0;0;0;0;0;0;0
3688;e-store.doc_3688;Response time for loading the product should take no longer than five minutes.;F;0;1;0;0;0;0;0;0;0;0;0;0;0
3689;e-store.doc_3689;A general knowledge of basic computer skills is required to use the product;F;0;1;0;0;0;0;0;0;0;0;0;0;0
3690;e-store.doc_3690;As the product is E-store, On-line help system becomes a critical component of the system which shall provide –;F;0;1;0;0;0;0;0;0;0;0;0;0;0
3691;e-store.doc_3691;It shall provide specific guidelines to a user for using the E-Store system and within the system.;F;0;1;0;0;0;0;0;0;0;0;0;0;0
3692;e-store.doc_3692;To implement online user help, link and search fields shall be provided.;F;0;1;0;0;0;0;0;0;0;0;0;0;0
3693;e-store.doc_3693;"There are many types of interfaces as such supported by the E-Store software system namely; User Interface, Software Interface and Hardware Interface.";F;0;1;0;0;0;0;0;0;0;0;0;0;0
3694;e-store.doc_3694;The protocol used shall be HTTP.;F;0;1;0;0;0;0;0;0;0;0;0;0;0
3695;e-store.doc_3695;The Port number used will be 80.;F;0;1;0;0;0;0;0;0;0;0;0;0;0
3696;e-store.doc_3696;There shall be logical address of the system in IPv4 format.;F;0;1;0;0;0;0;0;0;0;0;0;0;0
3697;e-store.doc_3697;The user interface for the software shall be compatible to any browser such as Internet Explorer, Mozilla or Netscape Navigator by which user can access to the system.;F;0;1;0;0;0;0;0;0;0;0;0;0;0
3698;e-store.doc_3698;The user interface shall be implemented using any tool or software package like Java Applet, MS Front Page, EJB etc.;F;0;1;0;0;0;0;0;0;0;0;0;0;0
3699;e-store.doc_3699;Since the application must run over the internet, all the hardware shall require to connect internet will be hardware interface for the system. As for e.g. Modem, WAN – LAN, Ethernet Cross-Cable.;F;0;1;0;0;0;0;0;0;0;0;0;0;0
3700;e-store.doc_3700;The e-store system shall communicate with the Configurator to identify all the available components to configure the product.;F;0;1;0;0;0;0;0;0;0;0;0;0;0
3701;e-store.doc_3701;The e-store shall communicate with the content manager to get the product specifications, offerings and promotions.;F;0;1;0;0;0;0;0;0;0;0;0;0;0
3702;e-store.doc_3702;The e-store system shall communicate with billPay system to identify available payment methods , validate the payments and process payment.;F;0;1;0;0;0;0;0;0;0;0;0;0;0
3703;e-store.doc_3703;The e-store system shall communicate to credit management system for handling financing options.;F;0;1;0;0;0;0;0;0;0;0;0;0;0
3704;e-store.doc_3704;The e-store system shall communicate with CRM system to provide support.;F;0;1;0;0;0;0;0;0;0;0;0;0;0
3705;e-store.doc_3705;The e-store system shall communicate with Sales system for order management.;F;0;1;0;0;0;0;0;0;0;0;0;0;0
3706;e-store.doc_3706;The e-store system shall communicate with shipping system for tracking orders and updating of shipping methods.;F;0;1;0;0;0;0;0;0;0;0;0;0;0
3707;e-store.doc_3707;The e-store system shall communicate with external Tax system to calculate tax.;F;0;1;0;0;0;0;0;0;0;0;0;0;0
3708;e-store.doc_3708;The e-store system shall communicate with export regulation system to validate export regulations.;F;0;1;0;0;0;0;0;0;0;0;0;0;0
3709;e-store.doc_3709;10. The system shall be verisign like software which shall allow the users to complete secured transaction. ;NFR;1;0;0;0;0;0;0;0;0;0;0;0;0
3710;e-store.doc_3710;This usually shall be the third party software system which is widely used for internet transaction.;F;0;1;0;0;0;0;0;0;0;0;0;0;0
3711;e-store.doc_3711;The e-store system shall use the HTTP protocol for communication over the internet and for the intranet communication will be through TCP/IP protocol suite.;F;0;1;0;0;0;0;0;0;0;0;0;0;0
3712;e-store.doc_3712;E-store should display the disclaimers, copyright, word mark, trademark and product warranties of the Marvel electronics and home entertainment.;F;0;1;0;0;0;0;0;0;0;0;0;0;0
3713;e-store.doc_3713;It shall be as per the industry standard.;F;0;1;0;0;0;0;0;0;0;0;0;0;0
3714;viper.doc_3714;The system is a web base system so, it will interact with its users with web components interface. ;F;0;1;0;0;0;0;0;0;0;0;0;0;0
3715;viper.doc_3715;The users move through pages containing activities or direction to some other activities.;NFR;1;0;0;0;0;0;0;0;0;0;0;0;0
3716;viper.doc_3716;The system interface will looks like following: intro page to the system. Direct link to login page.;F;0;1;0;0;0;0;0;0;0;0;0;0;0
3717;viper.doc_3717;Log in page contain 2 text fields and 1 list box : username, password and domain.;NFR;1;0;0;0;0;0;0;0;0;0;0;0;0
3718;viper.doc_3718;The user should write his/her username, password and select in which domain he/she is.;NFR;1;0;0;0;0;0;0;0;0;0;0;0;0
3719;viper.doc_3719;Domain list box has 3 choices [ coordinator, costumer and supplier ].;F;0;1;0;0;0;0;0;0;0;0;0;0;0
3720;viper.doc_3720;After the user click send or hit enter button the system will direct the user to its domain if he/she is in coordinator, costumer or supplier section.;NFR;1;0;0;0;0;0;0;0;0;0;0;0;0
3721;viper.doc_3721;If username or password is wrong the system will direct the user to an error page.;F;0;1;0;0;0;0;0;0;0;0;0;0;0
3722;viper.doc_3722;if the information provided by the user is wrong this page will appear to him/her.;F;0;1;0;0;0;0;0;0;0;0;0;0;0
3723;viper.doc_3723;User can click on [ Try again ] link, so he/she can try to log in again.;NFR;1;0;0;0;0;0;0;0;0;0;0;0;0
3724;viper.doc_3724;First page in the coordinator domain.;F;0;1;0;0;0;0;0;0;0;0;0;0;0
3725;viper.doc_3725;User can select customer, supplier, requests or items management section.;NFR;1;0;0;0;0;0;0;0;0;0;0;0;0
3726;viper.doc_3726;User can click on [ Logout ] link, so that he/she logged out from the system.;NFR;1;0;0;0;0;0;0;0;0;0;0;0;0
3727;viper.doc_3727;This page display the last 5 new customer.;F;0;1;0;0;0;0;0;0;0;0;0;0;0
3728;viper.doc_3728;User can click on [ view detail ] for more information about a customer.;F;0;1;0;0;0;0;0;0;0;0;0;0;0
3729;viper.doc_3729;User can click on [ view all customers ] link, he/she will directed to page will full customer list.;NFR;1;0;0;0;0;0;0;0;0;0;0;0;0
3730;viper.doc_3730;User can click on [ add new customer ] link, to add a new customer to the system.;F;0;1;0;0;0;0;0;0;0;0;0;0;0
3731;viper.doc_3731;Navigation bar under the banner of the system that allow user to navigate through pages.;F;0;1;0;0;0;0;0;0;0;0;0;0;0
3732;viper.doc_3732;User can click on [ Logout ] link, so that he/she logged out from the system.;NFR;1;0;0;0;0;0;0;0;0;0;0;0;0
3733;viper.doc_3733;add customer page contain 4 information fields.;F;0;1;0;0;0;0;0;0;0;0;0;0;0
3734;viper.doc_3734;After writing all the information, user will click on [ add ] button to add the customer to the system.;NFR;1;0;0;0;0;0;0;0;0;0;0;0;0
3735;viper.doc_3735;Navigation bar under the banner of the system that allow user to navigate through pages.;F;0;1;0;0;0;0;0;0;0;0;0;0;0
3736;viper.doc_3736;User can click on [ Logout ] link, so that he/she logged out from the system.;NFR;1;0;0;0;0;0;0;0;0;0;0;0;0
3737;viper.doc_3737;when click on [ view detail ] of some customer. The system will direct the user to view customer details.;F;0;1;0;0;0;0;0;0;0;0;0;0;0
3738;viper.doc_3738;Two link appear above the box, edit and delete link. This will perform on the current page.;F;0;1;0;0;0;0;0;0;0;0;0;0;0
3739;viper.doc_3739;Navigation bar under the banner of the system that allow user to navigate through pages.;F;0;1;0;0;0;0;0;0;0;0;0;0;0
3740;viper.doc_3740;User can click on [ Logout ] link, so that he/she logged out from the system.;NFR;1;0;0;0;0;0;0;0;0;0;0;0;0
3741;viper.doc_3741;After editing all the information, user will click on [ save ] button to edit the customer profile information.;F;0;1;0;0;0;0;0;0;0;0;0;0;0
3742;viper.doc_3742;Navigation bar under the banner of the system that allow user to navigate through pages.;F;0;1;0;0;0;0;0;0;0;0;0;0;0
3743;viper.doc_3743;User can click on [ Logout ] link, so that he/she logged out from the system.;NFR;1;0;0;0;0;0;0;0;0;0;0;0;0
3744;viper.doc_3744;This page display the last 5 new requests.;F;0;1;0;0;0;0;0;0;0;0;0;0;0
3745;viper.doc_3745;User can click on [ view detail ] for more information about request.;F;0;1;0;0;0;0;0;0;0;0;0;0;0
3746;viper.doc_3746;User can click on [ view all supply requests ] link, he/she will directed to page will full requests list.;F;0;1;0;0;0;0;0;0;0;0;0;0;0
3747;viper.doc_3747;User can edit his/her profile, a link [ edit profile ] there to do so.;NFR;1;0;0;0;0;0;0;0;0;0;0;0;0
3748;viper.doc_3748;Navigation bar under the banner of the system that allow user to navigate through pages.;F;0;1;0;0;0;0;0;0;0;0;0;0;0
3749;viper.doc_3749;User can click on [ Logout ] link, so that he/she logged out from the system.;NFR;1;0;0;0;0;0;0;0;0;0;0;0;0
3750;viper.doc_3750;The page contain a feedback box, the supplier may send his feedback about the request.;F;0;1;0;0;0;0;0;0;0;0;0;0;0
3751;viper.doc_3751;Navigation bar under the banner of the system that allow user to navigate through pages.;F;0;1;0;0;0;0;0;0;0;0;0;0;0
3752;viper.doc_3752;User can click on [ Logout ] link, so that he/she logged out from the system.;NFR;1;0;0;0;0;0;0;0;0;0;0;0;0
3753;viper.doc_3753;The SCM system will use TCP/IP as the main communication protocol trough internet/network.;F;0;1;0;0;0;0;0;0;0;0;0;0;0
3754;viper.doc_3754;Also, it might communicate with external systems in the future, such as customer relation management system and HR systems. ;F;0;1;0;0;0;0;0;0;0;0;0;0;0
3755;viper.doc_3755;The scope of our system does not require to interact with other interfaces but it can be customized.;F;0;1;0;0;0;0;0;0;0;0;0;0;0
3756;viper.doc_3756;The system must handle at least 100 concurrent users and their operations. ;F;0;1;0;0;0;0;0;0;0;0;0;0;0
3757;viper.doc_3757;The system must accomplish 90% for transactions in less than 1 second.;F;0;1;0;0;0;0;0;0;0;0;0;0;0
3758;viper.doc_3758;This is due to the nature of data, which is only text information that does not usually exceed 50 KB per transaction.;F;0;1;0;0;0;0;0;0;0;0;0;0;0
3759;viper.doc_3759;The DB tables shall reflect following: Coordinator, Customer, Supplier, Resource Location, Item, Request.;F;0;1;0;0;0;0;0;0;0;0;0;0;0
3760;viper.doc_3760;Our System will be web based system which we will use a web developing language. ;F;0;1;0;0;0;0;0;0;0;0;0;0;0
3761;viper.doc_3761;We will use ASP.NET and C# languages. The system has to be designed on .NET Framework 3.5 using Visual Studio family.;F;0;1;0;0;0;0;0;0;0;0;0;0;0
3762;viper.doc_3762;The system will use MS SQL for our database.;F;0;1;0;0;0;0;0;0;0;0;0;0;0
3763;viper.doc_3763;The system shall follow the Waterfall software process model. ;F;0;1;0;0;0;0;0;0;0;0;0;0;0
3764;viper.doc_3764;Also the system shall be designed in an Object Oriented approach so that future features can be easily integrated with the system.;F;0;1;0;0;0;0;0;0;0;0;0;0;0
3765;viper.doc_3765;The system has to use the Ejada .Net frame work and also our system will integrate with two modules in Ejada.;F;0;1;0;0;0;0;0;0;0;0;0;0;0
3766;viper.doc_3766;All data will be backed-up everyday automatically and also the system administrator can back-up the data as a function for him. ;NFR;1;0;0;0;0;0;0;0;0;0;0;0;0
3767;viper.doc_3767;Also if any errors, fault or failures happen the system will detected and inform the user about problems and also if there is any transaction with the database and in that time happen no action to the data and the system will back to the previous state of database. ;F;0;1;0;0;0;0;0;0;0;0;0;0;0
3768;viper.doc_3768;Also our system will cover the quality assurance.;F;0;1;0;0;0;0;0;0;0;0;0;0;0
3769;viper.doc_3769;The system has to be available 100% of the time. ;F;0;1;0;0;0;0;0;0;0;0;0;0;0
3770;viper.doc_3770;Once there is a fatal error, the system should give understandable feedback to the user.;F;0;1;0;0;0;0;0;0;0;0;0;0;0
3771;viper.doc_3771;The system have only three roles for coordinators, suppliers and customers only that make our system secure access online and these authentications will prevent and illegal access.;NFR;1;0;0;0;0;0;0;0;0;0;0;0;0
3772;viper.doc_3772;The system is designed in modules where errors can be detected and fixed easily. This makes it easier to install updates and new functionality if required.;F;0;1;0;0;0;0;0;0;0;0;0;0;0
3773;viper.doc_3773;The system can operate in any of the latest Microsoft operating systems with the latest .Net framework. ;F;0;1;0;0;0;0;0;0;0;0;0;0;0
3774;viper.doc_3774;Due to the web based nature of the system, the host machine must also have Microsoft IIS installed.;F;0;1;0;0;0;0;0;0;0;0;0;0;0
3775;virtual ed.doc_3775;Enables the user to select the pertinent class, each class is highlighted for ease of use.;F;0;1;0;0;0;0;0;0;0;0;0;0;0
3776;virtual ed.doc_3776;Enables the user to choose a specific application to be used. ;F;0;1;0;0;0;0;0;0;0;0;0;0;0
3777;virtual ed.doc_3777;To launch an application click on the application icon, the application will open up on a separate screen.;F;0;1;0;0;0;0;0;0;0;0;0;0;0
3778;virtual ed.doc_3778;Web conferencing feature enables the user to interact with multiple users within a given class. ;F;0;1;0;0;0;0;0;0;0;0;0;0;0
3779;virtual ed.doc_3779;Each user can chat with one another while the session is open.;NFR;1;0;0;0;0;0;0;0;0;0;0;0;0
3780;virtual ed.doc_3780;Instant messaging feature will allow users to interact with faculty and follow classmates over a text based one-to-one or one-to-many connection.;F;0;1;0;0;0;0;0;0;0;0;0;0;0
3781;virtual ed.doc_3781;"This screen is an extension of the web conferencing feature; this screen enables the users to view all available chat sessions available at any given time.";F;0;1;0;0;0;0;0;0;0;0;0;0;0
3782;virtual ed.doc_3782;File transfer feature enables the user to have the ability to manage a private temporary hosting space.;F;0;1;0;0;0;0;0;0;0;0;0;0;0
3783;virtual ed.doc_3783;Tools such as file uploading, directory creator, move, delete and rename will be accessible.;F;0;1;0;0;0;0;0;0;0;0;0;0;0
3784;virtual ed.doc_3784;Display Monitor: It is recommended that a high resolution LCD or CRT monitor be used for best results.;F;0;1;0;0;0;0;0;0;0;0;0;0;0
3785;virtual ed.doc_3785;Input devices: All hardware interfaces will be provided by the operating system, the system will require a keyboard and a mouse. In addition a properly configured sound card and a voice input device will be needed to utilize the conferencing feature.;F;0;1;0;0;0;0;0;0;0;0;0;0;0
3786;virtual ed.doc_3786;Visual Input: The conferencing feature requires a high resolution video input device. ;F;0;1;0;0;0;0;0;0;0;0;0;0;0
3787;virtual ed.doc_3787;The device needs to be configured in accordance to manufacturer recommended settings and should be in operation before enabling the conferencing feature.;F;0;1;0;0;0;0;0;0;0;0;0;0;0
3788;virtual ed.doc_3788;The Virtual-ED software has a seamless integration with the local operating/hardware system. ;F;0;1;0;0;0;0;0;0;0;0;0;0;0
3789;virtual ed.doc_3789;Once the user logs on to the Virtual-ED system (screen.1), the interface will seamlessly manage the local input/output/operating system, devices as needed.;NFR;1;0;0;0;0;0;0;0;0;0;0;0;0
3790;virtual ed.doc_3790;When using “Test administering” feature (applicable to Administrators only), XL and PDF must be installed in the native machine to view the downloadable reports. ;F;0;1;0;0;0;0;0;0;0;0;0;0;0
3791;virtual ed.doc_3791;By default the reports will be saved to the “C: Program files/Virtual-ED/Bin/My reports folder”, (Requires XL-2002 or higher and Adobe Acrobat Reader 8 or higher).;F;0;1;0;0;0;0;0;0;0;0;0;0;0
3792;virtual ed.doc_3792;Web Browser: The system requires the use of IE or Fire fox, Safari as the native web browser. ;F;0;1;0;0;0;0;0;0;0;0;0;0;0
3793;virtual ed.doc_3793;It is recommended that current system performs optimally with the suggested browsers.;F;0;1;0;0;0;0;0;0;0;0;0;0;0
3794;virtual ed.doc_3794;The users must have pop-up windows enabled on their systems and must enable java scripts on their systems to be able to install Instant-Edu messaging software.;F;0;1;0;0;0;0;0;0;0;0;0;0;0
3795;virtual ed.doc_3795;Communication Standards: SSH client, FTP client, VPN client are used for connection between two computing endpoints.;F;0;1;0;0;0;0;0;0;0;0;0;0;0
3796;virtual ed.doc_3796;Data Transfer Rates: Recommended 1.5 MBPS Download speed (for any download activities) and upload speed of minimum 128 Kbps.;F;0;1;0;0;0;0;0;0;0;0;0;0;0
3797;virtual ed.doc_3797;Security: Users must have antivirus software installed so they can scan the incoming files from other users of the system, any commercially available Antivirus is can be used scanning files.;NFR;1;0;0;0;0;0;0;0;0;0;0;0;0
3798;virtual ed.doc_3798;The web conferencing feature of the system requires the workstation utilized have at least the following minimum requirements: A minimum of 500 MHz, 256 MB of available memory, Mac-compatible Webcam and headset (preferred) or separate webcam, microphone, and speakers, Broadband internet access (cable, DSL, etc.).;F;0;1;0;0;0;0;0;0;0;0;0;0;0
3799;virtual ed.doc_3799;The system requires the use of Internet Explorer, Safari, or Firefox as the native web browser. ;F;0;1;0;0;0;0;0;0;0;0;0;0;0
3800;virtual ed.doc_3800;It is recommended the current system performs optimally with the suggested two browsers.;F;0;1;0;0;0;0;0;0;0;0;0;0;0
3801;virtual ed.doc_3801;The use of other than the recommended browsers may cause performance issues that have not been addressed by the software vendor.;F;0;1;0;0;0;0;0;0;0;0;0;0;0
3802;virtual ed.doc_3802;The reporting functionality utilizes the Microsoft Excel (.XLS) and Adobe Portable Document Format (.PDF) for report outputs. ;F;0;1;0;0;0;0;0;0;0;0;0;0;0
3803;virtual ed.doc_3803;The following recommended software must be installed in the local machine to fully utilize the reporting functionality: Microsoft Excel Viewer or Microsoft Excel, A PDF Reader such as Adobe Reader.;F;0;1;0;0;0;0;0;0;0;0;0;0;0
3804;virtual ed.doc_3804;System must be accessible on and off campus via broadband internet connection and using required ID/Password combination.;F;0;1;0;0;0;0;0;0;0;0;0;0;0
3805;virtual ed.doc_3805;System may require users to download program updates to become compatible and compliant with system.;F;0;1;0;0;0;0;0;0;0;0;0;0;0
3806;virtual ed.doc_3806;All users are responsible for securing a backup of any uploaded data/content to the system in the event of an outage.;NFR;1;0;0;0;0;0;0;0;0;0;0;0;0
3807;virtual ed.doc_3807;The user is responsible for content uploaded. ;NFR;1;0;0;0;0;0;0;0;0;0;0;0;0
3808;virtual ed.doc_3808;NJIT policy prohibits the use NJIT facilities/assets for personal use.;F;0;1;0;0;0;0;0;0;0;0;0;0;0
3809;virtual ed.doc_3809;Users may not use the system to upload or post data which is discriminatory in regards to race, color, creed, religion, sex, age, handicap, marital status, or national origin. Users may not upload or post data which is inflammatory or derogatory.;NFR;1;0;0;0;0;0;0;0;0;0;0;0;0
3810;virtual ed.doc_3810;In the event, inflammatory/derogatory content has been identified, the content will be immediately removed and the appropriate authorities with be notified resulting in possible disciplinary action.;F;0;1;0;0;0;0;0;0;0;0;0;0;0
3811;virtual ed.doc_3811;User must comply with all local, state, and federal laws when using available resources. ;F;0;1;0;0;0;0;0;0;0;0;0;0;0
3812;virtual ed.doc_3812;Any infringements or violations including but not limited to: unauthorized use, harassment, exploitation of any gaps in the portal, inflammatory/derogatory content, or defacing the system will result in the appropriate authorities being notified.;F;0;1;0;0;0;0;0;0;0;0;0;0;0
3813;virtual ed.doc_3813;The user is responsible for maintaining the user account. ;NFR;1;0;0;0;0;0;0;0;0;0;0;0;0
3814;virtual ed.doc_3814;Action must be taken by the user to prevent the user account from being compromised.;NFR;1;0;0;0;0;0;0;0;0;0;0;0;0
3815;virtual ed.doc_3815;The user ID and the password should not be shared with anyone (students/staff/or anyone else).;NFR;1;0;0;0;0;0;0;0;0;0;0;0;0
3816;virtual ed.doc_3816;User passwords should be between 8 and 12 characters including letters and numbers but excluding spaces.;NFR;1;0;0;0;0;0;0;0;0;0;0;0;0
3817;virtual ed.doc_3817;"The user should periodically change the password; currently the user policy requires a mandatory password change every three months.";NFR;1;0;0;0;0;0;0;0;0;0;0;0;0
3818;virtual ed.doc_3818;The information within the system is regarded private, however in the event of an investigation by a legal authority, including by not limited to a subpoena or audit, the information will be released to the proper authorities for the purpose intended.;NFR;1;0;0;0;0;0;0;0;0;0;0;0;0
3819;virtual ed.doc_3819;All archived chats, e-mail, file share, and IM Messages are governed by the NJIT E-mail use policy. The user is encouraged to view the content at the NJIT homepage for detailed use of the policy and restrictions and limitations of the policy.;NFR;1;0;0;0;0;0;0;0;0;0;0;0;0
3820;virtual ed.doc_3820;In the event your account has been compromised, notify the NJIT help desk immediately. Refrain from using the infected account to communicate with anyone else.;NFR;1;0;0;0;0;0;0;0;0;0;0;0;0
3821;virtual ed.doc_3821;The systems should adhere to the privacy policy set forth by NJIT and its administration and also state and federal guidelines.;F;0;1;0;0;0;0;0;0;0;0;0;0;0
3822;virtual ed.doc_3822;The system has an estimated 99% up time, though in an event of an outage data loss can occur.;F;0;1;0;0;0;0;0;0;0;0;0;0;0
3823;virtual ed.doc_3823;The Web-Conferencing features’ performance depends on the availability of the bandwidth. ;F;0;1;0;0;0;0;0;0;0;0;0;0;0
3824;virtual ed.doc_3824;The minimum of a broadband connection is recommended to fully utilize Web-Conferencing feature.;F;0;1;0;0;0;0;0;0;0;0;0;0;0
3825;virtual ed.doc_3825;"The content is the responsibility of the users of the system; NJIT is neither responsible nor liable for the accuracy or the correctness of the content.";F;0;1;0;0;0;0;0;0;0;0;0;0;0
3826;virtual ed.doc_3826;The portal will be periodically unavailable due to necessary maintenance upgrades. ;F;0;1;0;0;0;0;0;0;0;0;0;0;0
3827;virtual ed.doc_3827;In the event of scheduled maintenance, the students/staff will be notified at least 24 hours in-advance.;F;0;1;0;0;0;0;0;0;0;0;0;0;0
3828;virtual ed.doc_3828;The system must be completed within the timeframe allotted for development.;F;0;1;0;0;0;0;0;0;0;0;0;0;0
3829;virtual ed.doc_3829;Appropriate funding must be acquired to make required upgrades to existing systems, buy additional hardware and software, and acquire skilled personnel to develop project.;F;0;1;0;0;0;0;0;0;0;0;0;0;0
3830;2009 - library.doc_3830;The system supports (but does not require) streamlined staff login methods, for example staff member swipes a card to log into a terminal or the staff member logs into a terminal by using his/her individual login and password.;NFR;1;0;0;0;0;0;0;0;0;0;0;0;0
3831;2009 - library.doc_3831;System administrators can create reliable report templates that are available to staff, and can be run as is or modified to the staff person's particular needs. ;NFR;1;0;0;0;0;0;0;0;0;0;0;0;0
3832;2009 - library.doc_3832;Changes in the templates could be done without comprising the results.;F;0;1;0;0;0;0;0;0;0;0;0;0;0
3833;2009 - library.doc_3833;The administrator can limit the filters and display fields that can be altered to certify a dependable output.;NFR;1;0;0;0;0;0;0;0;0;0;0;0;0
3834;2009 - library.doc_3834;For example, front-line staff could set the call number range for a weeding report or add or remove designated display fields from a pick list, but couldn’t alter the template to display deleted items.;NFR;1;0;0;0;0;0;0;0;0;0;0;0;0
3835;2009 - library.doc_3835;System provides distinct, fine-grained permission levels limiting who can create and clone reports. ;NFR;1;0;0;0;0;0;0;0;0;0;0;0;0
3836;2009 - library.doc_3836;All permissions should be easy to administer.;NFR;1;0;0;0;0;0;0;0;0;0;0;0;0
3837;2009 - library.doc_3837;System administrators can create shared folders to allow or disallow staff to run specific reports, and/or to run ad hoc reports on specific sets of data.;NFR;1;0;0;0;0;0;0;0;0;0;0;0;0
3838;2009 - library.doc_3838;"System provides a user-friendly interface for designing queries against all record types. Staff can select fields to query; select values from picklist of possible values; select regular expressions from drop-down menu, and use a full range of Boolean operators. Administrators control staff access to tables and fields.";NFR;1;0;0;0;0;0;0;0;0;0;0;0;0
3839;2009 - library.doc_3839;The system provides pre-defined reports for consumption by library boards or other consumers. ;F;0;1;0;0;0;0;0;0;0;0;0;0;0
3840;2009 - library.doc_3840;There will be reports providing basic statistics like those required by the Georgia Annual Report and Application for State Aid and activity reports that indicate traffic and volume of use that display statistics on check-outs, check-ins, holds placed, and holds filled.;F;0;1;0;0;0;0;0;0;0;0;0;0;0
3841;2009 - library.doc_3841;It should be possible cross-tabulated per terminal, per branch, per library system, per hour, per patron age range, per patron type, and per patron location.;F;0;1;0;0;0;0;0;0;0;0;0;0;0
3842;2009 - library.doc_3842;Transactions are archived in a form that protects patron privacy as defined by State Law, while providing useful demographic statistics.;NFR;1;0;0;0;0;0;0;0;0;0;0;0;0
3843;2009 - library.doc_3843;"Examples of periodic reports: bibliographic records with holds; items that have not been checked out in X days; item-level holds; items with invalid item type; in-transit items with outstanding hold; items that have been in-transit for more than X days; items that are the last copy in the system; items with a long call number; missing items; bibliographic records with no item records; patrons with invalid home library.";F;0;1;0;0;0;0;0;0;0;0;0;0;0
3844;2009 - library.doc_3844;System provides the query selections along with the results.;F;0;1;0;0;0;0;0;0;0;0;0;0;0
3845;2009 - library.doc_3845;Ability to see where your report is in the queue of reports waiting to run.;F;0;1;0;0;0;0;0;0;0;0;0;0;0
3846;2009 - library.doc_3846;System must be able to support the reporting definitions as described in Appendix A.;F;0;1;0;0;0;0;0;0;0;0;0;0;0
3847;2009 - library.doc_3847;System must be able to support the fine-grained reports requirements as described in Appendix B.;F;0;1;0;0;0;0;0;0;0;0;0;0;0
3848;2009 - library.doc_3848;The system produces statistics that can be used to understand and predict patron behavior and use of materials. ;F;0;1;0;0;0;0;0;0;0;0;0;0;0
3849;2009 - library.doc_3849;For example, how quickly is a particular book returned, on average? How likely is a particular book to be renewed? What percent of check-outs at a particular branch are renewals?;F;0;1;0;0;0;0;0;0;0;0;0;0;0
3850;2009 - library.doc_3850;The system produces useful demographic statistics, including transactions by geographical regions, age ranges, etc. ;F;0;1;0;0;0;0;0;0;0;0;0;0;0
3851;2009 - library.doc_3851;The data used to produce these statistics must be anonymized, i.e. information that could be used to identify a patron is deleted.;NFR;1;0;0;0;0;0;0;0;0;0;0;0;0
3852;2009 - library.doc_3852;Ability to report on the volume of material in a given library at any point in time, based on new acquisitions, items on the shelf, and items out in circulation, with the ability to break down volume in categories (e.g. total items in library, number of holds, number of adult fiction, number of board books, etc).;F;0;1;0;0;0;0;0;0;0;0;0;0;0
3853;2009 - library.doc_3853;The system provides an interface showing capacity of all branches (as defined in PINES-014).;F;0;1;0;0;0;0;0;0;0;0;0;0;0
3854;2009 - library.doc_3854;For each genre and format of material, ability to compare the percentage of total circulations, the percentage of the collection, and the percentage of total shelf space that genre/format comprises. ;F;0;1;0;0;0;0;0;0;0;0;0;0;0
3855;2009 - library.doc_3855;Ability to report per library and per system.;F;0;1;0;0;0;0;0;0;0;0;0;0;0
3856;2009 - library.doc_3856;Ability to control inventory of uncataloged material, such as paperback books and children's board books. ;F;0;1;0;0;0;0;0;0;0;0;0;0;0
3857;2009 - library.doc_3857;"Support for quick distribution; minimal branch labor; and ability to identify how the material is being used. ";F;0;1;0;0;0;0;0;0;0;0;0;0;0
3858;2009 - library.doc_3858;Ability to count transactions and include in circulation statistics.;F;0;1;0;0;0;0;0;0;0;0;0;0;0
3859;2009 - library.doc_3859;"System provides a utility for transferring batches of items between branches, used for example to move books into a mobile library, an outreach program collection, or a ""just-in-time"" warehouse. ";F;0;1;0;0;0;0;0;0;0;0;0;0;0
3860;2009 - library.doc_3860;"Utility includes ability to query for candidate materials; ability to save queries for repeated use; ability to manually select titles from query results; and ability to change records of all or selected items to move to new location.";F;0;1;0;0;0;0;0;0;0;0;0;0;0
3861;2009 - library.doc_3861;Mechanisms for moving items include changing location field, generating pull lists, etc. In addition, utility provides means to revert items to original location after a set period of time, and/or based on other criteria.;F;0;1;0;0;0;0;0;0;0;0;0;0;0
3862;2009 - library.doc_3862;The system provides reports of missing and damaged items per branch.;F;0;1;0;0;0;0;0;0;0;0;0;0;0
3863;2009 - library.doc_3863;The system generates a list of items that have been in-transit for more than X days (X configurable), per branch and per system. ;NFR;1;0;0;0;0;0;0;0;0;0;0;0;0
3864;2009 - library.doc_3864;The report would merge the transit to and transit from into one report for ease of front-line staff use.;F;0;1;0;0;0;0;0;0;0;0;0;0;0
3865;2009 - library.doc_3865;"The system provides a utility and reports for identifying item records to purge, based on customizable criteria such as: an item has been in status ""missing"" for more than X months; an item has status ""discard/weed"". ";F;0;1;0;0;0;0;0;0;0;0;0;0;0
3866;2009 - library.doc_3866;The system has a report to assist in the conversion of items from one status to another.;F;0;1;0;0;0;0;0;0;0;0;0;0;0
3867;2009 - library.doc_3867;The system provides a last copy report that would single out a library system's last copies, to assist catalogers who need to edit WorldCat entries.;F;0;1;0;0;0;0;0;0;0;0;0;0;0
3868;2009 - library.doc_3868;The system provides a quick effective method.;F;0;1;0;0;0;0;0;0;0;0;0;0;0
3869;2009 - library.doc_3869;Ability to count and track record deletions (e.g. item records, patron records) per location and per system.;F;0;1;0;0;0;0;0;0;0;0;0;0;0
3870;2009 - library.doc_3870;Queries and reports can be limited or grouped by various patron characteristics, including: age range, zip code, county of residence, home branch, patron type, and preferred language.;F;0;1;0;0;0;0;0;0;0;0;0;0;0
3871;2009 - library.doc_3871;The system generates a list of patrons with no circulation or electronic activity in the last X days (X configurable). ;NFR;1;0;0;0;0;0;0;0;0;0;0;0;0
3872;2009 - library.doc_3872;List should be configurable to System, Home Library, County, etc.;F;0;1;0;0;0;0;0;0;0;0;0;0;0
3873;2009 - library.doc_3873;"Transaction history is maintained for X days (X is configurable); monthly and annual aggregate information is maintained indefinitely.";NFR;1;0;0;0;0;0;0;0;0;0;0;0;0
3874;2009 - library.doc_3874;Transactions can be grouped by hour, terminal, branch, and system. ;F;0;1;0;0;0;0;0;0;0;0;0;0;0
3875;2009 - library.doc_3875;Transactions include check-ins, check-outs, fines collected, patron registrations, etc., and can be queried by all transactions or by type of transaction.;NFR;1;0;0;0;0;0;0;0;0;0;0;0;0
3876;2009 - library.doc_3876;The system counts all types of check-in individually and cumulatively: book-drop, by terminal, by user or self-service.;F;0;1;0;0;0;0;0;0;0;0;0;0;0
3877;2009 - library.doc_3877;The system counts all types of check-out individually and cumulatively: staff check-out, self check-out, staff renewal, self checkout renewal, online renewal, OPAC renewal.;F;0;1;0;0;0;0;0;0;0;0;0;0;0
3878;2009 - library.doc_3878;The system counts all hold requests, including how the hold was placed: at a staff desk, at a public computer inside the library, or remotely.;NFR;1;0;0;0;0;0;0;0;0;0;0;0;0
3879;2009 - library.doc_3879;The system can generate a report of transactions (holds placed, holds filled, and check-outs) per patron, per library, per selected group o libraries, per system, per county. ;NFR;1;0;0;0;0;0;0;0;0;0;0;0;0
3880;2009 - library.doc_3880;The system displays the number of check-outs and placed holds per patron. ;NFR;1;0;0;0;0;0;0;0;0;0;0;0;0
3881;2009 - library.doc_3881;Holds are subtotaled by type, e.g. active, frozen, and frozen-until holds.;F;0;1;0;0;0;0;0;0;0;0;0;0;0
3882;2009 - library.doc_3882;The system can generate a report of the value of items (based on data in item record) in the entire collection or a portion.;F;0;1;0;0;0;0;0;0;0;0;0;0;0
3883;2009 - library.doc_3883;Example: staff can obtain value of all items with status of longoverdue, or value of all dvds in children's collection, or value of entire collection.;NFR;1;0;0;0;0;0;0;0;0;0;0;0;0
3884;2009 - library.doc_3884;All reports and data archiving must comply with standard accounting practice and state, county, and municipal auditing requirements.;F;0;1;0;0;0;0;0;0;0;0;0;0;0
3885;2009 - library.doc_3885;Fines, charges, waivers, and ecommerce transactions are attached to patron and item records. ;NFR;1;0;0;0;0;0;0;0;0;0;0;0;0
3886;2009 - library.doc_3886;System tracks fines waived and payments made per library.;F;0;1;0;0;0;0;0;0;0;0;0;0;0
3887;2009 - library.doc_3887;Financial information can be updated easily.;F;0;1;0;0;0;0;0;0;0;0;0;0;0
3888;2009 - library.doc_3888;As an example, a staff user can easily query patron accounts with balances.;NFR;1;0;0;0;0;0;0;0;0;0;0;0;0
3889;2009 - library.doc_3889;"The system provides financial reports including: patron account balances by patron, home library, and system; fines and charges accrued per time period (e.g. last twelve months, YTD, last month) and per type of charge (overdue fines, damaged item charges, lost item charges, etc.); fines waived per time period and per branch; payments made per time period and per payment method (e.g. staff desk, self-check station, OPAC).";NFR;1;0;0;0;0;0;0;0;0;0;0;0;0
3890;2009 - library.doc_3890;The system maintains a ledger of patron payments, including which charges payments are applied to, to facilitate reconciliation.;F;0;1;0;0;0;0;0;0;0;0;0;0;0
3891;hats.pdf_3891;Any operation requiring the user to supply a file name shall allow the user either to select the files from a list derived from files in the currently open application or to key in a file name, a relative path name, or a complete path name.;F;0;1;0;0;0;0;0;0;0;0;0;0;0
3892;hats.pdf_3892;For any operation where the user is prompted to select from a list, the user shall be able to cancel the operation.;NFR;1;0;0;0;0;0;0;0;0;0;0;0;0
3893;hats.pdf_3893;When collecting generated output files from HATS-SML, the HATS-GUI shall overwrite any file whose name is generated automatically.;F;0;1;0;0;0;0;0;0;0;0;0;0;0
3894;hats.pdf_3894;For example, given a transformation language program X.tlp, the file X.tlp.parsed is generated when the parser is executed.;F;0;1;0;0;0;0;0;0;0;0;0;0;0
3895;hats.pdf_3895;If X.tlp.parsed existed prior to executing the parser, it shall be overwritten without prompting the user.;F;0;1;0;0;0;0;0;0;0;0;0;0;0
3896;hats.pdf_3896;When saving or copying files, the HATS-GUI shall use the following sequence of actions: The HATS-GUI shall prompt the user for a file name for the file to be saved, The HATS-GUI shall examine the contents of the application directory. If a file with the given name already exists, the HATS-GUI shall prompt the user to overwrite the existing file, if the user agrees to overwrite the file, the HATS-GUI shall: attempt to write the new file using a temporary name, o delete the previously existing, then rename the new file. If the user does not agree to overwrite the existing file or if system errors occur while writing or renaming the new file or deleting the previous file, the new file shall not be written and the previous file shall be left unchanged. In the case of an error, the HATS-GUI shall notify the user of the error. For example, the user shall be able to save an SDT generated during transformation program execution. If the user specifies the name of an existing file, the existing file is only overwritten after the user confirms that it is permissible to do so.;NFR;1;0;0;0;0;0;0;0;0;0;0;0;0
3897;hats.pdf_3897;Output pretty-printed text files and SDTs shall only be displayed when the user requests.;NFR;1;0;0;0;0;0;0;0;0;0;0;0;0
3898;hats.pdf_3898;The main interface shall be menu driven. ;F;0;1;0;0;0;0;0;0;0;0;0;0;0
3899;hats.pdf_3899;A summary of the menus available is given below in Table 5.;F;0;1;0;0;0;0;0;0;0;0;0;0;0
3900;hats.pdf_3900;Items in the first row of Table 5 are top-level menu items. Items in following rows are second-level menu items.;F;0;1;0;0;0;0;0;0;0;0;0;0;0
3901;hats.pdf_3901;The File menu shall contain menu items related to manipulating individual files and for closing the HATS-GUI application.;F;0;1;0;0;0;0;0;0;0;0;0;0;0
3902;hats.pdf_3902;The Application menu shall contain items related to manipulating entire applications.;F;0;1;0;0;0;0;0;0;0;0;0;0;0
3903;hats.pdf_3903;The Configure menu shall contain items related to modifying the configuration of the application.;F;0;1;0;0;0;0;0;0;0;0;0;0;0
3904;hats.pdf_3904;The Run menu shall contain items related to executing the HATS-SML programs.;F;0;1;0;0;0;0;0;0;0;0;0;0;0
3905;hats.pdf_3905;The View menu shall contain items related to viewing HATS-SML output.;F;0;1;0;0;0;0;0;0;0;0;0;0;0
3906;hats.pdf_3906;The File/Select menu item shall provide an interface for selecting files within the currently open application.;F;0;1;0;0;0;0;0;0;0;0;0;0;0
3907;hats.pdf_3907;The File/Edit menu item shall provide an interface for starting an editor as an external process. ;F;0;1;0;0;0;0;0;0;0;0;0;0;0
3908;hats.pdf_3908;The editor shall be started according to information in the application configuration.;F;0;1;0;0;0;0;0;0;0;0;0;0;0
3909;hats.pdf_3909;The File/Save-as menu item shall provide an interface for saving a previously selected file under a different name.;F;0;1;0;0;0;0;0;0;0;0;0;0;0
3910;hats.pdf_3910;The File/Delete menu item shall provide an interface for deleting a selected file. ;F;0;1;0;0;0;0;0;0;0;0;0;0;0
3911;hats.pdf_3911;The HATS-GUI shall prompt the user to confirm deletion prior to completing this action.;F;0;1;0;0;0;0;0;0;0;0;0;0;0
3912;hats.pdf_3912;The File/Exit menu item shall provide an interface for exiting the HATS-GUI.;F;0;1;0;0;0;0;0;0;0;0;0;0;0
3913;hats.pdf_3913;The Application/Select menu item shall provide an interface for selecting and opening an application.;F;0;1;0;0;0;0;0;0;0;0;0;0;0
3914;hats.pdf_3914;The Application/Close menu item shall provide an interface for closing an application.;F;0;1;0;0;0;0;0;0;0;0;0;0;0
3915;hats.pdf_3915;The Application/Save menu item shall provide an interface for saving application configuration information.;F;0;1;0;0;0;0;0;0;0;0;0;0;0
3916;hats.pdf_3916;The Application/Save-as menu item shall provide an interface for saving an application and its associated files under a different name.;F;0;1;0;0;0;0;0;0;0;0;0;0;0
3917;hats.pdf_3917;The Application/Delete menu item shall provide an interface for deleting an application and all the files in the application directory. ;F;0;1;0;0;0;0;0;0;0;0;0;0;0
3918;hats.pdf_3918;The HATS-GUI shall prompt the user to confirm deletion prior to completing this action.;F;0;1;0;0;0;0;0;0;0;0;0;0;0
3919;hats.pdf_3919;The Configure/Editors menu item shall provide an interface for the user to enter editor configuration information. ;F;0;1;0;0;0;0;0;0;0;0;0;0;0
3920;hats.pdf_3920;This information shall be used when editors are started as processes.;F;0;1;0;0;0;0;0;0;0;0;0;0;0
3921;hats.pdf_3921;The Configure/Node Display menu item shall provide an interface for configuring the display of nodes.;F;0;1;0;0;0;0;0;0;0;0;0;0;0
3922;hats.pdf_3922;The HATS-GUI shall allow the user to specify the number of levels of nodes to expand during SDT viewing.;F;0;1;0;0;0;0;0;0;0;0;0;0;0
3923;hats.pdf_3923;The HATS-GUI shall allow the user to select the colors for types of displayed nodes in a displayed graph. ;F;0;1;0;0;0;0;0;0;0;0;0;0;0
3924;hats.pdf_3924;At a minimum, the system shall provide eight colors (red, yellow, white, black, green, blue, orange, and violet) for displayed nodes.;F;0;1;0;0;0;0;0;0;0;0;0;0;0
3925;hats.pdf_3925;The HATS-GUI shall allow the user to select the shapes for types of displayed nodes in a displayed graph. ;F;0;1;0;0;0;0;0;0;0;0;0;0;0
3926;hats.pdf_3926;At a minimum, the system shall provide two shapes, rectangles and ellipses, for displayed nodes.;F;0;1;0;0;0;0;0;0;0;0;0;0;0
3927;hats.pdf_3927;The Configure/File Associations menu item shall provide an interface for associating files in an application. File associations are shown in Table 6.;F;0;1;0;0;0;0;0;0;0;0;0;0;0
3928;hats.pdf_3928;The Configure/HATS-SML menu item shall provide an interface for the user to enter implementation-dependent information for starting HATS-SML processes.;F;0;1;0;0;0;0;0;0;0;0;0;0;0
3929;hats.pdf_3929;The Run/Generate Parser menu item shall provide an interface for generating a parser program.;F;0;1;0;0;0;0;0;0;0;0;0;0;0
3930;hats.pdf_3930;The Run/Parse Target menu item shall provide an interface for selecting and parsing target programs.;F;0;1;0;0;0;0;0;0;0;0;0;0;0
3931;hats.pdf_3931;The Run/Parse Program menu item shall provide an interface for selecting and parsing transformation language programs.;F;0;1;0;0;0;0;0;0;0;0;0;0;0
3932;hats.pdf_3932;The Run/Execute Transforms menu item shall provide an interface for selecting and executing transformation language programs.;F;0;1;0;0;0;0;0;0;0;0;0;0;0
3933;hats.pdf_3933;The Run/Pretty-print menu item shall provide an interface for selecting SDTs and pretty-print style files and formatting the SDT according to the style.;F;0;1;0;0;0;0;0;0;0;0;0;0;0
3934;hats.pdf_3934;The View/SDT menu item shall provide an interface for viewing, navigating through, and searching SDTs output from the execution of transformation programs.;F;0;1;0;0;0;0;0;0;0;0;0;0;0
3935;hats.pdf_3935;The View/Text menu item shall provide an interface for viewing and searching pretty-printed text. ;F;0;1;0;0;0;0;0;0;0;0;0;0;0
3936;hats.pdf_3936;[SRSreq 36] The View/Standard Error menu item shall provide an interface for viewing error strings collected from HATS-SML.;F;0;1;0;0;0;0;0;0;0;0;0;0;0
3937;hats.pdf_3937;The View/Standard Output menu item shall provide an interface for viewing debugging information collected from HATS-SML.;F;0;1;0;0;0;0;0;0;0;0;0;0;0
3938;hats.pdf_3938;The View/Select Text menu item shall provide an interface for selecting pretty-printed text or text strings associated with SDT displays.;F;0;1;0;0;0;0;0;0;0;0;0;0;0
3939;hats.pdf_3939;The View/Copy Text menu item shall provide an interface for copying selected text into an operating system buffer.;F;0;1;0;0;0;0;0;0;0;0;0;0;0
3940;hats.pdf_3940;The HATS-GUI shall interface with HATS-SML (version 2.0) in order to parse transformation language programs, execute transformation language programs, and create output SDTs, error messages, pretty-printed text, and parsed transformation language programs. ;F;0;1;0;0;0;0;0;0;0;0;0;0;0
3941;hats.pdf_3941;The interface shall consist of starting HATS-SML programs and passing command line arguments and capturing data written to the standard output and standard error streams of the HATS-SML processes.;F;0;1;0;0;0;0;0;0;0;0;0;0;0
3942;hats.pdf_3942;The HATS-SML programs and their command line arguments are described in Appendix D.;F;0;1;0;0;0;0;0;0;0;0;0;0;0
3943;hats.pdf_3943;The GUI shall allow the user to create, modify, copy, or delete applications or files regardless of the current status of HATS-SML.;F;0;1;0;0;0;0;0;0;0;0;0;0;0
3944;hats.pdf_3944;If the HATS-GUI attempts to start a HATS-SML program and fails, the HATS-GUI shall notify the user by displaying the following message: “Unable to start HATS-SML.” ;F;0;1;0;0;0;0;0;0;0;0;0;0;0
3945;hats.pdf_3945;The HATS-GUI shall provide any other details related to the failure that are available from the Host OS.;NFR;1;0;0;0;0;0;0;0;0;0;0;0;0
3946;hats.pdf_3946;Examples of information available from an operating system include indications that a specified file does ot exist, that a file cannot be opened due to file protection violations, or that errors occurred during I/O operations.;NFR;1;0;0;0;0;0;0;0;0;0;0;0;0
3947;hats.pdf_3947;The HATS-GUI shall be able to communicate with Sun Solaris, Linux, and Windows 2000.;F;0;1;0;0;0;0;0;0;0;0;0;0;0
3948;hats.pdf_3948;Data sets shall be saved as files using file names with the appropriate extensions. See Table 3 for description of the files and extensions.;F;0;1;0;0;0;0;0;0;0;0;0;0;0
3949;hats.pdf_3949;The user shall be able to initiate processes from an interface provided by the HATS-GUI. ;F;0;1;0;0;0;0;0;0;0;0;0;0;0
3950;hats.pdf_3950;The HATS-GUI shall optionally pass command line arguments to the process.;F;0;1;0;0;0;0;0;0;0;0;0;0;0
3951;hats.pdf_3951;Command sequences for initiating processes are part of the application configuration.;F;0;1;0;0;0;0;0;0;0;0;0;0;0
3952;hats.pdf_3952;After initiating processes for editing files, the HATS-GUI is not responsible for communications with the process other than passing command line arguments.;F;0;1;0;0;0;0;0;0;0;0;0;0;0
3953;hats.pdf_3953;The HATS-GUI shall interact with the HOST OS file services to perform the following tasks: create new files, delete existing files, open an existing file for read and/or write, read from an open file, write to an open file, close an open file.;F;0;1;0;0;0;0;0;0;0;0;0;0;0
3954;hats.pdf_3954;The HATS-GUI shall interact with the HOST OS to find files in directories. (This capability is necessary for the HATS-GUI to display file lists.);F;0;1;0;0;0;0;0;0;0;0;0;0;0
3955;hats.pdf_3955;The HATS-GUI shall interact with the HOST OS to compare time stamps for files. ;F;0;1;0;0;0;0;0;0;0;0;0;0;0
3956;hats.pdf_3956;Time stamps indicate the date and time of the most recent update to a file.;F;0;1;0;0;0;0;0;0;0;0;0;0;0
3957;hats.pdf_3957;These time stamps must be reported with a precision of one second or less.;F;0;1;0;0;0;0;0;0;0;0;0;0;0
3958;hats.pdf_3958;The HATS-GUI shall allow a user to create an application minimally consisting of a lexical specification file, a grammar file, a user-defined functions file, and application configuration information. The user shall be able to name this application.;F;0;1;0;0;0;0;0;0;0;0;0;0;0
3959;hats.pdf_3959;All files associated with a given application shall be stored in one directory.;F;0;1;0;0;0;0;0;0;0;0;0;0;0
3960;hats.pdf_3960;The directory in which application files are stored shall be named with the application name.;F;0;1;0;0;0;0;0;0;0;0;0;0;0
3961;hats.pdf_3961;There shall be exactly one file describing the lexical specification of inputs associated with an application. It shall have the file extension .spec.;F;0;1;0;0;0;0;0;0;0;0;0;0;0
3962;hats.pdf_3962;There shall be exactly one file describing the grammar of inputs associated with an application. It shall have the file extension .grm.;F;0;1;0;0;0;0;0;0;0;0;0;0;0
3963;hats.pdf_3963;There shall be exactly one file describing the interpretation of function symbols associated with an application. ;F;0;1;0;0;0;0;0;0;0;0;0;0;0
3964;hats.pdf_3964;This file shall be written in ML and have the file extension .lib.;F;0;1;0;0;0;0;0;0;0;0;0;0;0
3965;hats.pdf_3965;The HATS-GUI shall suggest a file name for the user whenever it prompts the user to enter a file name.;F;0;1;0;0;0;0;0;0;0;0;0;0;0
3966;hats.pdf_3966;The HATS-GUI shall suggest the same file name for files copied to a different directory.;F;0;1;0;0;0;0;0;0;0;0;0;0;0
3967;hats.pdf_3967;The HATS-GUI shall suggest a file name with a sequentially numbered extension for files copied to the same directory. For example, if NatLang.txt exists, a suggested file name would be NatLang.txt.2.;F;0;1;0;0;0;0;0;0;0;0;0;0;0
3968;hats.pdf_3968;An application shall have associated with it an application configuration. The application configuration elements are given in Table 6.;F;0;1;0;0;0;0;0;0;0;0;0;0;0
3969;hats.pdf_3969;The HATS-GUI shall display output written to the standard output and standard error streams in a tab-selectable window. ;F;0;1;0;0;0;0;0;0;0;0;0;0;0
3970;hats.pdf_3970;Text in this window shall be cleared prior to executing individual HATS- SML programs, unless the programs are contained in a program script.;F;0;1;0;0;0;0;0;0;0;0;0;0;0
3971;hats.pdf_3971;In the case of a script, the window contents shall be cleared prior to executing the script. Refer to section 3.2.3.2 for a discussion of the execution of script files.;F;0;1;0;0;0;0;0;0;0;0;0;0;0
3972;hats.pdf_3972;The system shall open a new window when the user selects to display output.;F;0;1;0;0;0;0;0;0;0;0;0;0;0
3973;hats.pdf_3973;Display windows opened by the system shall have buttons for closing the windows.;F;0;1;0;0;0;0;0;0;0;0;0;0;0
3974;hats.pdf_3974;A navigation window shall be available. Navigation windows are discussed in section 3.2.3.3.4.;F;0;1;0;0;0;0;0;0;0;0;0;0;0
3975;hats.pdf_3975;Each active display window shall have a mouse cursor, which indicates the location of the pointing device in the window.;F;0;1;0;0;0;0;0;0;0;0;0;0;0
3976;hats.pdf_3976;Each display window shall have a keyboard cursor to track the current location in the display.;F;0;1;0;0;0;0;0;0;0;0;0;0;0
3977;hats.pdf_3977;The keyboard cursor shall be movable by the arrow keys.;F;0;1;0;0;0;0;0;0;0;0;0;0;0
3978;hats.pdf_3978;The keyboard cursor shall be set to the location of the mouse cursor when the pointing device is clicked.;F;0;1;0;0;0;0;0;0;0;0;0;0;0
3979;hats.pdf_3979;When a user selects the File/Select menu item, the HATS-GUI shall provide the user with a list of files in the currently open application and allow the user to select a file. ;F;0;1;0;0;0;0;0;0;0;0;0;0;0
3980;hats.pdf_3980;This file becomes the currently selected file.;F;0;1;0;0;0;0;0;0;0;0;0;0;0
3981;hats.pdf_3981;If no application is currently open, the HATS-GUI will prompt the user to select and open an application, then prompt the user to select a file.;F;0;1;0;0;0;0;0;0;0;0;0;0;0
3982;hats.pdf_3982;When a user selects the File/Save As menu item, the HATS-GUI shall prompt the user to enter a new name. ;F;0;1;0;0;0;0;0;0;0;0;0;0;0
3983;hats.pdf_3983;A new file shall be created in the currently open application with the newly entered file name.;F;0;1;0;0;0;0;0;0;0;0;0;0;0
3984;hats.pdf_3984;The contents of the selected file shall be written into the new file, and the new file shall become the currently selected file.;F;0;1;0;0;0;0;0;0;0;0;0;0;0
3985;hats.pdf_3985;When a user selects the File/Delete menu item, the HATS-GUI shall prompt the user to confirm the deletion operation. ;F;0;1;0;0;0;0;0;0;0;0;0;0;0
3986;hats.pdf_3986;If the user confirms, the currently selected file shall be deleted.;NFR;1;0;0;0;0;0;0;0;0;0;0;0;0
3987;hats.pdf_3987;No file shall be currently selected at the end of this operation.;F;0;1;0;0;0;0;0;0;0;0;0;0;0
3988;hats.pdf_3988;When a user selects the File/Edit menu item, the HATS-GUI shall request that the operating system start a process and load that process with the editor specified by the application configuration. ;F;0;1;0;0;0;0;0;0;0;0;0;0;0
3989;hats.pdf_3989;The name of a selected file shall be passed to the editor as a command line argument.;F;0;1;0;0;0;0;0;0;0;0;0;0;0
3990;hats.pdf_3990;The editor started by the HATS-GUI shall be the editor associated with the file in the application configuration, or if there is no editor associated with the file, then the editor associated with the file type of the file in the application configuration. ;F;0;1;0;0;0;0;0;0;0;0;0;0;0
3991;hats.pdf_3991;If no editor is associated with either the file or the file type, then the default editor shall be used.;F;0;1;0;0;0;0;0;0;0;0;0;0;0
3992;hats.pdf_3992;If no default editor has been selected, then the HATS-GUI shall present a list of the configured editors and allow the user to select an editor.;F;0;1;0;0;0;0;0;0;0;0;0;0;0
3993;hats.pdf_3993;If no editors have been configured, then the HATS-GUI shall inform the user that an editor must be configured before starting an editor.;F;0;1;0;0;0;0;0;0;0;0;0;0;0
3994;hats.pdf_3994;When a user selects the File/Exit menu option, the HATS-GUI shall request the host operating system to kill all currently active HATS-SML processes started by the HATS-GUI and halt the HATS-GUI process.;F;0;1;0;0;0;0;0;0;0;0;0;0;0
3995;hats.pdf_3995;If changes have been made to the configuration but have not been saved, the user shall be prompted to save the configuration. If the user agrees, the configuration shall be saved.;F;0;1;0;0;0;0;0;0;0;0;0;0;0
3996;hats.pdf_3996;If the user does not agree, the configuration shall not be saved.;NFR;1;0;0;0;0;0;0;0;0;0;0;0;0
3997;hats.pdf_3997;When a user selects the Application/Select menu item, the HATS-GUI shall display a list of directory names in the current working directory, allow a user to navigate the directory structure, and allow a user to select a previously created application. ;F;0;1;0;0;0;0;0;0;0;0;0;0;0
3998;hats.pdf_3998;This application becomes the currently selected application.;F;0;1;0;0;0;0;0;0;0;0;0;0;0
3999;hats.pdf_3999;When a user selects the Application/Close menu item, the HATS-GUI shall close the currently selected application. ;F;0;1;0;0;0;0;0;0;0;0;0;0;0
4000;hats.pdf_4000;No application is currently selected at the end of this operation.;F;0;1;0;0;0;0;0;0;0;0;0;0;0
4001;hats.pdf_4001;If changes have been made to the configuration but have not been saved, the user shall be prompted to save the configuration. ;F;0;1;0;0;0;0;0;0;0;0;0;0;0
4002;hats.pdf_4002;If the user agrees, the configuration shall be saved. ;NFR;1;0;0;0;0;0;0;0;0;0;0;0;0
4003;hats.pdf_4003;If the user does not agree, the configuration shall not be saved.;NFR;1;0;0;0;0;0;0;0;0;0;0;0;0
4004;hats.pdf_4004;When a user selects the Application/Save menu item, the HATS-GUI shall save all application configuration information to nonvolatile storage.;NFR;1;0;0;0;0;0;0;0;0;0;0;0;0
4005;hats.pdf_4005;When a user selects the Application/Save As menu item, the HATS-GUI shall prompt the user for a new application name. ;F;0;1;0;0;0;0;0;0;0;0;0;0;0
4006;hats.pdf_4006;The HATS-GUI shall create a new directory at the same level as the currently selected application.;F;0;1;0;0;0;0;0;0;0;0;0;0;0
4007;hats.pdf_4007;All files in the application directory, including all subdirectories, shall be copied to the new directory, and the new directory shall become the currently selected application.;F;0;1;0;0;0;0;0;0;0;0;0;0;0
4008;hats.pdf_4008;When a user selects the Application/Delete menu item, the HATS-GUI shall prompt the user to confirm the deletion operation. ;F;0;1;0;0;0;0;0;0;0;0;0;0;0
4009;hats.pdf_4009;If the user confirms, all files in the application directory shall be deleted and the application directory itself shall be deleted.;F;0;1;0;0;0;0;0;0;0;0;0;0;0
4010;hats.pdf_4010;No application is currently selected at the end of this operation.;F;0;1;0;0;0;0;0;0;0;0;0;0;0
4011;hats.pdf_4011;When deleting an application directory, if the application directory contains a subdirectory, the system shall confirm the deletion of the subdirectory with the user before continuing. ;F;0;1;0;0;0;0;0;0;0;0;0;0;0
4012;hats.pdf_4012;If the user does not confirm the deletion of the subdirectory, the application director shall not be deleted.;F;0;1;0;0;0;0;0;0;0;0;0;0;0
4013;hats.pdf_4013;When a user selects the Configure menu options, the HATS-GUI shall provide a list of elements in the application configuration, allow the user to select an element, then prompt the user for a value for the configuration element. ;F;0;1;0;0;0;0;0;0;0;0;0;0;0
4014;hats.pdf_4014;The application configuration elements are given in Section 3.2.1.1. This information becomes part of the application configuration.;F;0;1;0;0;0;0;0;0;0;0;0;0;0
4015;hats.pdf_4015;When a user selects the Run/Generate Parser menu option, the HATS-GUI shall generate the parser using the MakeParser HATS-SML program as described in Appendix D.;F;0;1;0;0;0;0;0;0;0;0;0;0;0
4016;hats.pdf_4016;When a user selects the Run/Parse Target menu option, the HATS-GUI shall parse the selected target program by using the ParseTarget HATS-SML programs as described in Appendix D. ;F;0;1;0;0;0;0;0;0;0;0;0;0;0
4017;hats.pdf_4017;If no target program is selected, the HATS-GUI shall first prompt the user to select a target program.;F;0;1;0;0;0;0;0;0;0;0;0;0;0
4018;hats.pdf_4018;When a user selects the Run/Parse Program menu option, the HATS-GUI shall parse the selected transformation language program by using the ParseTlp HATS-SML programs as described in Appendix D.;F;0;1;0;0;0;0;0;0;0;0;0;0;0
4019;hats.pdf_4019;If no target program is selected, the HATS-GUI shall first prompt the user to select a transformation language program.;F;0;1;0;0;0;0;0;0;0;0;0;0;0
4020;hats.pdf_4020;When a user selects the Run/Execute Transforms menu option, the HATS-GUI shall execute the ApplyTransformations HATS-SML programs as described in Appendix D. This process is further described in Section 3.2.3.;F;0;1;0;0;0;0;0;0;0;0;0;0;0
4021;hats.pdf_4021;When a user selects the Run/Pretty-print menu option, the HATS-GUI shall execute the Pretty- print HATS-SML programs as described in Appendix D. This process is further described in Section 3.2.3.;F;0;1;0;0;0;0;0;0;0;0;0;0;0
4022;hats.pdf_4022;When a user selects the View/SDT menu option, the HATS-GUI shall prompt the user to select an SDT file in the current application.;F;0;1;0;0;0;0;0;0;0;0;0;0;0
4023;hats.pdf_4023;The file list shall include SDTs in the application. The viewing of outputs is detailed in Section 3.2.3.;F;0;1;0;0;0;0;0;0;0;0;0;0;0
4024;hats.pdf_4024;When a user selects the View/Text menu option, the HATS-GUI shall prompt a user to select a pretty-printed text file in the current application. The viewing of text outputs is detailed in Section 3.2.3.;F;0;1;0;0;0;0;0;0;0;0;0;0;0
4025;hats.pdf_4025;When a user selects the View/Standard Error menu option, the HATS-GUI shall display the standard error screen showing all outputs written to the standard error stream since the most recent clearing of this data. The viewing of errors is detailed in Section 3.2.3.;NFR;1;0;0;0;0;0;0;0;0;0;0;0;0
4026;hats.pdf_4026;When a user selects the View/Standard Output menu option, the HATS-GUI shall display the standard error screen showing all outputs written to the standard output stream since the most recent clearing of this data. The viewing of output is detailed in Section 3.2.3.;F;0;1;0;0;0;0;0;0;0;0;0;0;0
4027;hats.pdf_4027;When viewing an SDT, a single left mouse click on an expandable displayed node shall expand the node by displaying the node’s children or collapse the node by hiding the node’s children.;F;0;1;0;0;0;0;0;0;0;0;0;0;0
4028;hats.pdf_4028;When a displayed node is expanded, the number of levels of children added to the displayed graph shall be determined by the application configuration.;F;0;1;0;0;0;0;0;0;0;0;0;0;0
4029;hats.pdf_4029;When viewing an SDT, a single left mouse click on an already-expanded displayed node shall collapse the displayed node. ;F;0;1;0;0;0;0;0;0;0;0;0;0;0
4030;hats.pdf_4030;When a displayed node is collapsed, all descendants of the node are removed from the displayed graph.;NFR;1;0;0;0;0;0;0;0;0;0;0;0;0
4031;hats.pdf_4031; The GUI shall allow the user to import a file into the selected application. ;F;0;1;0;0;0;0;0;0;0;0;0;0;0
4032;hats.pdf_4032;Importing a file consists of copying the file into the application directory.;F;0;1;0;0;0;0;0;0;0;0;0;0;0
4033;hats.pdf_4033;The HATS-GUI shall use the protocol and program signatures listed in Appendix D when executing HATS-SML programs.;F;0;1;0;0;0;0;0;0;0;0;0;0;0
4034;hats.pdf_4034;"To perform a transformation in an application, the HATS-GUI shall execute the following sequence of actions: The HATS-GUI shall confirm that the transformation language program exists. (It is an error if the program does not exist.), The HATS-GUI shall check that the parser file is younger than the grammar and lexical specification files and that the parser file was generated from the grammar and lexical specification files; If this is not the case, the HATS-GUI shall generate a new parser file, The HATS-GUI shall check that a parsed version of the transformation language program exists and is younger than the parser file and the transformation language program file; If it is not, the HATS-GUI shall generate a new parsed version of the transformation language program, The HATS-GUI shall start the FindTarget program using the transformation language program as input, The HATS-GUI shall take the list of target program files generated by FindTarget, and for each file in the list it shall check that a parsed version of the target program exists and is younger than the target parser file and the target program file; If it is not, the HATS-GUI shall generate a new parsed version of the target program. The HATS-GUI shall start the ApplyTransformation program in HATS-SML and pass the parsed transformation language program file name, the user defined library file name, and the output file name to the ApplyTransformation program. The HATS-GUI shall redirect the standard output and standard error streams and capture any text written to those streams.";F;0;1;0;0;0;0;0;0;0;0;0;0;0
4035;hats.pdf_4035;The HATS-GUI shall allow the user to continue working while transformations are taking place. ;F;0;1;0;0;0;0;0;0;0;0;0;0;0
4036;hats.pdf_4036;Thus a user shall be able to edit files, view output, and transmit other problems to HATS-SML while waiting for HATS-SML to generate output.;F;0;1;0;0;0;0;0;0;0;0;0;0;0
4037;hats.pdf_4037;The HATS-GUI shall allow the user to execute a script file. ;F;0;1;0;0;0;0;0;0;0;0;0;0;0
4038;hats.pdf_4038;A script file shall contain a linear sequence of HATS-SML programs.;F;0;1;0;0;0;0;0;0;0;0;0;0;0
4039;hats.pdf_4039;The HATS-GUI shall begin with the first command and execute the commands sequentially until either an error occurs or all commands in the script file have been executed.;F;0;1;0;0;0;0;0;0;0;0;0;0;0
4040;hats.pdf_4040;Prior to starting the execution of a script file, the display screens for the standard error and the standard output shall be cleared.;F;0;1;0;0;0;0;0;0;0;0;0;0;0
4041;hats.pdf_4041;The HATS-GUI shall allow a user to select output files in the application to display.;F;0;1;0;0;0;0;0;0;0;0;0;0;0
4042;hats.pdf_4042;The HATS-GUI shall allow a user to display selected output files. The manner in which the output is displayed shall depend on the type of the output.;F;0;1;0;0;0;0;0;0;0;0;0;0;0
4043;hats.pdf_4043;The user shall be able to select an arbitrary set of displayed nodes in a displayed graph. ;NFR;1;0;0;0;0;0;0;0;0;0;0;0;0
4044;hats.pdf_4044;Selected displayed nodes shall be indicated visually.;F;0;1;0;0;0;0;0;0;0;0;0;0;0
4045;hats.pdf_4045;The following methods shall be used to select displayed nodes.;F;0;1;0;0;0;0;0;0;0;0;0;0;0
4046;hats.pdf_4046;A single node shall be selected by right-clicking the mouse cursor on the node.;F;0;1;0;0;0;0;0;0;0;0;0;0;0
4047;hats.pdf_4047;A single node shall be selected by moving the keyboard cursor to the node (using the tab key) and pressing the enter key.;F;0;1;0;0;0;0;0;0;0;0;0;0;0
4048;hats.pdf_4048;Clicking and dragging the pointing device selection rectangle around a set of displayed nodes shall select a set of adjacent nodes.;F;0;1;0;0;0;0;0;0;0;0;0;0;0
4049;hats.pdf_4049;A set of nodes shall be selected by holding the shift key while selecting nodes using the methods specified previously in this section.;F;0;1;0;0;0;0;0;0;0;0;0;0;0
4050;hats.pdf_4050;"The user shall be able to deselect all selected displayed nodes by clicking either the right or left mouse buttons while the mouse cursor is not pointed at anyisplayed nodes and the shift key is not depressed; or by escape key";F;0;1;0;0;0;0;0;0;0;0;0;0;0
4051;hats.pdf_4051;When viewing an SDT, selecting nodes shall result in the highlight of all displayed nodes in the smallest well-formed tree of the selected nodes.;F;0;1;0;0;0;0;0;0;0;0;0;0;0
4052;hats.pdf_4052;When the system displays a navigation window, the user shall be able to select a current SDT location by clicking the mouse cursor in the navigation window. ;F;0;1;0;0;0;0;0;0;0;0;0;0;0
4053;hats.pdf_4053;The center of the displayed graph will be the displayed node closest to the mouse cursor when the mouse is clicked.;F;0;1;0;0;0;0;0;0;0;0;0;0;0
4054;hats.pdf_4054;When both an SDT and a pretty-printed text display corresponding to a single transformed target file are open, highlighting and cursor location motion shall be mirrored in the two windows. ;F;0;1;0;0;0;0;0;0;0;0;0;0;0
4055;hats.pdf_4055;Thus, when a displayed node is selected in the SDT display, the corresponding text in the pretty- print window is highlighted. When the user scrolls to the end of the pretty-printed text display, the display of the SDT should also scroll to the corresponding displayed nodes.;F;0;1;0;0;0;0;0;0;0;0;0;0;0
4056;hats.pdf_4056;The user shall be able to resize windows dynamically. When displayed graph windows are resized, the HATS-GUI shall respond by utilizing the space available.;F;0;1;0;0;0;0;0;0;0;0;0;0;0
4057;hats.pdf_4057;The display of an SDT shall also result in the display of text from leaf nodes in a text display area.;F;0;1;0;0;0;0;0;0;0;0;0;0;0
4058;hats.pdf_4058;The text displayed in the text display area shall correspond to the concatenation of the node labels (separated by spaces) of the leaf nodes of the displayed graph (in-order traversal, left to right).;F;0;1;0;0;0;0;0;0;0;0;0;0;0
4059;hats.pdf_4059;If a leaf displayed node corresponds to a non-terminal SDT node, the label in the text window shall be surrounded by pointed brackets (<>). For example, if a non-terminal TERM appears in a leaf node, its text representation shall be <TERM>. Appendix G gives an example of the display of text associated with an SDT.;F;0;1;0;0;0;0;0;0;0;0;0;0;0
4060;hats.pdf_4060;The HATS-GUI shall provide for the copying of text from the text display area to a system buffer available for pasting into other applications (such as an editor).;F;0;1;0;0;0;0;0;0;0;0;0;0;0
4061;hats.pdf_4061;The user shall be able to display more than one SDT at a time. Each SDT shall be displayed in a separate window.;F;0;1;0;0;0;0;0;0;0;0;0;0;0
4062;hats.pdf_4062;The HATS-GUI shall provide for the manipulation and display of SDTs.;F;0;1;0;0;0;0;0;0;0;0;0;0;0
4063;hats.pdf_4063;SDTs shall be displayed as directed acyclic graphs with nodes and edges. Nodes in the displayed graph correspond to nodes in the SDT. ;F;0;1;0;0;0;0;0;0;0;0;0;0;0
4064;hats.pdf_4064;Edges in the displayed graph correspond to the parent- child relationship between nodes in the SDT.;F;0;1;0;0;0;0;0;0;0;0;0;0;0
4065;hats.pdf_4065;Initially, a displayed graph will have a single displayed node. That node will correspond to the root of the SDT.;F;0;1;0;0;0;0;0;0;0;0;0;0;0
4066;hats.pdf_4066;When a displayed node and its children are displayed simultaneously, the parent node shall be displayed higher than the children.;F;0;1;0;0;0;0;0;0;0;0;0;0;0
4067;hats.pdf_4067;All displayed children of a single node shall appear at the same height.;F;0;1;0;0;0;0;0;0;0;0;0;0;0
4068;hats.pdf_4068;The user shall be able to control the display by choosing the color and shapes of displayed nodes based on node type. ;F;0;1;0;0;0;0;0;0;0;0;0;0;0
4069;hats.pdf_4069;The HATS-GUI shall use the shape and color of displayed node types stored in the application configuration to display nodes.;F;0;1;0;0;0;0;0;0;0;0;0;0;0
4070;hats.pdf_4070;The user shall be able to expand displayed nodes (provided it is possible to expand the selected nodes). ;F;0;1;0;0;0;0;0;0;0;0;0;0;0
4071;hats.pdf_4071;The HATS-GUI shall change the graph display by adding the descendant nodes to the displayed graph (thus changing the expandable nodes to internal nodes).;F;0;1;0;0;0;0;0;0;0;0;0;0;0
4072;hats.pdf_4072;The user shall be able to collapse displayed nodes. ;NFR;1;0;0;0;0;0;0;0;0;0;0;0;0
4073;hats.pdf_4073;The HATS-GUI shall change the displayed graph by removing all descendants of the selected displayed nodes (thus changing the internal nodes to non-expandable leaf nodes).;F;0;1;0;0;0;0;0;0;0;0;0;0;0
4074;hats.pdf_4074;The user shall be able to hide a set of selected displayed nodes. ;NFR;1;0;0;0;0;0;0;0;0;0;0;0;0
4075;hats.pdf_4075;The HATS-GUI shall change the display by removing the selected nodes from the display and changing the parent and descendant nodes of the removed nodes to nodes with hidden descendants and parents, respectively.;F;0;1;0;0;0;0;0;0;0;0;0;0;0
4076;hats.pdf_4076;The user shall be able to issue an unhide instruction that reverses the hide instruction for all displayed nodes.;F;0;1;0;0;0;0;0;0;0;0;0;0;0
4077;hats.pdf_4077;After issuing the unhide instruction, a user shall be able to issue a rehide instruction that reverses the unhide instruction. ;NFR;1;0;0;0;0;0;0;0;0;0;0;0;0
4078;hats.pdf_4078;All displayed nodes hidden before the most recent unhide instruction shall become hidden.;NFR;1;0;0;0;0;0;0;0;0;0;0;0;0
4079;hats.pdf_4079;The HATS-GUI shall allow the user to expand the SDT by a predetermined number of node levels. ;F;0;1;0;0;0;0;0;0;0;0;0;0;0
4080;hats.pdf_4080;The number of levels expanded is set in the application configuration.;F;0;1;0;0;0;0;0;0;0;0;0;0;0
4081;hats.pdf_4081;The HATS-GUI shall provide the function to fully expand a sub-tree regardless of the node expansion level in the application configuration.;F;0;1;0;0;0;0;0;0;0;0;0;0;0
4082;hats.pdf_4082;The user shall be able to view multiple SDTs simultaneously.;F;0;1;0;0;0;0;0;0;0;0;0;0;0
4083;hats.pdf_4083;If a displayed graph or a text display is too large to fit inside its window, the windows shall have scroll bars attached to them. ;F;0;1;0;0;0;0;0;0;0;0;0;0;0
4084;hats.pdf_4084;Dragging scrollbar buttons shall scroll the display. Pressing the arrow keys of the keyboard shall also scroll the display.;F;0;1;0;0;0;0;0;0;0;0;0;0;0
4085;hats.pdf_4085;"For text windows, the keyboard cursor location shall move according the following rules: A left arrow key moves the cursor to the left one character, If the cursor is at the beginning of a line, the cursor is moved to the end of the previous line; If there is no previous line, the cursor does not move. A right arrow key moves the cursor to the right one character; If the cursor is at the end of a line, the cursor is moved to the first character of the next line. If there is no line after the current line, the cursor is not moved; An up arrow key moves the cursor up one line; If there is text in the same column, the column does not change; If there is no text in the column above the current cursor location, the cursor is moved to the end of the previous line. (A space is considered text.) A down arrow key moves the cursor down one line; If there is text in the same column, the column does not change. If there is no text in the column below the current cursor location, the cursor is moved to the end of the previous line. (A space is considered text.)";F;0;1;0;0;0;0;0;0;0;0;0;0;0
4086;hats.pdf_4086;"For displayed graph windows, the keyboard cursor location shall move according the following rules: A left arrow key moves the cursor to the next unhidden node to the left; The node to the left does not need to be a sibling of the current node, but it does need to be at the same level as the current node; If there are no nodes to the left, the cursor does not move, A right arrow key moves the cursor to the next unhidden node to the right. The node to the right does not need to be a sibling of the current node, but it does need to be at the same level as the current node; If there are no nodes to the right, the cursor does not move. An up arrow key moves the cursor to the closest ancestor that is not hidden. If there is no such node, the cursor does not move. An down arrow key moves the cursor to the leftmost, nearest descendant that is not hidden; If there is no such node, the cursor does not move.";F;0;1;0;0;0;0;0;0;0;0;0;0;0
4087;hats.pdf_4087;The pointing-device cursor shall track the motion of the pointing device. ;F;0;1;0;0;0;0;0;0;0;0;0;0;0
4088;hats.pdf_4088;The keyboard cursor shall move to the text element or graph node closest to the pointing-device cursor when the pointing device is clicked.;F;0;1;0;0;0;0;0;0;0;0;0;0;0
4089;hats.pdf_4089;If the displayed graph of the entire SDT is too large for the window, a separate, small window with a compressed view of the SDT shall be displayed. ;F;0;1;0;0;0;0;0;0;0;0;0;0;0
4090;hats.pdf_4090;The compressed view is called the navigation window display. In this navigation window, a representation of the entire SDT will be drawn.;F;0;1;0;0;0;0;0;0;0;0;0;0;0
4091;hats.pdf_4091;A small box will be displayed showing the part of the SDT currently displayed in the main tree display window.;F;0;1;0;0;0;0;0;0;0;0;0;0;0
4092;hats.pdf_4092;The user shall be able to turn the navigation window on and off.;NFR;1;0;0;0;0;0;0;0;0;0;0;0;0
4093;hats.pdf_4093;The HATS-GUI shall provide the user the capability to search SDTs. The search criteria are described in Appendix E. The user shall enter a search pattern (see Appendix E and the following requirement). ;F;0;1;0;0;0;0;0;0;0;0;0;0;0
4094;hats.pdf_4094;The HATS-GUI shall search the SDT for a matching pattern.;F;0;1;0;0;0;0;0;0;0;0;0;0;0
4095;hats.pdf_4095;When a match is found, the HATS-GUI shall highlight the matching displayed nodes and center the display on the left-most, top-level displayed node in the matching pattern. ;F;0;1;0;0;0;0;0;0;0;0;0;0;0
4096;hats.pdf_4096;The keyboard cursor is set to this node. If no matches are found, the HATS-GUI shall display a message stating “No Match Found.”;F;0;1;0;0;0;0;0;0;0;0;0;0;0
4097;hats.pdf_4097;To initiate an SDT search, the user shall be able to use the following sequence of actions: The user selects a set of nodes using the mouse cursor, The user presses the Ctrl-Insert key combination, The user selects the tree search option, The HATS-GUI presents a prompt for entering the search pattern, The user presses the Ctrl-Shift-Insert key combination, The HATS-GUI fills the search pattern entry box with text concatenated from the nodes highlighted at the time of the Ctrl-Insert key press, The user selects initiation of search.;F;0;1;0;0;0;0;0;0;0;0;0;0;0
4098;hats.pdf_4098;When searching for SDT patterns, search begins at the SDT node corresponding to the node at the current keyboard cursor location. ;F;0;1;0;0;0;0;0;0;0;0;0;0;0
4099;hats.pdf_4099;This becomes the original starting location. Search continues top-to-bottom, left-to-right until the end of the SDT is encountered.;F;0;1;0;0;0;0;0;0;0;0;0;0;0
4100;hats.pdf_4100;When the end of the SDT is encountered, search will continue from the root of the SDT until arriving back at the starting location.;F;0;1;0;0;0;0;0;0;0;0;0;0;0
4101;hats.pdf_4101;The HATS-GUI shall provide for repeating a search. ;F;0;1;0;0;0;0;0;0;0;0;0;0;0
4102;hats.pdf_4102;Repeating a search shall find the next matching sub-tree starting from the current keyboard cursor location.;F;0;1;0;0;0;0;0;0;0;0;0;0;0
4103;hats.pdf_4103;Search terminates when either a matching sub-tree is found or the search arrives at the original starting location.;F;0;1;0;0;0;0;0;0;0;0;0;0;0
4104;hats.pdf_4104;The HATS-GUI shall provide for repeating a search in the reverse direction. ;F;0;1;0;0;0;0;0;0;0;0;0;0;0
4105;hats.pdf_4105;Searching in the reverse direction continues right-to-left, bottom-to-top.;F;0;1;0;0;0;0;0;0;0;0;0;0;0
4106;hats.pdf_4106;Search terminates when either a matching sub-tree is found or the search arrives at the original starting location.;F;0;1;0;0;0;0;0;0;0;0;0;0;0
4107;hats.pdf_4107;The HATS-GUI shall provide the user the capability to search the text display for text sub-strings. The search criteria are described in Appendix F. ;F;0;1;0;0;0;0;0;0;0;0;0;0;0
4108;hats.pdf_4108;The user shall be prompted to enter a text string describing a string pattern.;F;0;1;0;0;0;0;0;0;0;0;0;0;0
4109;hats.pdf_4109;The HATS-GUI shall search the text for a matching pattern. ;F;0;1;0;0;0;0;0;0;0;0;0;0;0
4110;hats.pdf_4110;When a match is found, the HATS-GUI shall highlight the matching text and center the display on the left-most element of the matching text.;F;0;1;0;0;0;0;0;0;0;0;0;0;0
4111;hats.pdf_4111; If no matches are found, the HATS-GUI shall display a message stating “No Match Found.”;F;0;1;0;0;0;0;0;0;0;0;0;0;0
4112;hats.pdf_4112;When searching for text patterns, search begins at the current keyboard cursor location and continues left-to-right, top-to-bottom until the end of the text is encountered. ;F;0;1;0;0;0;0;0;0;0;0;0;0;0
4113;hats.pdf_4113;When the end of the text is encountered, search will continue from the start of the text until arriving back at the starting location.;F;0;1;0;0;0;0;0;0;0;0;0;0;0
4114;hats.pdf_4114;The formatting of the displayed pretty-printed text shall be faithful to the formatting represented in the pretty-printed text file. ;F;0;1;0;0;0;0;0;0;0;0;0;0;0
4115;hats.pdf_4115;No additional white space shall be inserted, and a fixed width font shall be used to display the text.;F;0;1;0;0;0;0;0;0;0;0;0;0;0
4116;hats.pdf_4116;The user shall be able to select pretty-printed text files to display.;F;0;1;0;0;0;0;0;0;0;0;0;0;0
4117;hats.pdf_4117;Selected pretty-printed text shall be displayed in a separate window.;F;0;1;0;0;0;0;0;0;0;0;0;0;0
4118;hats.pdf_4118;Windows for pretty-printed text shall allow for scrolling left, right, up, and down if the text is too large to display in the window.;F;0;1;0;0;0;0;0;0;0;0;0;0;0
4119;hats.pdf_4119;When searching for text patterns, search begins at the location of the keyboard cursor and continues left-to-right, top-to-bottom until the end of the text is encountered.;F;0;1;0;0;0;0;0;0;0;0;0;0;0
4120;hats.pdf_4120;When the end of the text is encountered, search will continue from the start of the text until arriving back at the starting location.;F;0;1;0;0;0;0;0;0;0;0;0;0;0
4121;hats.pdf_4121;The HATS-GUI shall not halt as a result of any error messages received from HATS-SML.;F;0;1;0;0;0;0;0;0;0;0;0;0;0
4122;hats.pdf_4122;The HATS-GUI shall collect error messages from HATS-SML in a single display area. ;F;0;1;0;0;0;0;0;0;0;0;0;0;0
4123;hats.pdf_4123;This display area shall be initially clear, and shall contain all error messages generated by HATS-SML since the HATS-GUI was started.;F;0;1;0;0;0;0;0;0;0;0;0;0;0
4124;hats.pdf_4124;The display area shall be a window accessible via a window tab. ;F;0;1;0;0;0;0;0;0;0;0;0;0;0
4125;hats.pdf_4125;The display shall list all error received from HATS-SML in the order received.;F;0;1;0;0;0;0;0;0;0;0;0;0;0
4126;hats.pdf_4126;Errors shall not be displayed until requested by the user.;NFR;1;0;0;0;0;0;0;0;0;0;0;0;0
4127;hats.pdf_4127;The user shall be able to clear the error window without restarting the HATS-GUI.;F;0;1;0;0;0;0;0;0;0;0;0;0;0
4128;hats.pdf_4128;When both an SDT and a pretty-printed text display corresponding to a single transformed target file are open, navigation in the SDT window shall result in navigation in the pretty-printed text window. ;F;0;1;0;0;0;0;0;0;0;0;0;0;0
4129;hats.pdf_4129;Searching, selecting, and cursor location motion should be mirrored in the two windows.;F;0;1;0;0;0;0;0;0;0;0;0;0;0
4130;hats.pdf_4130;Specifically, when a node is selected in the displayed graph, the corresponding text in the pretty-print window is highlighted.;F;0;1;0;0;0;0;0;0;0;0;0;0;0
4131;hats.pdf_4131;For this purpose, the corresponding text is all the text that  corresponds to terminal nodes of the SDT that are descendants of the SDT nodes that correspond to the selected display nodes.;F;0;1;0;0;0;0;0;0;0;0;0;0;0
4132;hats.pdf_4132;When both an SDT and a pretty-printed text display corresponding to a single transformed target file are open, navigation in the pretty-printed text window shall result in navigation in the SDT display. ;F;0;1;0;0;0;0;0;0;0;0;0;0;0
4133;hats.pdf_4133;Selecting, and cursor location motion should be mirrored in the two windows.;F;0;1;0;0;0;0;0;0;0;0;0;0;0
4134;hats.pdf_4134;Specifically, when text is selected in the text window, the displayed nodes corresponding nodes in the SDT are highlighted.;F;0;1;0;0;0;0;0;0;0;0;0;0;0
4135;hats.pdf_4135;The HATS-GUI shall display and SDT with 10,000 nodes in five seconds or less.;F;0;1;0;0;0;0;0;0;0;0;0;0;0
4136;hats.pdf_4136;The HATS-GUI shall display 1,000,000 node SDTs in the same amount of time, plus or minus two seconds, as it takes to display a 10,000 node SDT.;F;0;1;0;0;0;0;0;0;0;0;0;0;0
4137;hats.pdf_4137;The HATS-GUI shall allow a user to request transformations while HATS-SML is performing transformations or parsing.;F;0;1;0;0;0;0;0;0;0;0;0;0;0
4138;hats.pdf_4138;The HATS-GUI shall allow a user to navigate through the display of an SDT with 10,000 nodes so that scrolling a screen width with any portion of the SDT displayed takes less than 3 seconds.;F;0;1;0;0;0;0;0;0;0;0;0;0;0
4139;hats.pdf_4139;The complexity of the text search algorithm shall not exceed O(n2) for n nodes.;F;0;1;0;0;0;0;0;0;0;0;0;0;0
4140;hats.pdf_4140;The complexity of the tree search algorithm shall not exceed O(n2) for n nodes.;F;0;1;0;0;0;0;0;0;0;0;0;0;0
4141;hats.pdf_4141;The complexity of the scrolling algorithms for text and displayed graphs shall not exceed O(n2) for n displayed nodes.;F;0;1;0;0;0;0;0;0;0;0;0;0;0
4142;hats.pdf_4142;The user shall not be required to log in or authenticate his/her identity when using the system.;NFR;1;0;0;0;0;0;0;0;0;0;0;0;0
4143;hats.pdf_4143;The GUI shall run on Windows 2000, Sun Solaris 8, and Linux operating systems without modification of the Java code.;F;0;1;0;0;0;0;0;0;0;0;0;0;0
4144;hats.pdf_4144;The system shall be implemented in the Java 1.3 programming language.;F;0;1;0;0;0;0;0;0;0;0;0;0;0
4145;hats.pdf_4145;One algorithm for displaying an SDT has been implemented and found to be unacceptable: Draw SDT into large virtual window with a smaller viewing area, Zoom in on portions of the tree.;F;0;1;0;0;0;0;0;0;0;0;0;0;0
